-- phpMyAdmin SQL Dump
-- version 4.8.5
-- https://www.phpmyadmin.net/
--
-- Host: 127.0.0.1
-- Generation Time: Nov 10, 2019 at 07:45 PM
-- Server version: 10.1.38-MariaDB
-- PHP Version: 7.3.2

SET SQL_MODE = "NO_AUTO_VALUE_ON_ZERO";
SET AUTOCOMMIT = 0;
START TRANSACTION;
SET time_zone = "+00:00";


/*!40101 SET @OLD_CHARACTER_SET_CLIENT=@@CHARACTER_SET_CLIENT */;
/*!40101 SET @OLD_CHARACTER_SET_RESULTS=@@CHARACTER_SET_RESULTS */;
/*!40101 SET @OLD_COLLATION_CONNECTION=@@COLLATION_CONNECTION */;
/*!40101 SET NAMES utf8mb4 */;

--
-- Database: `law5`
--

-- --------------------------------------------------------

--
-- Table structure for table `actions`
--

CREATE TABLE `actions` (
  `id` bigint(20) UNSIGNED NOT NULL,
  `nameEn` varchar(255) COLLATE utf8mb4_unicode_ci NOT NULL,
  `nameAr` varchar(255) COLLATE utf8mb4_unicode_ci NOT NULL,
  `key` varchar(255) COLLATE utf8mb4_unicode_ci NOT NULL
) ENGINE=InnoDB DEFAULT CHARSET=utf8mb4 COLLATE=utf8mb4_unicode_ci;

--
-- Dumping data for table `actions`
--

INSERT INTO `actions` (`id`, `nameEn`, `nameAr`, `key`) VALUES
(1, 'Create', 'إنشاء', 'Create'),
(2, 'Assign', 'تعيين', 'Assign'),
(3, 'Start review', 'ابدأ المراجعة', 'Start review'),
(4, 'Save', 'حفظ', 'Save'),
(5, 'End Review', 'تمت المراجعه', 'End Review'),
(6, 'AutoEndReview', 'تمت المراجه تلقائيا', 'AutoEndReview'),
(7, 'View', 'يراجع', 'View'),
(8, 'Accept', 'مقبول', 'Accept'),
(9, 'Confirm', 'تأكيد', 'Confirm'),
(10, 'Approve', 'موافقة', 'Approve'),
(11, 'Return', 'رجوع', 'Return'),
(12, 'Validate', 'التحقق من صحة', 'Validate'),
(13, 'Decline', 'مرفوض', 'Decline'),
(14, 'ChangeChamber', 'تغير الغرفه', 'ChangeChamber'),
(15, 'ReturnToEmployee', 'ارجاعه للموظف\r\n\r\n', 'ReturnToEmployee'),
(16, 'Resend', 'اعاده ارسال', 'Resend'),
(17, 'Issue Certificates', 'اصدار الشهادات', 'IssueCertificates');

-- --------------------------------------------------------

--
-- Table structure for table `applicants`
--

CREATE TABLE `applicants` (
  `id` int(10) UNSIGNED NOT NULL,
  `facilityName` text COLLATE utf8mb4_unicode_ci,
  `legalEntityIdentifier` varchar(255) COLLATE utf8mb4_unicode_ci DEFAULT NULL,
  `managerName` varchar(255) COLLATE utf8mb4_unicode_ci DEFAULT NULL,
  `sectorId` int(10) UNSIGNED DEFAULT NULL,
  `userId` int(10) UNSIGNED NOT NULL,
  `isInsideIndusterialArea` tinyint(1) DEFAULT NULL,
  `governorateId` int(10) UNSIGNED DEFAULT NULL,
  `cityId` int(10) UNSIGNED DEFAULT NULL,
  `indusrialAreaName` varchar(255) COLLATE utf8mb4_unicode_ci DEFAULT NULL,
  `blockNumber` varchar(255) COLLATE utf8mb4_unicode_ci DEFAULT NULL,
  `areaNumber` varchar(255) COLLATE utf8mb4_unicode_ci DEFAULT NULL,
  `areaOrDistrict` varchar(255) COLLATE utf8mb4_unicode_ci DEFAULT NULL,
  `buildingNumber` varchar(255) COLLATE utf8mb4_unicode_ci DEFAULT NULL,
  `telephone` varchar(255) COLLATE utf8mb4_unicode_ci DEFAULT NULL,
  `fax` varchar(255) COLLATE utf8mb4_unicode_ci DEFAULT NULL,
  `authorityAcceptanceNumber` varchar(255) COLLATE utf8mb4_unicode_ci DEFAULT NULL,
  `commercialRecord` varchar(255) COLLATE utf8mb4_unicode_ci DEFAULT NULL,
  `licenseNumber` varchar(255) COLLATE utf8mb4_unicode_ci DEFAULT NULL,
  `factoryArea` double(15,2) DEFAULT NULL,
  `investmentCostAtConstructionTime` double(15,2) DEFAULT NULL,
  `currentInvestmentCosts` double(15,2) DEFAULT NULL,
  `taxCard` varchar(255) COLLATE utf8mb4_unicode_ci DEFAULT NULL,
  `extentOfEnvironmentalConditionsImplementationAndTrashDisposal` double(15,2) DEFAULT NULL,
  `extentOfDangerousMaterialsUsage` double(15,2) DEFAULT NULL,
  `experienceTypeId` int(10) UNSIGNED DEFAULT NULL,
  `annualInsuranceValue` double(15,2) DEFAULT NULL,
  `certificatesAndExtentOfSpecificationsMatching` varchar(255) COLLATE utf8mb4_unicode_ci DEFAULT NULL,
  `insuredWorkersCount` int(10) UNSIGNED DEFAULT NULL,
  `entryNumberInIndusterialRecord` varchar(255) COLLATE utf8mb4_unicode_ci DEFAULT NULL,
  `yearOfFirstCertificate` int(10) UNSIGNED DEFAULT NULL,
  `expirationDate` date DEFAULT NULL,
  `created_at` timestamp NULL DEFAULT NULL,
  `updated_at` timestamp NULL DEFAULT NULL,
  `deleted_at` timestamp NULL DEFAULT NULL
) ENGINE=InnoDB DEFAULT CHARSET=utf8mb4 COLLATE=utf8mb4_unicode_ci;

--
-- Dumping data for table `applicants`
--

INSERT INTO `applicants` (`id`, `facilityName`, `legalEntityIdentifier`, `managerName`, `sectorId`, `userId`, `isInsideIndusterialArea`, `governorateId`, `cityId`, `indusrialAreaName`, `blockNumber`, `areaNumber`, `areaOrDistrict`, `buildingNumber`, `telephone`, `fax`, `authorityAcceptanceNumber`, `commercialRecord`, `licenseNumber`, `factoryArea`, `investmentCostAtConstructionTime`, `currentInvestmentCosts`, `taxCard`, `extentOfEnvironmentalConditionsImplementationAndTrashDisposal`, `extentOfDangerousMaterialsUsage`, `experienceTypeId`, `annualInsuranceValue`, `certificatesAndExtentOfSpecificationsMatching`, `insuredWorkersCount`, `entryNumberInIndusterialRecord`, `yearOfFirstCertificate`, `expirationDate`, `created_at`, `updated_at`, `deleted_at`) VALUES
(1, 'شركه حديد وصلب', '7122446', 'محمد محمود محمد ', 2, 15, 1, 27, 215, 'برج العرب', '100', '12', NULL, NULL, '01021952160', '1256', '12345', '12345', '12345', 2000.00, 200000.00, 300000.00, '12345', 20.00, 21.00, NULL, 200000.00, '200', 205, '21345', 2019, '2020-01-01', '2019-06-18 16:37:33', '2019-09-15 11:56:53', NULL),
(2, 'orchtech', 'orch55', 'Employee 1', 2, 18, 0, 1, 1, NULL, NULL, NULL, 'dokki', '48', '01234567890', '01234567890', '5522246', '33356564', '2314654', 55.00, 654.00, 546.00, '89798425', 50.00, 50.00, NULL, 6464654.00, '55', 55, '55', 1995, '2021-12-31', '2019-06-19 13:38:10', '2019-06-19 13:40:27', NULL),
(3, 'AOM', NULL, NULL, 2, 19, NULL, NULL, NULL, NULL, NULL, NULL, NULL, NULL, NULL, NULL, NULL, NULL, NULL, NULL, NULL, NULL, NULL, NULL, NULL, NULL, NULL, NULL, NULL, NULL, NULL, NULL, '2019-06-20 09:41:44', '2019-06-20 09:41:44', NULL),
(4, 'الشركه العالميه لصناعه الفوانيس', '777', 'احمد اسماعيل خضر', 3, 20, 0, 1, 1, NULL, NULL, NULL, '6 اكتوبر', '28 الدقي', '01021952160', '123', '124', '152', '1274', 1222.00, 2111.00, 21.00, '145', 20.00, 22.00, NULL, 2012.00, '212', 21002, '213', 2019, '2019-12-31', '2019-06-20 15:43:59', '2019-06-25 18:15:08', NULL),
(5, 'kareeem', '123456', 'mohamed khairy', 4, 26, 1, 3, 18, 'borj alarab', '121', '15', NULL, NULL, '01021952160', '1235', '1245', '125456', '1245789', 12345.00, 1245789.00, 132558.00, '124563', 23.00, 22.00, NULL, 56456.00, '12', 1235, '1458', 2020, '2021-01-01', '2019-06-24 16:53:28', '2019-07-04 12:41:36', NULL),
(6, 'bv vb', NULL, NULL, 1, 27, NULL, NULL, NULL, NULL, NULL, NULL, NULL, NULL, NULL, NULL, NULL, NULL, NULL, NULL, NULL, NULL, NULL, NULL, NULL, NULL, NULL, NULL, NULL, NULL, NULL, NULL, '2019-06-25 09:50:01', '2019-06-25 09:50:01', NULL),
(7, 'شركة الرابية المحدودة للفنادق والسياحة والتجارة والاستيراد التصدير Al Rabya Hotels,Tourism & Commercial & Import & Export Co. Ltd', 'A1324', 'احمد عبد الحليم محمود', 3, 28, 0, 2, 3, NULL, NULL, NULL, 'الحى المتميز', 'A2/7', '02345789566', '002', '12376', 'سجل تجارى 3008', '897654', 1024.00, 2000000.00, 8000000.00, '45678', 90.00, 0.00, NULL, 1000000.00, 'شهاده الجوده', 2000, '123455', 2017, '2017-12-31', '2019-06-25 10:02:08', '2019-06-25 11:35:48', NULL),
(8, 'company', NULL, NULL, NULL, 29, NULL, NULL, NULL, NULL, NULL, NULL, NULL, NULL, NULL, NULL, NULL, NULL, NULL, NULL, NULL, NULL, NULL, NULL, NULL, NULL, NULL, NULL, NULL, NULL, NULL, NULL, '2019-06-25 11:50:55', '2019-06-25 11:50:55', NULL),
(9, 'مؤسسة غسان آي آيتش آل سلميان التجارية Ghassan A H Al Sulaiman', NULL, NULL, NULL, 30, NULL, NULL, NULL, NULL, NULL, NULL, NULL, NULL, NULL, NULL, NULL, NULL, NULL, NULL, NULL, NULL, NULL, NULL, NULL, NULL, NULL, NULL, NULL, NULL, NULL, NULL, '2019-06-25 17:01:50', '2019-06-25 17:01:50', NULL),
(10, 'مؤسسة محمد عمر قبلي للتجارة – سيارات عالمية Mohamed Omer Kabli Trading Est', NULL, NULL, NULL, 31, NULL, NULL, NULL, NULL, NULL, NULL, NULL, NULL, NULL, NULL, NULL, NULL, NULL, NULL, NULL, NULL, NULL, NULL, NULL, NULL, NULL, NULL, NULL, NULL, NULL, NULL, '2019-06-25 17:03:59', '2019-06-25 17:03:59', NULL),
(11, 'justCode', '12552', 'mohamed', 1, 32, 0, 2, 4, NULL, NULL, NULL, 'الدقي', '15', '01021952160', '102', '123', '458', '12555', 1252.00, 22552.00, 21545.00, '1254456', 21.00, 23.00, NULL, 1235.00, '25', 258, '1235', 2019, '2020-01-01', '2019-06-26 14:56:27', '2019-06-26 14:59:01', NULL),
(12, 'select', NULL, NULL, 2, 34, NULL, NULL, NULL, NULL, NULL, NULL, NULL, NULL, NULL, NULL, NULL, NULL, NULL, NULL, NULL, NULL, NULL, NULL, NULL, NULL, NULL, NULL, NULL, NULL, NULL, NULL, '2019-06-27 10:45:30', '2019-06-27 10:45:30', NULL),
(13, 'adaa', NULL, NULL, 3, 35, NULL, NULL, NULL, NULL, NULL, NULL, NULL, NULL, NULL, NULL, NULL, NULL, NULL, NULL, NULL, NULL, NULL, NULL, NULL, NULL, NULL, NULL, NULL, NULL, NULL, NULL, '2019-06-27 10:47:50', '2019-06-27 10:47:50', NULL),
(14, 'primary company', NULL, NULL, 2, 46, NULL, NULL, NULL, NULL, NULL, NULL, NULL, NULL, NULL, NULL, NULL, NULL, NULL, NULL, NULL, NULL, NULL, NULL, NULL, NULL, NULL, NULL, NULL, NULL, NULL, NULL, '2019-07-07 10:34:38', '2019-07-07 10:34:38', NULL),
(15, 'الشركه الشرقيه للبلاستك', NULL, NULL, 3, 52, NULL, NULL, NULL, NULL, NULL, NULL, NULL, NULL, NULL, NULL, NULL, NULL, NULL, NULL, NULL, NULL, NULL, NULL, NULL, NULL, NULL, NULL, NULL, NULL, NULL, NULL, '2019-07-21 15:21:09', '2019-07-21 15:21:09', NULL),
(16, 'المروه ', '21', 'Ahmed', 3, 53, 0, 1, 1, NULL, NULL, NULL, 'giza', '12', '012345678976', NULL, '123', '123', '12', 1213.00, 234324.00, 4353.00, '121', 45.00, 48.00, NULL, 53453.00, 'iso', 45, '1223', 4545, '2019-07-15', '2019-07-21 18:34:21', '2019-07-21 18:37:18', NULL),
(17, 'test', '12345678900', 'FEIEmployee@example.com', 2, 54, 1, 5, 201, 'test', '12', '121', NULL, NULL, '012154879865', '131', '2123', '121', '2312', 121.00, 3231.00, 32312.00, '12121', 21.00, 21.00, NULL, 212.00, '3123', 1212, '211231', 2019, '2020-01-01', '2019-07-22 09:24:16', '2019-07-22 09:44:03', NULL),
(18, 'test2', '123454', 'ahmed', 1, 63, 0, 1, 1, NULL, NULL, NULL, 'الدقي', '1', '012333333333', NULL, '254', '75', '147', 145.00, 45.00, 55.00, '145', 100.00, 50.00, NULL, 145.00, 'no', 12, '145', 2018, '2019-07-22', '2019-07-25 14:38:56', '2019-07-25 14:44:19', NULL),
(19, 'Orchtech', 'sfs', 'wfdttf', 2, 64, 0, 2, 4, NULL, NULL, NULL, 'hdshf', '2', '35534434434', NULL, '5452', '6564', '67676', 6767.00, 7676767.00, 67676.00, '7676', 65.00, 6.00, NULL, 6565.00, 'mjhcdj', 66556, '56565', 6565, '2056-01-19', '2019-08-21 13:26:24', '2019-08-26 11:40:32', NULL),
(20, 'Soliman', '212112', 'Soiman', 1, 65, 0, 1, 1, NULL, NULL, NULL, 'Cairo', '1213', '01214434345', '0212236354', '132213', '1323', '32132', 32123.00, 3213212.00, 32133.00, '2131', 90.00, 12.00, NULL, 1222.00, '121', 122, '1321233', 2015, '2020-08-31', '2019-08-28 11:02:29', '2019-08-28 11:07:58', NULL),
(21, 'Esraa Company', NULL, NULL, 2, 66, NULL, NULL, NULL, NULL, NULL, NULL, NULL, NULL, NULL, NULL, NULL, NULL, NULL, NULL, NULL, NULL, NULL, NULL, NULL, NULL, NULL, NULL, NULL, NULL, NULL, NULL, '2019-09-01 15:30:38', '2019-09-01 15:30:38', NULL),
(22, 'ش م م', NULL, NULL, 1, 67, NULL, NULL, NULL, NULL, NULL, NULL, NULL, NULL, NULL, NULL, NULL, NULL, NULL, NULL, NULL, NULL, NULL, NULL, NULL, NULL, NULL, NULL, NULL, NULL, NULL, NULL, '2019-09-03 10:13:19', '2019-09-03 10:13:19', NULL),
(23, 'Orchtestrating Technology', 'A113', 'Hisham Mohamed', 3, 68, 0, 2, 2, NULL, NULL, NULL, 'الجيزه', '14', '01234567893', '002', '1098', '4567', '1234', 1024.00, 1000000.00, 4000000.00, '123', 90.00, 0.00, NULL, 120000.00, 'ISO', 1024, '1234', 2018, '2019-09-15', '2019-09-15 14:22:47', '2019-09-15 16:37:31', NULL),
(24, 'Rabya', NULL, NULL, 1, 69, NULL, NULL, NULL, NULL, NULL, NULL, NULL, NULL, NULL, NULL, NULL, NULL, NULL, NULL, NULL, NULL, NULL, NULL, NULL, NULL, NULL, NULL, NULL, NULL, NULL, NULL, '2019-09-15 14:31:46', '2019-09-15 14:31:46', NULL),
(25, 'Naos', NULL, NULL, 1, 70, NULL, NULL, NULL, NULL, NULL, NULL, NULL, NULL, NULL, NULL, NULL, NULL, NULL, NULL, NULL, NULL, NULL, NULL, NULL, NULL, NULL, NULL, NULL, NULL, NULL, NULL, '2019-09-15 14:33:44', '2019-09-15 14:33:44', NULL),
(26, 'Orchtech', NULL, NULL, 2, 71, NULL, NULL, NULL, NULL, NULL, NULL, NULL, NULL, NULL, NULL, NULL, NULL, NULL, NULL, NULL, NULL, NULL, NULL, NULL, NULL, NULL, NULL, NULL, NULL, NULL, NULL, '2019-09-15 14:36:52', '2019-09-15 14:36:52', NULL),
(27, 'Air Arabia Egypt', '1234', 'Ahmed Mohamed Salah', 3, 72, 0, 1, 1, NULL, NULL, NULL, 'New Cairo', '14 A', '05678934', NULL, '1024', '6788', '8765', 2000.00, 2000000.00, 6000000.00, '1234', 90.00, 5.00, NULL, 4000.00, 'ISO', 2000, '12345', 2019, '2019-09-16', '2019-09-16 12:40:54', '2019-09-16 12:45:01', NULL),
(28, 'test1', '2234', 'Ahmed Mohamed', 1, 73, 0, 2, 2, NULL, NULL, NULL, 'new cairo', '12', '02345678', NULL, '123', '3456', '234', 1024.00, 1234545.00, 34566.00, '2345', 90.00, 5.00, NULL, 120000.00, 'iso', 2000, '123', 2019, '2019-09-18', '2019-09-18 11:38:27', '2019-09-18 12:31:25', NULL),
(29, 'applicant2', NULL, NULL, 1, 74, NULL, NULL, NULL, NULL, NULL, NULL, NULL, NULL, NULL, NULL, NULL, NULL, NULL, NULL, NULL, NULL, NULL, NULL, NULL, NULL, NULL, NULL, NULL, NULL, NULL, NULL, '2019-09-22 10:02:31', '2019-09-22 10:02:31', NULL),
(30, 'applicant3', NULL, NULL, 1, 75, NULL, NULL, NULL, NULL, NULL, NULL, NULL, NULL, NULL, NULL, NULL, NULL, NULL, NULL, NULL, NULL, NULL, NULL, NULL, NULL, NULL, NULL, NULL, NULL, NULL, NULL, '2019-09-22 10:26:30', '2019-09-22 10:26:30', NULL),
(31, 'purpledigital', '12345678912345', 'Ahmed Mohamed', 2, 76, 0, 1, 1, NULL, NULL, NULL, 'october', '12', '0234567898', '002', '8657', '7876876', '7878', 1024.00, 100000000.00, 43434534.00, '76877', 90.00, 0.00, NULL, 1200000.00, 'iso', 200, '7676', 2018, '2019-09-15', '2019-09-30 15:14:19', '2019-09-30 15:18:25', NULL),
(32, 'test', NULL, NULL, 1, 77, NULL, NULL, NULL, NULL, NULL, NULL, NULL, NULL, NULL, NULL, NULL, NULL, NULL, NULL, NULL, NULL, NULL, NULL, NULL, NULL, NULL, NULL, NULL, NULL, NULL, NULL, '2019-10-01 10:23:14', '2019-10-01 10:23:14', NULL),
(33, 'tt', NULL, NULL, 2, 78, NULL, NULL, NULL, NULL, NULL, NULL, NULL, NULL, NULL, NULL, NULL, NULL, NULL, NULL, NULL, NULL, NULL, NULL, NULL, NULL, NULL, NULL, NULL, NULL, NULL, NULL, '2019-10-01 10:24:16', '2019-10-01 10:24:16', NULL),
(34, 'ttt', NULL, NULL, 3, 79, NULL, NULL, NULL, NULL, NULL, NULL, NULL, NULL, NULL, NULL, NULL, NULL, NULL, NULL, NULL, NULL, NULL, NULL, NULL, NULL, NULL, NULL, NULL, NULL, NULL, NULL, '2019-10-01 10:27:54', '2019-10-01 10:27:54', NULL),
(35, 'seed', 'شركة مساهمة', 'محمد', 2, 80, 1, 2, 2, 'الجيزة', '19', '23', NULL, NULL, '0212121123', NULL, '343434', '4543543', '4354353324324324', 1000.00, 1000000.00, 400000.00, '453253', 90.00, 10.00, NULL, 100000.00, '21312321صثقثصق ', 20, '33333', 2016, '2020-01-01', '2019-10-01 14:20:57', '2019-10-01 14:29:36', NULL),
(36, 'test', NULL, NULL, 1, 81, NULL, NULL, NULL, NULL, NULL, NULL, NULL, NULL, NULL, NULL, NULL, NULL, NULL, NULL, NULL, NULL, NULL, NULL, NULL, NULL, NULL, NULL, NULL, NULL, NULL, NULL, '2019-10-01 15:48:38', '2019-10-01 15:48:38', NULL),
(37, 'company@example.com', NULL, NULL, 1, 82, NULL, NULL, NULL, NULL, NULL, NULL, NULL, NULL, NULL, NULL, NULL, NULL, NULL, NULL, NULL, NULL, NULL, NULL, NULL, NULL, NULL, NULL, NULL, NULL, NULL, NULL, '2019-10-01 15:55:55', '2019-10-01 15:55:55', NULL),
(38, 'rana', NULL, NULL, 1, 83, NULL, NULL, NULL, NULL, NULL, NULL, NULL, NULL, NULL, NULL, NULL, NULL, NULL, NULL, NULL, NULL, NULL, NULL, NULL, NULL, NULL, NULL, NULL, NULL, NULL, NULL, '2019-10-01 16:07:01', '2019-10-01 16:07:01', NULL),
(39, 'SEED2', 'شرة مساهمة', 'محمد', 2, 84, 0, 1, 1, NULL, NULL, NULL, 'الدقي', '12', '029434893483', NULL, '3432', '4354353', '345435', 1000.00, 1000000.00, 3000000.00, '435435', 90.00, 10.00, NULL, 10000.00, 'ISO 90-01', 100, '435435', 2019, '2020-01-01', '2019-10-01 16:30:38', '2019-10-01 16:37:58', NULL),
(40, 'testseed', 'مساهمة', 'محمد', 2, 85, 1, 1, 1, 'ففف', '66', '66', NULL, NULL, '0235456566', NULL, '6666', '5544455', '3344', 34455.00, 666.00, 6566.00, '45544', 90.00, 7.00, NULL, 66.00, '5', 5, '54545566', 2016, '2020-01-16', '2019-10-02 16:31:08', '2019-10-02 16:40:39', NULL),
(41, 'mizoo', NULL, NULL, NULL, 86, NULL, NULL, NULL, NULL, NULL, NULL, NULL, NULL, NULL, NULL, NULL, NULL, NULL, NULL, NULL, NULL, NULL, NULL, NULL, NULL, NULL, NULL, NULL, NULL, NULL, NULL, '2019-10-02 22:00:27', '2019-10-02 22:00:27', NULL),
(42, 'Mahmoud', NULL, NULL, 1, 87, NULL, NULL, NULL, NULL, NULL, NULL, NULL, NULL, NULL, NULL, NULL, NULL, NULL, NULL, NULL, NULL, NULL, NULL, NULL, NULL, NULL, NULL, NULL, NULL, NULL, NULL, '2019-10-17 11:26:50', '2019-10-17 11:26:50', NULL),
(43, 'Mahmoud', 'gjhghhjj', 'hhhhhhhhhhhh', 1, 88, 0, 1, 1, NULL, NULL, NULL, 'hhhhhhhh', '19', '01245783690', '0212457836', '012454', '0121315456', '0121325646', 400.00, 320000.00, 450000.00, '02564564646', 90.00, 20.00, NULL, 10000.00, '90', 35, '021324465', 2012, '2013-01-01', '2019-10-17 11:54:13', '2019-10-21 10:12:34', NULL),
(44, 'Dina Company', '233', 'Dina Amr', 1, 89, 0, 2, 2, NULL, NULL, NULL, 'Giza', '12', '0234567898', NULL, '2345', '9876', '64545', 1024.00, 100000000.00, 199999998.00, '34567', 60.00, 9.00, NULL, 200000.00, 'Iso', 2000, '7654', 2018, '2019-10-24', '2019-10-24 10:16:19', '2019-10-24 10:22:20', NULL),
(45, 'charizma', NULL, NULL, 1, 96, NULL, NULL, NULL, NULL, NULL, NULL, NULL, NULL, NULL, NULL, NULL, NULL, NULL, NULL, NULL, NULL, NULL, NULL, NULL, NULL, NULL, NULL, NULL, NULL, NULL, NULL, '2019-10-28 22:36:31', '2019-10-28 22:36:31', NULL),
(46, 'NewCompany', NULL, NULL, 2, 97, NULL, NULL, NULL, NULL, NULL, NULL, NULL, NULL, NULL, NULL, NULL, NULL, NULL, NULL, NULL, NULL, NULL, NULL, NULL, NULL, NULL, NULL, NULL, NULL, NULL, NULL, '2019-10-30 10:31:14', '2019-10-30 10:31:14', NULL),
(47, 'mizoo', NULL, NULL, NULL, 98, NULL, NULL, NULL, NULL, NULL, NULL, NULL, NULL, NULL, NULL, NULL, NULL, NULL, NULL, NULL, NULL, NULL, NULL, NULL, NULL, NULL, NULL, NULL, NULL, NULL, NULL, '2019-11-07 09:41:44', '2019-11-07 09:41:44', NULL),
(48, 'TestReg', NULL, NULL, 2, 99, NULL, NULL, NULL, NULL, NULL, NULL, NULL, NULL, NULL, NULL, NULL, NULL, NULL, NULL, NULL, NULL, NULL, NULL, NULL, NULL, NULL, NULL, NULL, NULL, NULL, NULL, '2019-11-10 08:10:22', '2019-11-10 08:10:22', NULL);

-- --------------------------------------------------------

--
-- Table structure for table `assessments`
--

CREATE TABLE `assessments` (
  `id` bigint(20) UNSIGNED NOT NULL,
  `applicantId` bigint(20) UNSIGNED NOT NULL,
  `chamberId` int(10) UNSIGNED NOT NULL,
  `productName` text COLLATE utf8mb4_unicode_ci NOT NULL,
  `manufactoringByOthers` tinyint(1) NOT NULL,
  `manufactoringCompanyName` text COLLATE utf8mb4_unicode_ci,
  `manufactoringCompanyIndustrialRegistry` text COLLATE utf8mb4_unicode_ci,
  `manufactoringCompanyTaxId` text COLLATE utf8mb4_unicode_ci,
  `manufactoringCompanyCommercialRegistry` text COLLATE utf8mb4_unicode_ci,
  `isTotals` tinyint(1) NOT NULL,
  `annualProductionCapacity` double(20,2) DEFAULT NULL,
  `powerResources` double(20,2) DEFAULT NULL,
  `localSpareParts` double(20,2) DEFAULT NULL,
  `importedSpareParts` double(20,2) DEFAULT NULL,
  `researchAndDevelopment` double(20,2) DEFAULT NULL,
  `wages` double(20,2) DEFAULT NULL,
  `annualDepreciation` double(20,2) DEFAULT NULL,
  `administrativeExpenses` double(20,2) DEFAULT NULL,
  `marketingExpenses` double(20,2) DEFAULT NULL,
  `otherExpenses` double(20,2) DEFAULT NULL,
  `localComponentsTotals` double(20,2) DEFAULT NULL,
  `localPackagingComponentsTotals` double(20,2) DEFAULT NULL,
  `importedComponentsTotals` double(20,2) DEFAULT NULL,
  `importedPackagingComponentsTotals` double(20,2) DEFAULT NULL,
  `customsFees` double(20,2) DEFAULT NULL,
  `isDeleted` tinyint(1) NOT NULL DEFAULT '0',
  `assessmentDate` date DEFAULT NULL
) ENGINE=InnoDB DEFAULT CHARSET=utf8mb4 COLLATE=utf8mb4_unicode_ci;

--
-- Dumping data for table `assessments`
--

INSERT INTO `assessments` (`id`, `applicantId`, `chamberId`, `productName`, `manufactoringByOthers`, `manufactoringCompanyName`, `manufactoringCompanyIndustrialRegistry`, `manufactoringCompanyTaxId`, `manufactoringCompanyCommercialRegistry`, `isTotals`, `annualProductionCapacity`, `powerResources`, `localSpareParts`, `importedSpareParts`, `researchAndDevelopment`, `wages`, `annualDepreciation`, `administrativeExpenses`, `marketingExpenses`, `otherExpenses`, `localComponentsTotals`, `localPackagingComponentsTotals`, `importedComponentsTotals`, `importedPackagingComponentsTotals`, `customsFees`, `isDeleted`, `assessmentDate`) VALUES
(1, 15, 4, 'حديد وصلب ', 1, NULL, NULL, NULL, NULL, 1, NULL, NULL, NULL, NULL, NULL, NULL, NULL, NULL, NULL, 2000.00, 200.00, 20.00, 20.00, 10.00, NULL, 0, '2019-08-29'),
(2, 18, 5, '121', 0, NULL, NULL, NULL, NULL, 0, 1212.00, 121.00, NULL, 21.00, 12.00, 12.00, 12.00, 12.00, 1.00, 1.00, NULL, NULL, NULL, NULL, NULL, 0, '2019-08-29'),
(3, 15, 1, 'طفاية حريق سعة 6 كيلو ', 1, NULL, NULL, NULL, NULL, 0, NULL, NULL, NULL, NULL, NULL, NULL, NULL, NULL, NULL, 36000.00, NULL, NULL, NULL, NULL, NULL, 0, '2019-08-29'),
(4, 20, 3, 'test for change', 1, NULL, NULL, NULL, NULL, 1, NULL, NULL, NULL, NULL, NULL, NULL, NULL, NULL, NULL, 20.00, 100.00, 20.00, 2.00, 2.00, NULL, 0, '2019-08-29'),
(5, 15, 4, 'اخشاب', 1, NULL, NULL, NULL, NULL, 1, NULL, NULL, NULL, NULL, NULL, NULL, NULL, NULL, NULL, 1010.00, 100002.00, 12335.00, 12.00, 120.00, NULL, 0, '2019-08-29'),
(6, 15, 1, 'originalData', 1, NULL, NULL, NULL, NULL, 0, NULL, NULL, NULL, NULL, NULL, NULL, NULL, NULL, NULL, 10.00, NULL, NULL, NULL, NULL, NULL, 0, '2019-08-29'),
(7, 15, 2, 'test', 1, NULL, NULL, NULL, NULL, 1, NULL, NULL, NULL, NULL, NULL, NULL, NULL, NULL, NULL, 5454.00, 24545.00, 5454.00, 5454.00, 5454.00, NULL, 0, '2019-08-29'),
(8, 15, 1, 'test2', 1, NULL, NULL, NULL, NULL, 0, NULL, NULL, NULL, NULL, NULL, NULL, NULL, NULL, NULL, 10000.00, NULL, NULL, NULL, NULL, NULL, 0, '2019-08-29'),
(9, 15, 1, 'goods', 1, 'asd', 'asd', NULL, NULL, 0, NULL, NULL, NULL, NULL, NULL, NULL, NULL, NULL, NULL, 455.00, NULL, NULL, NULL, NULL, NULL, 0, '2019-07-08'),
(10, 26, 9, 'ملابس', 1, NULL, NULL, NULL, NULL, 0, NULL, NULL, NULL, NULL, NULL, NULL, NULL, NULL, NULL, 10000255.00, NULL, NULL, NULL, NULL, NULL, 0, '2019-08-29'),
(11, 15, 2, 'test', 1, NULL, NULL, NULL, NULL, 1, NULL, NULL, NULL, NULL, NULL, NULL, NULL, NULL, NULL, 1.00, 1.00, 1.00, 1.00, 1.00, NULL, 0, '2019-08-29'),
(12, 28, 1, 'منتجع التجمع في «Reethi Rah one & Only Resort» - جزر المالديف - مصر ', 0, NULL, NULL, NULL, NULL, 0, 9000000.00, 500000.00, 900000.00, 800000.00, 70000.00, 2000000.00, 500000.00, 500000.00, 500000.00, 500000.00, NULL, NULL, NULL, NULL, NULL, 0, '2019-08-29'),
(13, 29, 2, 'pizza', 1, NULL, NULL, NULL, NULL, 1, NULL, NULL, NULL, NULL, NULL, NULL, NULL, NULL, NULL, 4.00, 545.00, 4.00, 4.00, 4.00, NULL, 0, '2019-08-29'),
(14, 20, 3, 'ملابس جاهزه 3', 1, NULL, NULL, NULL, NULL, 1, NULL, NULL, NULL, NULL, NULL, NULL, NULL, NULL, NULL, 456.00, 4545245.00, 5456.00, 524.00, 546.00, NULL, 0, '2019-08-29'),
(15, 32, 7, 'computer', 1, NULL, NULL, NULL, NULL, 1, NULL, NULL, NULL, NULL, NULL, NULL, NULL, NULL, NULL, 8797.00, 123456.00, 55445.00, 4589.00, 54.00, NULL, 0, '2019-08-29'),
(16, 15, 2, 'product', 1, '54455', '5454', '54545', '5445', 1, NULL, NULL, NULL, NULL, NULL, NULL, NULL, NULL, NULL, 445.00, 544566.00, 445667.00, 635535.00, 557.00, NULL, 0, '2019-08-29'),
(17, 26, 3, 'kora', 0, NULL, NULL, NULL, NULL, 1, NULL, 1235456.00, 1245.00, 1235.00, 10000.00, 1234569.00, 12456.00, 123456.00, 123456.00, 123456789.00, 1000000.00, 12456.00, 20000.00, 123.00, NULL, 0, '2019-08-29'),
(18, 28, 1, 'أدوات هيدروليكي  Wrench', 1, NULL, NULL, NULL, NULL, 0, NULL, NULL, NULL, NULL, NULL, NULL, NULL, NULL, NULL, 90000000.00, NULL, NULL, NULL, NULL, NULL, 0, '2019-08-29'),
(19, 28, 3, '12345456', 1, NULL, NULL, NULL, NULL, 1, NULL, NULL, NULL, NULL, NULL, NULL, NULL, NULL, NULL, 77889.00, 400000.00, 20000.00, 30000.00, 6000.00, NULL, 0, '2019-08-29'),
(20, 28, 1, '1989', 1, NULL, NULL, NULL, NULL, 0, NULL, NULL, NULL, NULL, NULL, NULL, NULL, NULL, NULL, 56565877.00, NULL, NULL, NULL, NULL, NULL, 0, '2019-08-29'),
(21, 28, 4, '1988', 1, NULL, NULL, NULL, NULL, 1, NULL, NULL, NULL, NULL, NULL, NULL, NULL, NULL, NULL, 677.00, 35456546.00, 6787.00, 676.00, 787.00, NULL, 0, '2019-08-29'),
(22, 28, 4, '1988', 1, NULL, NULL, NULL, NULL, 1, NULL, NULL, NULL, NULL, NULL, NULL, NULL, NULL, NULL, 8989.00, 676867.00, 8989.00, 7978.00, 898.00, NULL, 0, '2019-08-29'),
(23, 15, 2, 'البان', 0, NULL, NULL, NULL, NULL, 1, NULL, 52.00, 50.00, 52.00, 52.00, 500.00, 14412.00, 454.00, 789.00, 8679.00, 2000.00, 4005.00, 300.00, 200.00, NULL, 0, '2019-08-29'),
(24, 15, 3, 'ملابس', 0, NULL, NULL, NULL, NULL, 1, NULL, 22.00, 222.00, 22.00, 22.00, 22.00, 22.00, 22.00, 22.00, 222.00, 2222.00, 22.00, 222.00, 22.00, NULL, 0, '2019-08-29'),
(25, 15, 2, 'test', 0, NULL, NULL, NULL, NULL, 1, NULL, 1.00, 1.00, 1.00, 1.00, 1.00, 1.00, 1.00, 1.00, 1.00, 111.00, 1.00, 1.00, 1.00, NULL, 0, '2019-08-29'),
(26, 15, 2, 'قطع غيار عربات ثقيله', 0, NULL, NULL, NULL, NULL, 1, NULL, 123.00, 12.00, 121.00, 12.00, 123.00, 12.00, 2121.00, 32.00, 32323.00, 22211.00, 12.00, 12.00, 12.00, NULL, 0, '2019-08-29'),
(27, 28, 2, 'Sunbeam Bread', 0, NULL, NULL, NULL, NULL, 1, NULL, 3434.00, 343.00, 3434.00, 3434.00, 343.00, 434.00, 343.00, 434.00, 3434.00, 300000.00, 4343.00, 20000.00, 23233.00, NULL, 0, '2019-08-29'),
(28, 26, 5, 'some one', 0, NULL, NULL, NULL, NULL, 0, 43.00, 546.00, 465.00, 564.00, 897.00, 564564.00, 564.00, 564.00, 564.00, 897.00, NULL, NULL, NULL, NULL, NULL, 0, '2019-08-29'),
(29, 15, 7, 'test', 1, 'test', '132', NULL, NULL, 1, NULL, NULL, NULL, NULL, NULL, NULL, NULL, NULL, NULL, 2.00, 123123.00, 2.00, 2.00, 2.00, NULL, 0, '2019-08-29'),
(30, 15, 7, 'test', 1, 'test123', '123123', NULL, NULL, 1, NULL, NULL, NULL, NULL, NULL, NULL, NULL, NULL, NULL, 1.00, 1231321.00, 121.00, 12.00, 2112.00, NULL, 0, '2019-08-29'),
(31, 46, 1, 'منتج1', 1, 'شركة 1', '123456', NULL, NULL, 0, 120000.00, 1000000.00, 350000.00, 1200000.00, 0.00, 1000000.00, 300000.00, 200000.00, 100000.00, 0.00, NULL, NULL, NULL, NULL, NULL, 0, '2019-08-29'),
(32, 28, 1, 'Hot Melt Glue Sticks', 1, '\"مالايكا لينينز\" Malaika Linens', 'ٌِ132', NULL, NULL, 0, 1234455.00, 2345567.00, 1234.00, 212.00, 3123.00, 33123.00, 132.00, 323.00, 3123.00, 3123.00, NULL, NULL, NULL, NULL, NULL, 0, '2019-08-29'),
(33, 28, 2, 'test', 0, NULL, NULL, NULL, NULL, 1, NULL, 7567.00, 655.00, 56756.00, 756.00, 5757.00, 56757.00, 5757.00, 57575.00, 54545.00, 123343545.00, 54545.00, 54545.00, 5454.00, NULL, 0, '2019-08-29'),
(34, 26, 2, 'ملابس جديده', 1, 'قثففق', 'قففقفق', NULL, NULL, 1, NULL, NULL, NULL, NULL, NULL, NULL, NULL, NULL, NULL, 897.00, 2589.00, 88987.00, 241.21, 8797.00, NULL, 0, '2019-08-29'),
(35, 26, 2, 'test', 0, NULL, NULL, NULL, NULL, 1, NULL, 12.00, 12.00, 12.00, 12.00, 12.00, 12.00, 12.00, 12.00, 12.00, 123.00, 1232.00, 12.00, 12.00, NULL, 0, '2019-08-29'),
(36, 20, 3, 'فانوس رمضان', 1, 'الحديد والصلب ', '123456789', NULL, NULL, 1, NULL, 1258.00, 1254.00, 1245.00, 154.00, 4789.00, 45565.00, 65.00, 546.00, 478.00, 1323544.00, 1232.00, 125.00, 255.00, NULL, 0, '2019-08-29'),
(37, 15, 2, 'mango', 1, 'mango company', '1456', NULL, NULL, 1, NULL, 1.00, 1.00, 1.00, 1.00, 1.00, 1.00, 1.00, 1.00, 1.00, 12.00, 122.00, 1.00, 1.00, NULL, 0, '2019-08-29'),
(38, 28, 2, 'product', 1, '55', '55', NULL, NULL, 1, NULL, NULL, NULL, NULL, NULL, NULL, NULL, NULL, NULL, 353.00, 3535.00, 3535.00, 3535.00, 3535.00, NULL, 0, '2019-08-29'),
(39, 28, 2, 'test', 0, 'test ', '1234', NULL, NULL, 1, NULL, 46546.00, 4654.00, 464.00, 4666.00, 64564.00, 465464.00, 466.00, 454645.00, 45454.00, 5446.00, 4646.00, 464.00, 4646.00, NULL, 0, '2019-08-29'),
(40, 28, 2, 'test', 0, 'test coma', '1234', NULL, NULL, 1, NULL, 65465.00, 6546.00, 65.00, 56546.00, 465.00, 45646.00, 4646.00, 56465.00, 64656.00, 435.00, 456546.00, 46546.00, 54654.00, NULL, 0, '2019-08-29'),
(41, 15, 3, 'qwe', 0, 'qwe', 'qwe', NULL, NULL, 1, NULL, 32.00, 321.00, 321.00, 1.00, 321.00, 32.00, 1.00, 123.00, 123.00, 123.00, 321.00, 123.00, 321.00, NULL, 0, '2019-08-29'),
(42, 52, 3, 'plastic', 0, 'Oriental for plastic', '1234', NULL, NULL, 1, NULL, 2424.00, 434.00, 243.00, 432.00, 24234.00, 343.00, 423.00, 234.00, 243423.00, 12323.00, 42342.00, 1412.00, 232.00, NULL, 0, '2019-08-29'),
(43, 15, 2, 'product', 0, 'test', '1234', NULL, NULL, 1, NULL, 464.00, 464.00, 6564.00, 464.00, 464.00, 5464.00, 46456.00, 434.00, 43453.00, 6456.00, 464.00, 46554.00, 464.00, NULL, 0, '2019-08-29'),
(44, 26, 2, 'test', 0, 'test', '1234', NULL, NULL, 1, NULL, 232.00, 122121.00, 121.00, 211.00, 121.00, 121.00, 212.00, 212.00, 1212.00, 2113.00, 121.00, 2121.00, 12121.00, NULL, 0, '2019-08-29'),
(45, 15, 2, 'ER', 0, NULL, NULL, NULL, NULL, 1, NULL, 5.00, 5.00, 5.00, 5.00, 5.00, 8.00, 4.00, 6.00, 33.00, 43.00, 767.00, 545.00, 657.00, NULL, 0, '2019-08-29'),
(46, 15, 4, 'asd', 1, 'asd', 'asd', NULL, NULL, 1, NULL, NULL, NULL, NULL, NULL, NULL, NULL, NULL, NULL, 123.00, 123.00, 123.00, 123.00, 123.00, NULL, 0, '2019-08-29'),
(47, 53, 2, '\'Marwa product', 1, 'test', '1234', NULL, NULL, 1, NULL, NULL, NULL, NULL, NULL, NULL, NULL, NULL, NULL, 6778.00, 3434.00, 3243534.00, 6735.00, 56556.00, NULL, 0, '2019-08-29'),
(48, 53, 2, '\'Marwa product', 1, 'test', '1234', NULL, NULL, 1, NULL, NULL, NULL, NULL, NULL, NULL, NULL, NULL, NULL, 4654.00, 675656757.00, 4646.00, 56546.00, 46464.00, NULL, 0, '2019-08-29'),
(49, 15, 3, 'asd', 1, 'asd', 'asd', NULL, NULL, 1, NULL, NULL, NULL, NULL, NULL, NULL, NULL, NULL, NULL, 4.00, 465.00, 54.00, 64.00, 44.00, NULL, 0, '2019-08-29'),
(50, 15, 3, 'asd', 1, 'asd', 'asd', NULL, NULL, 1, NULL, NULL, NULL, NULL, NULL, NULL, NULL, NULL, NULL, 5465.00, 555.00, 65.00, 864.00, 6546.00, NULL, 0, '2019-08-29'),
(51, 15, 1, 'goods', 1, 'asd', 'asd', 'eeeeeeeeeee', 'eeeeeeeeeeeeeeee', 0, NULL, NULL, NULL, NULL, NULL, NULL, NULL, NULL, NULL, 4554.54, NULL, NULL, NULL, NULL, NULL, 0, '2019-08-29'),
(52, 53, 2, 'product', 1, 'test', '1971', NULL, NULL, 1, NULL, NULL, NULL, NULL, NULL, NULL, NULL, NULL, NULL, 45.00, 33543.00, 5353.00, 35.00, 45.00, NULL, 0, '2019-08-29'),
(53, 54, 1, 'test', 0, 'test', '12345', NULL, NULL, 0, 12345.00, 12.00, 123.00, 123.00, 1234.00, 1221.00, 121.00, 121.00, 212.00, 232.00, NULL, NULL, NULL, NULL, NULL, 0, '2019-08-29'),
(54, 54, 2, 'test', 0, 'test', '1234', NULL, NULL, 1, NULL, 1213.00, 21.00, 21.00, 123.00, 121.00, 11.00, 1.00, 21.00, 213.00, 12234.00, 323.00, 1212.00, 21.00, NULL, 0, '2019-08-29'),
(55, 28, 2, 'product', 1, 'company', '1234', NULL, NULL, 1, NULL, NULL, NULL, NULL, NULL, NULL, NULL, NULL, NULL, 644.00, 54253.00, 4543.00, 56.00, 6.00, NULL, 0, '2019-08-29'),
(56, 63, 3, 'test product', 0, NULL, NULL, NULL, NULL, 1, NULL, 10.00, 200.00, 200.00, 1.00, 10.00, 120.00, 130.00, 20.00, 0.00, 200.00, 300.00, 500.00, 0.00, NULL, 0, '2019-08-29'),
(57, 64, 2, 'Chess', 1, 'yg', '65345', NULL, NULL, 1, NULL, NULL, NULL, NULL, NULL, NULL, NULL, NULL, NULL, 54656.00, 54646.00, 3354.00, 66.00, 545.00, NULL, 0, '2019-08-29'),
(58, 65, 2, 'Potato', 0, NULL, NULL, NULL, NULL, 1, NULL, 15.00, 121.00, 121.00, 24234.00, 2121.00, 2121.00, 5515.00, 5754.00, 5.00, 1212.00, 15.00, 2121.00, 2121.00, NULL, 0, '2019-08-29'),
(59, 15, 3, 'test last', 1, 'errere', 'dssdsds', NULL, NULL, 1, NULL, NULL, NULL, NULL, NULL, NULL, NULL, NULL, NULL, 212.00, 32323232.00, 3232.00, 3232.00, 3232323.00, NULL, 0, '2019-09-01'),
(60, 15, 2, 'another test', 1, 'gfgfgf', 'dds', NULL, NULL, 1, NULL, NULL, NULL, NULL, NULL, NULL, NULL, NULL, NULL, 32323.00, 32323232.00, 3232323.00, 3232.00, 3232.00, NULL, 0, '2019-09-01'),
(61, 15, 2, 'last test', 1, 'last', 'lssst', NULL, NULL, 1, NULL, NULL, NULL, NULL, NULL, NULL, NULL, NULL, NULL, 3434.00, 3323232.00, 343.00, 32323.00, 334.00, NULL, 0, '2019-09-01'),
(66, 65, 2, 'Potato', 0, NULL, NULL, NULL, NULL, 1, NULL, 15.00, 121.00, 121.00, 24234.00, 2121.00, 2121.00, 5515.00, 5754.00, 5.00, 1212.00, 15.00, 2121.00, 2121.00, NULL, 0, '2019-08-29'),
(67, 65, 2, 'Potato', 0, NULL, NULL, NULL, NULL, 1, NULL, 15.00, 121.00, 121.00, 24234.00, 2121.00, 2121.00, 5515.00, 5754.00, 5.00, 1212.00, 15.00, 2121.00, 2121.00, NULL, 0, '2019-08-29'),
(68, 15, 2, 'product', 0, 'test', '1234', NULL, NULL, 1, NULL, 464.00, 464.00, 6564.00, 464.00, 464.00, 5464.00, 46456.00, 434.00, 43453.00, 6456.00, 464.00, 46554.00, 464.00, NULL, 0, '2019-08-29'),
(69, 15, 2, 'product', 0, 'test', '1234', NULL, NULL, 1, NULL, 464.00, 464.00, 6564.00, 464.00, 464.00, 5464.00, 46456.00, 434.00, 43453.00, 6456.00, 464.00, 46554.00, 464.00, NULL, 0, '2019-08-29'),
(70, 15, 2, 'product', 0, 'test', '1234', NULL, NULL, 1, NULL, 464.00, 464.00, 6564.00, 464.00, 464.00, 5464.00, 46456.00, 434.00, 43453.00, 6456.00, 464.00, 46554.00, 464.00, NULL, 0, '2019-08-29'),
(71, 15, 2, 'product', 0, 'test', '1234', NULL, NULL, 1, NULL, 464.00, 464.00, 6564.00, 464.00, 464.00, 5464.00, 46456.00, 434.00, 43453.00, 6456.00, 464.00, 46554.00, 464.00, NULL, 0, '2019-08-29'),
(72, 15, 2, 'product', 0, 'test', '1234', NULL, NULL, 1, NULL, 464.00, 464.00, 6564.00, 464.00, 464.00, 5464.00, 46456.00, 434.00, 43453.00, 6456.00, 464.00, 46554.00, 464.00, NULL, 0, '2019-08-29'),
(73, 15, 2, 'product', 0, 'test', '1234', NULL, NULL, 1, NULL, 464.00, 464.00, 6564.00, 464.00, 464.00, 5464.00, 46456.00, 434.00, 43453.00, 6456.00, 4647.00, 46554.00, 464.00, NULL, 0, '2019-08-29'),
(74, 15, 2, 'product', 0, 'test', '1234', NULL, NULL, 1, NULL, 464.00, 464.00, 6564.00, 464.00, 464.00, 5464.00, 46456.00, 434.00, 43453.00, 6456.00, 464.00, 46554.00, 464.00, NULL, 0, '2019-08-29'),
(75, 15, 2, 'product', 0, 'test', '1234', NULL, NULL, 1, NULL, 464.00, 464.00, 6564.00, 464.00, 464.00, 5464.00, 46456.00, 434.00, 43453.00, 6456.00, 464.00, 46554.00, 464.00, NULL, 0, '2019-08-29'),
(76, 15, 2, 'product', 0, 'test', '1234', NULL, NULL, 1, NULL, 464.00, 464.00, 6564.00, 464.00, 464.00, 5464.00, 46456.00, 434.00, 43453.00, 6456.00, 464.00, 46554.00, 464.00, NULL, 0, '2019-08-29'),
(77, 15, 2, 'product', 0, 'test', '1234', NULL, NULL, 1, NULL, 464.00, 464.00, 6564.00, 464.00, 464.00, 5464.00, 46456.00, 434.00, 43453.00, 6456.00, 464.00, 46554.00, 464.00, NULL, 0, '2019-08-29'),
(78, 15, 2, 'product', 0, 'test', '1234', NULL, NULL, 1, NULL, 464.00, 464.00, 6564.00, 464.00, 464.00, 5464.00, 46456.00, 434.00, 43453.00, 6456.00, 464.00, 46554.00, 464.00, NULL, 0, '2019-08-29'),
(79, 15, 2, 'product', 0, 'test', '1234', NULL, NULL, 1, NULL, 464.00, 464.00, 6564.00, 464.00, 464.00, 5464.00, 46456.00, 434.00, 43453.00, 6456.00, 464.00, 46554.00, 464.00, NULL, 0, '2019-08-29'),
(80, 15, 2, 'product', 0, 'test', '1234', NULL, NULL, 1, NULL, 464.00, 464.00, 6564.00, 464.00, 464.00, 5464.00, 46456.00, 434.00, 43453.00, 6456.00, 464.00, 46554.00, 464.00, NULL, 0, '2019-08-29'),
(81, 15, 2, 'product', 0, 'test', '1234', NULL, NULL, 1, NULL, 464.00, 464.00, 6564.00, 464.00, 464.00, 5464.00, 46456.00, 434.00, 43453.00, 6456.00, 464.00, 46554.00, 464.00, NULL, 0, '2019-08-29'),
(82, 15, 2, 'product', 0, 'test', '1234', NULL, NULL, 1, NULL, 464.00, 464.00, 6564.00, 464.00, 464.00, 5464.00, 46456.00, 434.00, 43453.00, 6456.00, 464.00, 46554.00, 464.00, NULL, 0, '2019-08-29'),
(83, 15, 2, 'product', 0, 'test', '1234', NULL, NULL, 1, NULL, 464.00, 464.00, 6564.00, 464.00, 464.00, 5464.00, 46456.00, 434.00, 43453.00, 6456.00, 464.00, 46554.00, 464.00, NULL, 0, '2019-08-29'),
(84, 15, 2, 'product', 0, 'test', '1234', NULL, NULL, 1, NULL, 464.00, 464.00, 6564.00, 464.00, 464.00, 5464.00, 46456.00, 434.00, 43453.00, 6456.00, 464.00, 46554.00, 464.00, NULL, 0, '2019-08-29'),
(85, 15, 2, 'product', 0, 'test', '1234', NULL, NULL, 1, NULL, 464.00, 464.00, 6564.00, 464.00, 464.00, 5464.00, 46456.00, 434.00, 43453.00, 6456.00, 464.00, 46554.00, 464.00, NULL, 0, '2019-08-29'),
(86, 15, 2, 'product', 0, 'test', '1234', NULL, NULL, 1, NULL, 464.00, 464.00, 6564.00, 464.00, 464.00, 5464.00, 46456.00, 434.00, 43453.00, 6456.00, 464.00, 46554.00, 464.00, NULL, 0, '2019-08-29'),
(87, 15, 2, 'منتج جديد', 0, 'test', '1234', NULL, NULL, 1, NULL, 464.00, 464.00, 6564.00, 464.00, 464.00, 5464.00, 46456.00, 434.00, 43453.00, 6456.00, 464.00, 46554.00, 464.00, NULL, 0, '2019-08-29'),
(88, 15, 1, 'test2', 1, NULL, NULL, NULL, NULL, 0, NULL, NULL, NULL, NULL, NULL, NULL, NULL, NULL, NULL, 10000.00, NULL, NULL, NULL, NULL, NULL, 0, '2019-08-29'),
(89, 15, 1, 'test2', 1, NULL, NULL, NULL, NULL, 0, NULL, NULL, NULL, NULL, NULL, NULL, NULL, NULL, NULL, 10000.00, NULL, NULL, NULL, NULL, NULL, 0, '2019-08-29'),
(90, 15, 2, 'product', 0, 'test', '1234', NULL, NULL, 1, NULL, 464.00, 464.00, 6564.00, 464.00, 464.00, 5464.00, 46456.00, 434.00, 43453.00, 6456.00, 464.00, 46554.00, 464.00, NULL, 0, '2019-08-29'),
(91, 15, 1, 'ppppppppppppppppppp', 1, 'ppppppppppppppppp', 'pppppppppppppppppp', NULL, NULL, 0, NULL, NULL, NULL, NULL, NULL, NULL, NULL, NULL, NULL, 455.00, NULL, NULL, NULL, NULL, NULL, 0, '2019-09-12'),
(92, 15, 4, 'oooooooooooo', 1, 'oooooooooooooo', 'ooooooooooooo', NULL, NULL, 1, NULL, NULL, NULL, NULL, NULL, NULL, NULL, NULL, NULL, 44444.00, 456465.00, 654654.00, 4654.00, 564654.00, NULL, 0, '2019-09-12'),
(93, 68, 2, 'Coca-Cola', 0, 'Pepsi', '123456', 'A122', 'B1234', 1, NULL, 15000.00, NULL, 90000.00, 15000.00, 110000.00, 10000.00, 17000.00, 13000.00, 50000.00, 125000.00, 123000.00, 132000.00, NULL, NULL, 0, '2019-09-15'),
(94, 68, 2, 'Krispy Kreme.', 0, NULL, NULL, NULL, NULL, 1, NULL, 15000.00, NULL, 90000.00, 15000.00, 110000.00, 10000.00, 17000.00, 13000.00, 50000.00, 125000.00, 123000.00, 132000.00, NULL, NULL, 0, '2019-09-15'),
(95, 68, 2, 'product', 0, NULL, NULL, NULL, NULL, 1, NULL, 1.00, 656541.00, 1.00, 11.00, 1.00, 34.00, 43.00, 343.00, 433.00, 5464.00, 6456464.00, 64564.00, 56.00, NULL, 0, '2019-09-16'),
(96, 68, 2, 'or', 0, NULL, NULL, NULL, NULL, 1, NULL, 8.00, 89.00, 88.00, 878.00, 898.00, 898.00, 89898.00, 777.00, 7887.00, 433.00, 8889.00, 79.00, 8989.00, NULL, 0, '2019-09-16'),
(97, 68, 2, 'coffee', 1, 'dsad', '2132', '3232', '23232', 1, NULL, NULL, NULL, NULL, NULL, NULL, NULL, NULL, NULL, 6456456.00, 4655456.00, 7546.00, 565.00, 56.00, NULL, 0, '2019-09-16'),
(98, 72, 4, 'Smart Personal Air Cooler', 1, 'Air Arabia Egypt', '120500', '123', '1234', 1, NULL, NULL, NULL, NULL, NULL, NULL, NULL, NULL, NULL, 123456.00, 12000.00, 35678.00, 3000.00, 6789.00, NULL, 0, '2019-09-16'),
(99, 72, 2, 'product', 0, NULL, NULL, NULL, NULL, 1, NULL, 15000.00, NULL, 90000.00, 15000.00, 110000.00, 10000.00, 17000.00, 13000.00, 50000.00, 125000.00, 123000.00, 132000.00, NULL, NULL, 0, '2019-09-17'),
(100, 15, 1, 'goods', 1, 'asd', 'asd', 'sdfsfds', 'sdfsfs', 0, NULL, NULL, NULL, NULL, NULL, NULL, NULL, NULL, NULL, 4554.54, NULL, NULL, NULL, NULL, NULL, 0, '2019-09-17'),
(101, 15, 1, 'goods', 1, 'asd', 'asd', 'eeeeeeeeeee', 'eeeeeeeeeeeeeeee', 0, NULL, NULL, NULL, NULL, NULL, NULL, NULL, NULL, NULL, 4554.54, NULL, NULL, NULL, NULL, NULL, 0, '2019-09-17'),
(102, 72, 2, 'corn flex', 0, NULL, NULL, NULL, NULL, 1, NULL, 655.00, 88.00, 90.00, 908.00, 890.00, 878.00, 7898.00, 988989.00, 89.00, 324.00, 98.00, 8.00, 898.00, NULL, 0, '2019-09-17'),
(103, 72, 2, 'source', 1, 'air-source', '123456', '6789', '23456', 1, NULL, NULL, NULL, NULL, NULL, NULL, NULL, NULL, NULL, 7577.00, 454.00, 76576.00, 23.00, 67766.00, NULL, 0, '2019-09-17'),
(104, 72, 1, 'New product', 0, NULL, NULL, NULL, NULL, 0, 90000.00, 187453.44, NULL, 105751.13, 50691.03, 3657723.63, 1498107.96, 2046755.98, 7858271.78, 87492.19, NULL, NULL, NULL, NULL, NULL, 0, '2019-09-18'),
(105, 72, 2, 'Test2', 0, NULL, NULL, NULL, NULL, 1, NULL, 7.00, 767.00, 8787.00, 7.00, 6565.00, 6757.00, 767.00, 767.00, 6776.00, 12345.00, 67.00, 56.00, 76.00, NULL, 0, '2019-09-18'),
(106, 72, 1, 'Smart watch', 0, NULL, NULL, NULL, NULL, 0, 90000.00, 187453.44, NULL, 105751.13, 50691.03, 3657723.63, 1498107.96, 2046755.98, 7858271.78, 87492.19, NULL, NULL, NULL, NULL, NULL, 0, '2019-09-18'),
(107, 73, 2, '.جبن مطبوخ مثلثات', 0, NULL, NULL, NULL, NULL, 1, NULL, 416.10, 0.00, 107.74, 0.00, 632.40, 174.63, 74.86, 390.00, 1271.03, 7063.28, 1506.02, 5522.24, 1554.78, NULL, 0, '2019-09-18'),
(108, 73, 2, 'test', 0, NULL, NULL, NULL, NULL, 1, NULL, 455.00, 545.00, 645.00, 454.00, 545.00, 44.00, 54.00, 55.00, 5.00, 3213.00, 54.00, 4545.00, 4.00, NULL, 0, '2019-09-18'),
(109, 15, 4, 'hhhhhhhhh', 1, 'hhhhhhh', 'hhh', 'hhh', 'hhh', 1, NULL, NULL, NULL, NULL, NULL, NULL, NULL, NULL, NULL, 12.00, 12.00, 12.00, 12.00, 12.00, NULL, 0, '2019-09-18'),
(110, 15, 2, 'kl', 0, NULL, NULL, NULL, NULL, 1, NULL, 1.00, 1.00, 1.00, 1.00, 11.00, 1.00, 1.00, 1.00, 1.00, 55545.00, 1.00, 1.00, 1.00, NULL, 0, '2019-09-19'),
(111, 15, 3, 'اتلالتا', 1, 'تتتتتتتت', 'تتتتتتتتتت', 'تتتتتتتت', 'تتتتتتتتتت', 1, NULL, NULL, NULL, NULL, NULL, NULL, NULL, NULL, NULL, 15.00, 15.00, 15.00, 15.00, 15.00, NULL, 0, '2019-09-22'),
(112, 15, 2, 'popopopopoxs', 1, 'popopopopoxs', 'popopopopoxs', 'popopopopoxs', 'popopopopoxs', 1, NULL, NULL, NULL, NULL, NULL, NULL, NULL, NULL, NULL, 51.00, 1515.00, 51551.00, 515.00, 51.00, NULL, 0, '2019-09-25'),
(113, 15, 5, 'ttutyuty', 1, '54', '5454', '5454', '5445', 0, NULL, NULL, NULL, NULL, NULL, NULL, NULL, NULL, NULL, 1554545454.00, NULL, NULL, NULL, NULL, NULL, 0, '2019-09-25'),
(114, 15, 5, 'ttutyuty', 1, '54', '5454', '5454', '5445', 0, NULL, NULL, NULL, NULL, NULL, NULL, NULL, NULL, NULL, 1554545454.00, NULL, NULL, NULL, NULL, NULL, 0, '2019-09-26'),
(115, 72, 3, 'Bubble Wrap', 0, NULL, NULL, NULL, NULL, 1, NULL, 45454.00, 43434.00, 45454.00, 54545.00, 45454.00, 54545.00, 45454.00, 54545.00, 454545.00, 23234.00, 554545.00, 902333.00, 821334.00, NULL, 0, '2019-09-29'),
(116, 15, 2, 'test', 1, 'fdfd', '32423', '343', '34343', 1, NULL, NULL, NULL, NULL, NULL, NULL, NULL, NULL, NULL, 786.00, 87667567.00, 86778.00, 6767.00, 78678.00, NULL, 0, '2019-09-29'),
(117, 76, 1, 'Product1', 1, 'company', '123456', '1234', '12345', 0, NULL, NULL, NULL, NULL, NULL, NULL, NULL, NULL, NULL, 8768.70, NULL, NULL, NULL, NULL, NULL, 0, '2019-09-30'),
(118, 76, 1, 'Product1', 1, 'company', '123456', '1234', '12345', 0, NULL, NULL, NULL, NULL, NULL, NULL, NULL, NULL, NULL, 8768.70, NULL, NULL, NULL, NULL, NULL, 0, '2019-09-30'),
(119, 72, 3, 'Bubble Wrap', 0, NULL, NULL, NULL, NULL, 1, NULL, 45454.00, 43434.00, 45454.00, 54545.00, 45454.00, 54545.00, 45454.00, 54545.00, 454545.00, 23234.00, 554545.00, 902333.00, 821334.00, NULL, 0, '2019-09-29'),
(120, 72, 3, 'Bubble Wrap', 0, NULL, NULL, NULL, NULL, 1, NULL, 45454.00, 43434.00, 45454.00, 54545.00, 45454.00, 54545.00, 45454.00, 54545.00, 454545.00, 23234.00, 554545.00, 902333.00, 821334.00, NULL, 0, '2019-09-29'),
(121, 80, 1, 'LCD', 0, NULL, NULL, NULL, NULL, 0, 1000.00, 900.00, 400.00, 600.00, 100.00, 200.00, 50.00, 50.00, 100.00, 50.00, NULL, NULL, NULL, NULL, NULL, 0, '2019-10-01'),
(122, 72, 3, 'Bubble Wrap', 1, 'Company', '122', '456', '676', 1, NULL, NULL, NULL, NULL, NULL, NULL, NULL, NULL, NULL, 454545.00, 23.23, 554545.00, 5456.00, 821334.65, NULL, 0, '2019-10-01'),
(123, 72, 4, 'Smart Personal Air Cooler', 1, 'Air Arabia Egypt', '120500', '123', '1234', 1, NULL, NULL, NULL, NULL, NULL, NULL, NULL, NULL, NULL, 123456.00, 12000.00, 35678.00, 3000.00, 6789.00, NULL, 0, '2019-09-16'),
(124, 72, 4, 'Smart Personal Air Cooler', 1, 'Air Arabia Egypt', '120500', '123', '1234', 1, NULL, NULL, NULL, NULL, NULL, NULL, NULL, NULL, NULL, 123456.00, 12000.00, 35678.00, 3000.00, 6789.00, NULL, 0, '2019-09-16'),
(125, 72, 4, 'Smart Personal Air Cooler', 1, 'Air Arabia Egypt', '120500', '123', '1234', 1, NULL, NULL, NULL, NULL, NULL, NULL, NULL, NULL, NULL, 123456.00, 12000.00, 35678.00, 3000.00, 6789.00, NULL, 0, '2019-09-16'),
(126, 84, 1, 'LCD TV', 0, NULL, NULL, NULL, NULL, 0, 100000.00, 100.00, 100.00, 200.00, 10.00, 10.00, 10.00, 5.00, 10.00, 5.00, NULL, NULL, NULL, NULL, NULL, 0, '2019-10-01'),
(127, 72, 4, 'Smart Personal Air Cooler', 1, 'Air Arabia Egypt', '120500', '123', '1234', 1, NULL, NULL, NULL, NULL, NULL, NULL, NULL, NULL, NULL, 123456.00, 12000.00, 35678.00, 3000.00, 6789.00, NULL, 0, '2019-09-16'),
(128, 72, 4, 'Smart Personal Air Cooler', 1, 'Air Arabia Egypt', '120500', '123', '1234', 1, NULL, NULL, NULL, NULL, NULL, NULL, NULL, NULL, NULL, 123456.00, 12000.00, 35678.00, 3000.00, 6789.00, NULL, 0, '2019-09-16'),
(129, 72, 4, 'Smart Personal Air Cooler', 1, 'Air Arabia Egypt', '120500', '123', '1234', 1, NULL, NULL, NULL, NULL, NULL, NULL, NULL, NULL, NULL, 123456.00, 12000.00, 35678.00, 3000.00, 6789.00, NULL, 0, '2019-09-16'),
(130, 72, 4, 'Smart Personal Air Cooler', 1, 'Air Arabia Egypt', '120500', '123', '1234', 1, NULL, NULL, NULL, NULL, NULL, NULL, NULL, NULL, NULL, 123456.00, 12000.00, 35678.00, 3000.00, 6789.00, NULL, 0, '2019-09-16'),
(131, 72, 4, 'Smart Personal Air Cooler', 1, 'Air Arabia Egypt', '120500', '123', '1234', 1, NULL, NULL, NULL, NULL, NULL, NULL, NULL, NULL, NULL, 123456.00, 12000.00, 35678.00, 3000.00, 6789.00, NULL, 0, '2019-09-16'),
(132, 72, 4, 'Smart Personal Air Cooler', 1, 'Air Arabia Egypt', '120500', '123', '1234', 1, NULL, NULL, NULL, NULL, NULL, NULL, NULL, NULL, NULL, 123456.00, 12000.00, 35678.00, 3000.00, 6789.00, NULL, 0, '2019-09-16'),
(133, 72, 4, 'Smart Personal Air Cooler', 1, 'Air Arabia Egypt', '120500', '123', '1234', 1, NULL, NULL, NULL, NULL, NULL, NULL, NULL, NULL, NULL, 123456.00, 12000.00, 35678.00, 3000.00, 6789.00, NULL, 0, '2019-09-16'),
(134, 72, 4, 'Smart Personal Air Cooler', 1, 'Air Arabia Egypt', '120500', '123', '1234', 1, NULL, NULL, NULL, NULL, NULL, NULL, NULL, NULL, NULL, 123456.00, 12000.00, 35678.00, 3000.00, 6789.00, NULL, 0, '2019-09-16'),
(135, 84, 1, 'LCD TV', 0, NULL, NULL, NULL, NULL, 0, 100000.00, 100.00, 100.00, 200.00, 10.00, 10.00, 10.00, 5.00, 10.00, 5.00, NULL, NULL, NULL, NULL, NULL, 0, '2019-10-01'),
(136, 84, 1, 'LCD TV', 0, NULL, NULL, NULL, NULL, 0, 100000.00, 100.00, 100.00, 200.00, 10.00, 10.00, 10.00, 5.00, 10.00, 5.00, NULL, NULL, NULL, NULL, NULL, 0, '2019-10-01'),
(137, 72, 2, 'corn flex', 0, NULL, NULL, NULL, NULL, 1, NULL, 655.00, 88.00, 90.00, 908.00, 890.00, 878.00, 7898.00, 988989.00, 89.00, 324.00, 98.00, 8.00, 898.00, NULL, 0, '2019-09-17'),
(138, 72, 4, 'Smart Personal Air Cooler', 0, 'Air Arabia Egypt', '120500', '123', '1234', 1, NULL, 7.00, 7.00, 7.00, 7.00, 7.00, 7.00, 7.00, 7.00, 7.00, 7.00, 7.00, 7.00, 7.00, NULL, 0, '2019-09-16'),
(139, 72, 1, 'uuu', 0, 'cc', 'cc', 'cc', 'cc', 0, 3.00, 3.00, 3.00, 3.00, 3.00, 3.00, 3.00, 3.00, 33.00, 3.00, NULL, NULL, NULL, NULL, NULL, 0, '2019-10-01'),
(140, 26, 5, 'jhjjhj', 1, 'jhgj', 'hjgfh', 'yutr', 'gyutu', 0, NULL, NULL, NULL, NULL, NULL, NULL, NULL, NULL, NULL, 564.00, NULL, NULL, NULL, NULL, NULL, 0, '2019-10-02'),
(141, 15, 5, 'jhjjhj', 1, 'jhgj', 'hjgfh', 'yutr', 'gyutu', 0, NULL, NULL, NULL, NULL, NULL, NULL, NULL, NULL, NULL, 67.00, NULL, NULL, NULL, NULL, NULL, 0, '2019-10-02'),
(142, 15, 1, 'hjgf', 1, 'ytyu', 'uyi', '3434', '3434', 0, NULL, NULL, NULL, NULL, NULL, NULL, NULL, NULL, NULL, 78.00, NULL, NULL, NULL, NULL, NULL, 0, '2019-10-02'),
(143, 72, 1, 'Test', 0, NULL, NULL, NULL, NULL, 0, 90000.00, 8989.00, 9822.00, 989.00, 989.00, 898.00, 9898.00, 9.00, 898.00, 8.00, NULL, NULL, NULL, NULL, NULL, 0, '2019-10-02'),
(144, 15, 2, 'test', 1, NULL, NULL, NULL, NULL, 1, NULL, NULL, NULL, NULL, NULL, NULL, NULL, NULL, NULL, 5454.00, 24545.00, 5454.00, 5454.00, 5454.00, NULL, 0, '2019-08-29'),
(145, 15, 2, 'test', 1, NULL, NULL, NULL, NULL, 1, NULL, NULL, NULL, NULL, NULL, NULL, NULL, NULL, NULL, 5454.00, 24545.00, 5454.00, 5454.00, 5454.00, NULL, 0, '2019-08-29'),
(146, 15, 2, 'test', 1, NULL, NULL, NULL, NULL, 1, NULL, NULL, NULL, NULL, NULL, NULL, NULL, NULL, NULL, 5454.00, 24545.00, 5454.00, 5454.00, 5454.00, NULL, 0, '2019-08-29'),
(147, 15, 2, 'test', 1, NULL, NULL, NULL, NULL, 1, NULL, NULL, NULL, NULL, NULL, NULL, NULL, NULL, NULL, 5454.00, 24545.00, 5454.00, 5454.00, 5454.00, NULL, 0, '2019-08-29'),
(148, 15, 2, 'test', 1, NULL, NULL, NULL, NULL, 1, NULL, NULL, NULL, NULL, NULL, NULL, NULL, NULL, NULL, 5454.00, 24545.00, 5454.00, 5454.00, 5454.00, NULL, 0, '2019-08-29'),
(149, 15, 2, 'test', 1, NULL, NULL, NULL, NULL, 1, NULL, NULL, NULL, NULL, NULL, NULL, NULL, NULL, NULL, 5454.00, 24545.00, 5454.00, 5454.00, 5454.00, NULL, 0, '2019-08-29'),
(150, 15, 2, 'test', 1, NULL, NULL, NULL, NULL, 1, NULL, NULL, NULL, NULL, NULL, NULL, NULL, NULL, NULL, 5454.00, 24545.00, 5454.00, 5454.00, 5454.00, NULL, 0, '2019-08-29'),
(151, 15, 2, 'test', 1, NULL, NULL, NULL, NULL, 1, NULL, NULL, NULL, NULL, NULL, NULL, NULL, NULL, NULL, 5454.00, 24545.00, 5454.00, 5454.00, 5454.00, NULL, 0, '2019-08-29'),
(152, 85, 1, 'lcd tv333', 0, NULL, NULL, NULL, NULL, 0, 100000.00, 15.00, 15.00, 50.00, 3.00, 10.00, 1.00, 1.00, 1.00, 1.00, NULL, NULL, NULL, NULL, NULL, 0, '2019-10-02'),
(153, 15, 2, 'test', 1, NULL, NULL, NULL, NULL, 1, NULL, NULL, NULL, NULL, NULL, NULL, NULL, NULL, NULL, 5454.00, 24545.00, 5454.00, 5454.00, 5454.00, NULL, 0, '2019-08-29'),
(154, 15, 2, 'test', 1, NULL, NULL, NULL, NULL, 1, NULL, NULL, NULL, NULL, NULL, NULL, NULL, NULL, NULL, 5454.00, 24545.00, 5454.00, 5454.00, 5454.00, NULL, 0, '2019-08-29'),
(155, 15, 2, 'test', 1, NULL, NULL, NULL, NULL, 1, NULL, NULL, NULL, NULL, NULL, NULL, NULL, NULL, NULL, 5454.00, 24545.00, 5454.00, 5454.00, 5454.00, NULL, 0, '2019-08-29'),
(156, 15, 3, 'test after merge', 1, '786587', '675', '675', '76785', 1, NULL, NULL, NULL, NULL, NULL, NULL, NULL, NULL, NULL, 678.00, 7896786.00, 876.00, 876.00, 76587.00, NULL, 0, '2019-10-20'),
(157, 15, 3, 'hjgf', 1, 'ytyu', 'uyi', '3434', '3434', 1, NULL, NULL, NULL, NULL, NULL, NULL, NULL, NULL, NULL, 67.00, 87968.00, 678.00, 786.00, 67.00, NULL, 0, '2019-10-22'),
(158, 89, 2, 'Coffe mix', 1, 'Inter Company', '13255', '5454', '7667', 1, NULL, NULL, NULL, NULL, NULL, NULL, NULL, NULL, NULL, 5454.00, 2988847.00, 4545.00, 435.00, NULL, NULL, 0, '2019-10-24'),
(159, 15, 2, 'ER', 0, NULL, NULL, NULL, NULL, 1, NULL, 5.00, 5.00, 5.00, 5.00, 4545.00, 8.00, 4.00, 6.00, 33.00, 4693.00, 767.00, 545.00, 657.00, NULL, 0, '2019-08-29'),
(160, 88, 2, '77', 1, '7', '7', '7', '7', 1, NULL, NULL, NULL, NULL, NULL, NULL, NULL, NULL, NULL, 7.00, 7.00, 7.00, 7.00, 7.00, NULL, 0, '2019-10-24'),
(161, 15, 3, 'testtttttttt', 1, 'iuyi', 'iuyi', 'iuoy', 'yuitu', 1, NULL, NULL, NULL, NULL, NULL, NULL, NULL, NULL, NULL, 7896.00, 9870.00, 87967.00, 98.00, 87.00, NULL, 0, '2019-10-25'),
(162, 15, 2, 'yyyy', 1, 'yu', 'yu', 'yu', 'yu', 1, NULL, NULL, NULL, NULL, NULL, NULL, NULL, NULL, NULL, 888.00, 87677.00, 7777.00, 77.00, 88.00, NULL, 0, '2019-10-25'),
(163, 15, 4, 'fggf', 1, 'gfgf', 'ere', 'werer', '4545454fd', 1, NULL, NULL, NULL, NULL, NULL, NULL, NULL, NULL, NULL, 54454.00, 4354545454.00, 454.00, 454.00, 43543.00, NULL, 0, '2019-10-26'),
(164, 15, 3, 'rrtrt', 1, 'rtrtr', 'rtrtrt', 'ww', 'ewew', 1, NULL, NULL, NULL, NULL, NULL, NULL, NULL, NULL, NULL, 554.00, 545454.00, 5454.00, 565.00, 443.00, NULL, 0, '2019-10-26'),
(165, 15, 4, 'dfd', 0, NULL, NULL, NULL, NULL, 1, NULL, 98.00, 98.00, 98.00, 89.00, 98.00, 98.00, 98.00, 98.00, 9.00, 786865.00, 98.00, 87.00, 98.00, NULL, 0, '2019-10-26'),
(166, 15, 2, 'dd', 1, 'weeEWEW', 'WRWER', 'RERER', 'ERER', 1, NULL, NULL, NULL, NULL, NULL, NULL, NULL, NULL, NULL, 3434.00, 3332323.00, 3232.00, 32.00, 343.00, NULL, 0, '2019-10-26'),
(167, 15, 2, 'EEE', 1, '3343', 'YUTU', 'UITY', 'YUIT', 1, NULL, NULL, NULL, NULL, NULL, NULL, NULL, NULL, NULL, 65.00, 676757.00, 6.00, 6758.00, 6.00, NULL, 0, '2019-10-26'),
(168, 89, 2, 'sunflower oil', 0, NULL, NULL, NULL, NULL, 1, NULL, 6666.00, 76.00, 77.00, 6666.00, 666.00, 23.00, 2000.00, 32343.00, 32111.00, 12.00, 99.00, 23.00, 98.00, NULL, 0, '2019-10-27'),
(169, 89, 4, 'Plastic Chair', 1, 'ABC', '123', '567', 'EFG', 1, NULL, NULL, NULL, NULL, NULL, NULL, NULL, NULL, NULL, 1000.00, 12.00, 65.00, 56.00, 32.00, NULL, 0, '2019-10-27'),
(170, 89, 2, 'dfdee', 0, NULL, NULL, NULL, NULL, 1, NULL, 7775.00, 543.00, 3445.00, 54.00, 55555.00, 6666.00, 77777.00, 9999.00, 8878.00, 887.00, 665.00, 878.00, 66.00, NULL, 0, '2019-10-27'),
(171, 15, 4, 'uyiu', 1, 'jhgj', 'hjgfh', 'yutr', 'gyutu', 1, NULL, NULL, NULL, NULL, NULL, NULL, NULL, NULL, NULL, 789.00, 545.00, 789.00, 67.00, 76.00, NULL, 0, '2019-10-28'),
(172, 89, 3, 'Laptop Bag', 0, NULL, NULL, NULL, NULL, 1, NULL, 655.00, 987.00, 655.00, 7666.00, 776.00, 776.00, 776.00, 898.00, 88.00, 12.00, 877.00, 87.00, 98.00, NULL, 0, '2019-10-28'),
(173, 89, 7, 'fdd', 0, NULL, NULL, NULL, NULL, 1, NULL, 646.00, 455.00, 334.00, 446.00, 646.00, 6464.00, 44.00, 33.00, 33.00, 8989.00, 7866.00, 9898.00, 664.00, NULL, 0, '2019-10-28'),
(174, 15, 2, 'test one cert', 1, 'uiuy', 'ui', 'iu', 'iu', 1, NULL, NULL, NULL, NULL, NULL, NULL, NULL, NULL, NULL, 5.00, 25.00, 5.00, 34.00, 5.00, NULL, 0, '2019-10-28'),
(175, 15, 2, 'fdfd', 1, 'yuitu', 'uiot', 'uoi', 'iuo', 1, NULL, NULL, NULL, NULL, NULL, NULL, NULL, NULL, NULL, 87.00, 7896.00, 7658.00, 89.00, 7.00, NULL, 0, '2019-10-28'),
(176, 89, 7, 'ABC', 0, 'kjjkk', 'llklklk;', 'lmmlml', 'hhuhuh', 1, NULL, 654.00, 5554.00, 88.00, 7766.00, 554.00, 6665.00, 334.00, 7889.00, 998.00, 665.00, 7677.00, 88.00, 666.00, NULL, 0, '2019-10-30'),
(177, 89, 2, 'ABC', 0, NULL, NULL, NULL, NULL, 1, NULL, 433.00, 776.00, 776.00, 88877.00, 9987.00, 998.00, 7665.00, 87.00, 765.00, 9898.00, 5443.00, 8787.00, 6654.00, NULL, 0, '2019-10-30'),
(178, 15, 4, 'حديد وصلب ', 1, NULL, NULL, NULL, NULL, 1, NULL, NULL, NULL, NULL, NULL, NULL, NULL, NULL, NULL, 2000.00, 200.00, 20.00, 20.00, 10.00, NULL, 0, '2019-08-29'),
(179, 15, 1, 'originalData', 1, NULL, NULL, NULL, NULL, 0, NULL, NULL, NULL, NULL, NULL, NULL, NULL, NULL, NULL, 10.00, NULL, NULL, NULL, NULL, NULL, 0, '2019-08-29');

-- --------------------------------------------------------

--
-- Table structure for table `assessment_methods`
--

CREATE TABLE `assessment_methods` (
  `id` int(10) UNSIGNED NOT NULL,
  `nameEn` text COLLATE utf8mb4_unicode_ci NOT NULL,
  `nameAr` text COLLATE utf8mb4_unicode_ci NOT NULL
) ENGINE=InnoDB DEFAULT CHARSET=utf8mb4 COLLATE=utf8mb4_unicode_ci;

--
-- Dumping data for table `assessment_methods`
--

INSERT INTO `assessment_methods` (`id`, `nameEn`, `nameAr`) VALUES
(1, 'detailed', 'مفصل'),
(2, 'totals', 'اجماليات');

-- --------------------------------------------------------

--
-- Table structure for table `attachments`
--

CREATE TABLE `attachments` (
  `id` bigint(20) UNSIGNED NOT NULL,
  `requestId` int(10) UNSIGNED DEFAULT NULL,
  `applicantId` int(10) UNSIGNED DEFAULT NULL,
  `isRepresentativeProof` tinyint(1) NOT NULL DEFAULT '0',
  `relativePath` varchar(255) COLLATE utf8mb4_unicode_ci NOT NULL,
  `originalName` text COLLATE utf8mb4_unicode_ci NOT NULL,
  `isDeleted` tinyint(1) NOT NULL DEFAULT '0',
  `deleted_at` timestamp NULL DEFAULT NULL,
  `created_at` timestamp NULL DEFAULT NULL,
  `updated_at` timestamp NULL DEFAULT NULL
) ENGINE=InnoDB DEFAULT CHARSET=utf8mb4 COLLATE=utf8mb4_unicode_ci;

--
-- Dumping data for table `attachments`
--

INSERT INTO `attachments` (`id`, `requestId`, `applicantId`, `isRepresentativeProof`, `relativePath`, `originalName`, `isDeleted`, `deleted_at`, `created_at`, `updated_at`) VALUES
(1, 16, NULL, 1, '15608712412215APIs.xlsx', 'APIs.xlsx', 0, NULL, '2019-06-18 17:20:41', '2019-06-18 17:45:11'),
(2, 16, NULL, 0, '15608713395369APIs.xlsx', 'APIs.xlsx', 0, NULL, '2019-06-18 17:22:19', '2019-06-18 17:45:11'),
(3, NULL, 2, 0, '15609443383188المنتجات الحاصلة علي شهادات_export_1560626628656.xlsx', 'المنتجات الحاصلة علي شهادات_export_1560626628656.xlsx', 0, NULL, '2019-06-19 13:38:58', '2019-06-19 13:40:27'),
(4, 17, NULL, 0, '15609451665456Most Expensive Materials_export_1560256082883.xlsx', 'Most Expensive Materials_export_1560256082883.xlsx', 0, NULL, '2019-06-19 13:52:46', '2019-06-19 13:52:49'),
(5, 18, NULL, 0, '15610404355024document.pdf', 'document.pdf', 0, NULL, '2019-06-20 16:20:35', '2019-06-20 16:23:11'),
(9, NULL, 1, 0, 'oPOD2PtKngwFG2bxlJzceib44gVgKqFQM4XKG7Vt.pdf', 'document.pdf', 0, NULL, '2019-06-24 10:28:48', '2019-09-15 11:56:53'),
(10, 19, NULL, 0, 'eWynCQhA97o2NqDeCbuYPVGuFRKmyagcntgvadbY.xlsx', 'APIs.xlsx', 0, NULL, '2019-06-24 10:31:57', '2019-06-26 10:41:18'),
(11, 19, NULL, 0, 'EdZewjwgiP4GHv9NablbXQp4SEdc9P0jTmyVRAHA.pdf', 'document.pdf', 0, NULL, '2019-06-24 10:32:10', '2019-06-26 10:41:18'),
(109, 20, NULL, 0, 'tD2DwZmukrQI0lALSu3z5rXr2pE2wRgY5Gtu8Yky.xlsx', 'APIs.xlsx', 0, NULL, '2019-06-26 15:00:41', '2019-06-26 15:04:42'),
(111, 21, NULL, 1, '0Heynl8rgIRO1aHEjvPiHm8e2nen2N5IebB3nTEq.xlsx', 'APIs.xlsx', 0, NULL, '2019-06-27 12:36:02', '2019-06-27 12:50:16'),
(112, 21, NULL, 0, 'eupFpzjZXRvypkrDaZYTiKdcDkrep0ZHBOvOcrz8.xlsx', 'APIs.xlsx', 0, NULL, '2019-06-27 12:36:59', '2019-06-27 12:50:16'),
(113, 22, NULL, 0, '4cBxGmPGYYd2tlcb2HvP1fjH0ngmuU1Krp9P8Eqe.xlsx', 'DoubleVisitGroupsTranslation.xlsx', 0, NULL, '2019-06-27 15:59:40', '2019-06-27 16:24:07'),
(114, 23, NULL, 0, 'yjFCChoYAA8JA05gW4PO5p6WiC0s5X7wPCRhWJa7.txt', 'stylesheet.css', 0, NULL, '2019-07-01 14:22:57', '2019-07-01 14:25:15'),
(115, 24, NULL, 0, '05wXwWyTcaaHA5PRwbx0tFjFqH2UAjsIuq7KbSUt.docx', 'Chambers links En and Ar.docx', 0, NULL, '2019-07-01 15:05:15', '2019-07-01 15:05:18'),
(116, 25, NULL, 0, '2BbW13ZCZ3XCtp0kHaMbQA9iOzKTzFxG55u4Llx7.html', 'Categories.xls', 0, NULL, '2019-07-01 15:36:23', '2019-07-01 15:52:03'),
(117, 26, NULL, 0, 'YUs2bCylj6UkpAr750hjQq3Ujz131KmWSUoZmYjK.xlsx', 'DoubleVisitGroupsTranslation.xlsx', 0, NULL, '2019-07-01 16:00:03', '2019-07-01 16:00:05'),
(118, 27, NULL, 0, 'zuQaOkFBWTmRdGQqGjP1P3EXguKQwv9bLUfkqYF7.xlsx', 'APIs.xlsx', 0, NULL, '2019-07-01 18:34:57', '2019-07-01 18:35:04'),
(119, 28, NULL, 0, 'LEJffAaiZGcWp5R3AlBigMEzmA9ipua4zUsZvp1S.xlsx', 'APIs.xlsx', 0, NULL, '2019-07-01 18:39:35', '2019-07-01 18:39:36'),
(120, 29, NULL, 0, 'G3IB6tvwai1lT5N7wKib7xkjyZOXFPKbdV6PgQrE.png', 'Capture.PNG', 0, NULL, '2019-07-02 11:08:46', '2019-07-21 10:15:04'),
(121, 30, NULL, 0, 'of6GoKqNElbMnj6yn95DxnS0AgXkUVv3gpKtj4h5.xlsx', 'حساب الاجماليات.xlsx', 0, NULL, '2019-07-03 10:30:59', '2019-07-03 10:31:11'),
(122, 31, NULL, 0, 'escj9QzNSwL2skbwCBUEfmW0UusMBuOCo5t4TqYu.html', 'tabstrip.htm', 0, NULL, '2019-07-05 14:30:47', '2019-09-16 09:41:20'),
(123, 31, NULL, 0, 'nWamGfSqukoon9cvx8hao4MNAapTulrD6v7RgYSL.txt', 'stylesheet.css', 0, NULL, '2019-07-05 14:30:47', '2019-09-16 09:41:20'),
(124, 31, NULL, 0, 'SE1bdlQFriFIc5JIDv16POMGO783AwyCbSkd2Oy0.html', 'sheet001.htm', 0, NULL, '2019-07-05 14:30:47', '2019-09-16 09:41:20'),
(125, 32, NULL, 0, 'gzDewvO1td5OvmhhB0a9AapaWXfqLL5GwfhHgJFO.png', 'user2.png', 0, NULL, '2019-07-05 14:37:02', '2019-07-21 17:41:51'),
(126, 32, NULL, 0, 'OKn8EwGLGBMabxQDNUVDSr512v6g65d4UAooU4F9.png', 'user1.png', 0, NULL, '2019-07-05 14:37:02', '2019-07-21 17:41:51'),
(128, 33, NULL, 0, 'XPQW79IlcowyLvKT7SurOhuzVIykKBroLgDwSubb.xlsx', 'DoubleVisitQuestionsTranslation (4).xlsx', 0, NULL, '2019-07-14 15:21:55', '2019-07-14 15:31:57'),
(129, 33, NULL, 0, 'QnxyNBSuen1U5ssU4dlValRlkcisS250vtxPiz6O.xlsx', 'DoubleVisitQuestionsTranslation (2).xlsx', 0, NULL, '2019-07-14 15:21:55', '2019-07-14 15:31:57'),
(130, 33, NULL, 0, 'GOaHg4cZvipW7QQd6WGKugBB7BB8EsMiMeGd91cu.xlsx', 'DoubleVisitGroupsTranslation.xlsx', 0, NULL, '2019-07-14 15:21:55', '2019-07-14 15:31:57'),
(131, 33, NULL, 0, 'ikNM5UzEYTAHxGjITHTxprOavpC3uZI3l9t8pEIt.html', 'Evaluations.xls', 0, NULL, '2019-07-14 15:21:55', '2019-07-14 15:31:57'),
(132, 33, NULL, 0, '3kGToLk5rs0fEd4751SrZhg8Y2fmSVeB8MWsSpdA.xlsx', 'DoubleVisitQuestionsTranslation.xlsx', 0, NULL, '2019-07-14 15:21:55', '2019-07-14 15:31:57'),
(138, 34, NULL, 1, 'JuWtuL916NqKrlxK72J2kMkICJbOC2ZBctHRA8BG.jpeg', '18.jpg', 0, NULL, '2019-07-16 17:45:02', '2019-07-16 17:45:47'),
(139, 34, NULL, 0, 'KGL3OfG4FVrAeqM5ioq7OQhDkM9I4bD89tKMlP5n.png', '16.png', 0, NULL, '2019-07-16 17:45:39', '2019-07-16 17:45:47'),
(140, 35, NULL, 0, 'MLlkziS8i5qDUfZCGGZ6wsGYVzYNoGFRvykmE2gq.jpeg', 'dubai.jpg', 0, NULL, '2019-07-21 10:05:51', '2019-07-21 11:29:48'),
(141, 35, NULL, 0, 'Ymwdt1k0nOUOG8mTD8aka1H3DNu8PWQBrhc47H9A.jpeg', 'duflag.jpg', 0, NULL, '2019-07-21 10:05:51', '2019-07-21 11:29:48'),
(142, 35, NULL, 0, 'DYIQ6ranmM83o87Z42KYBRjptRDSf1nfHuNQcafn.png', 'egypt.png', 0, NULL, '2019-07-21 10:05:51', '2019-07-21 11:29:48'),
(143, 35, NULL, 0, 'rlcD1RQlkuEsyJTAPFDeTF6WEkBf29j5gB3gqSxw.png', 'eng.png', 0, NULL, '2019-07-21 10:05:51', '2019-07-21 11:29:48'),
(144, 35, NULL, 0, 'W1K3XwKkpTNNWrOdZI2yB5IC1it7H2TTf6ARSXpX.png', 'du.png', 0, NULL, '2019-07-21 10:05:51', '2019-07-21 11:29:48'),
(145, 36, NULL, 0, 'd1YYQgzm9vRTvvY6lBKPXHdiYuRlCK7bT6sN56Hz.jpeg', 'download (2).jpg', 0, NULL, '2019-07-21 12:50:12', '2019-07-21 12:50:15'),
(146, 36, NULL, 0, 'AqKc9wza0QvXwl2ZvCqlG9LUaGIrf7sCeN3TW1HX.jpeg', 'download.jpg', 0, NULL, '2019-07-21 12:50:12', '2019-07-21 12:50:15'),
(147, 36, NULL, 0, 'n4inZY6qHcji3dffWram7iI5Nbg6Pf2mdtakE3qf.png', 'download.png', 0, NULL, '2019-07-21 12:50:12', '2019-07-21 12:50:15'),
(148, 36, NULL, 0, 'MtCuxxlhYy8z8SIcQcyxNWeOHPEBoSphB6AlIPGl.png', 'download (1).png', 0, NULL, '2019-07-21 12:50:12', '2019-07-21 12:50:15'),
(149, 36, NULL, 0, 'Ytsw7QVD6n7sftaMuP5hpWhybCOTsgJ4RIhmPvlC.jpeg', 'germany.jpg', 0, NULL, '2019-07-21 12:50:12', '2019-07-21 12:50:15'),
(150, 36, NULL, 0, 'jrIFCcs24Bnk2sI7jttU3EhgWVXCEOxPT5dOU3rA.jpeg', 'girl.jpg', 0, NULL, '2019-07-21 12:50:12', '2019-07-21 12:50:15'),
(151, 36, NULL, 0, 'E51hJBP3J8virZJNio9cwNzC8oDO0pvppKRYMEfl.png', 'hover.png', 0, NULL, '2019-07-21 12:50:12', '2019-07-21 12:50:15'),
(152, 36, NULL, 0, 'vHlPIXAF7YqCQ0UDfOaFGZ78taxDU2weDdmDdfNa.jpeg', 'images (1).jpg', 0, NULL, '2019-07-21 12:50:12', '2019-07-21 12:50:15'),
(153, 37, NULL, 0, 'OtSJc3jW0agr0PJQiO1MuZS7JEqKL2Mf3FbgW25B.png', 'asdad.png', 0, NULL, '2019-07-21 14:50:33', '2019-07-21 14:50:36'),
(154, 38, NULL, 0, '9DhhRHYgXg8VJh8ywDH2uCY59Vs53p2BX7U2eOgo.png', 'asd.png', 0, NULL, '2019-07-21 15:10:58', '2019-07-21 15:11:10'),
(155, 39, NULL, 0, 'XBRsfX2JWfSXtTjpyVeInw3Eso6XDz5Oiez5oP9m.png', 'asdad.png', 0, NULL, '2019-07-21 15:31:58', '2019-07-21 15:39:13'),
(156, 40, NULL, 0, 'hzb23GWk3445x6vADDixs9mRvmBVnH5SACAGFUml.jpeg', '20.jpg', 0, NULL, '2019-07-21 15:49:39', '2019-07-21 15:49:42'),
(157, 41, NULL, 0, 'Fck52pRlaGcnVGEhNpNzHIK9EU8H1914RXmHOUvV.png', 'asdad.png', 0, NULL, '2019-07-21 16:55:56', '2019-07-21 16:56:05'),
(159, 43, NULL, 0, 'REfknPkOmU3QmQYVkAmieX90Kbb2dUEJfcWEB9il.docx', 'Android - Requests Bugs.docx', 0, NULL, '2019-07-21 19:00:07', '2019-07-21 23:56:18'),
(161, 44, NULL, 0, 'spNGi2egIAv0wNMAcLBziQ4TUHR2iFEWzKzm6HT7.png', '1f2db49f7b291c601c76b257254bcafd.png', 0, NULL, '2019-07-21 20:12:18', '2019-09-30 11:21:16'),
(162, 45, NULL, 0, 'oNJ0mU6G0ISiLZw7qLgMpqcjzrhNS0egvtfwmYvZ.png', 'Create.PNG', 0, NULL, '2019-07-22 09:45:15', '2019-07-22 09:48:20'),
(163, 45, NULL, 1, 'VNOWYvBMGC3ZK2MD2lyiDX2hpSu9orbVePzy9Jp4.png', '2.PNG', 0, NULL, '2019-07-22 09:48:05', '2019-07-22 09:48:20'),
(164, 46, NULL, 0, 'PCSXw52o0Exn4reUC9npsXiNoMTvNtoVMwiWOuQx.jpeg', 'Casio E500.jpg', 0, NULL, '2019-07-22 11:26:52', '2019-07-22 11:27:16'),
(165, 47, NULL, 0, 'LhxnJFwb3BUxdlBexOnmPRRvBg3dgjX8P6rFhYcA.xlsx', 'APIs.xlsx', 0, NULL, '2019-08-26 11:43:21', '2019-08-26 11:43:26'),
(166, 48, NULL, 0, 'mTcx531f1Cv27mksAiUV3QwLmkd3RJ6foroQPfs4.docx', 'User must be registered with the fast registration in order to open the profile and fill the rest of data.docx', 0, NULL, '2019-08-28 11:10:05', '2019-08-28 11:10:09'),
(168, 52, NULL, 0, '1567377414o7zPwW9XVQk6Gl7HyoOboqo3Krsp4z.docx', 'User must be registered with the fast registration in order to open the profile and fill the rest of data.docx', 0, NULL, '2019-09-02 00:36:54', '2019-09-02 00:36:54'),
(169, 53, NULL, 0, '156744615916U6JyjhfG8cyJhw0PiUozJnRLRCcJ.docx', 'User must be registered with the fast registration in order to open the profile and fill the rest of data.docx', 0, NULL, '2019-09-02 19:42:39', '2019-09-02 19:42:39'),
(170, 54, NULL, 0, '1567930470acBnMnBndnuSq5fmiC3GBVgl3awDDn.png', 'asdad.png', 0, NULL, '2019-09-08 10:14:30', '2019-09-08 10:14:30'),
(171, 55, NULL, 0, '1567930932r6PbmkRha57JTvu5NazztTlnkKY6wj.png', 'asdad.png', 0, NULL, '2019-09-08 10:22:12', '2019-09-08 10:22:12'),
(172, 56, NULL, 0, '1567930949fjpmYw3OkNjGmWItaNrbRkte8Ru88d.png', 'asdad.png', 0, NULL, '2019-09-08 10:22:29', '2019-09-08 10:22:29'),
(173, 57, NULL, 0, '1567931667OD2wYm9mmcaF0Q8Zdid43xcC5zl5iQ.png', 'asdad.png', 0, NULL, '2019-09-08 10:34:27', '2019-09-08 10:34:27'),
(174, 58, NULL, 0, '1567931900FSdSckTQVQoAGoMKzPgkicyd6Xr9Cb.png', 'asdad.png', 0, NULL, '2019-09-08 10:38:20', '2019-09-08 10:38:20'),
(175, 59, NULL, 0, '1567931951jTtXQQl1nhGVO1JUYxGdKRwvqNSVw8.png', 'asdad.png', 0, NULL, '2019-09-08 10:39:11', '2019-09-08 10:39:11'),
(176, 60, NULL, 0, '1567932107RdNF7kOSLYsf6uMNEvAEHQFwPNC2ZW.png', 'asdad.png', 0, NULL, '2019-09-08 10:41:47', '2019-09-08 10:41:47'),
(177, 61, NULL, 0, '1567932505zcpns1GXoe3RQ1AljzczEgopYOUoqp.png', 'asdad.png', 0, NULL, '2019-09-08 10:48:25', '2019-09-08 10:48:25'),
(178, 62, NULL, 0, '1567932573hywEInUHG4SWG9HEBHgrJfBToWNInJ.png', 'asdad.png', 0, NULL, '2019-09-08 10:49:33', '2019-09-08 10:49:33'),
(179, 63, NULL, 0, '1567932945L5SqctkDegvlQrVN0FNRF3u46Hy6ih.png', 'asdad.png', 0, NULL, '2019-09-08 10:55:45', '2019-09-08 10:55:45'),
(180, 64, NULL, 0, '1567933581Ftpb2odKOdXm18VMaYMKmCa4pBQmSl.png', 'asdad.png', 0, NULL, '2019-09-08 11:06:21', '2019-09-08 11:06:21'),
(181, 65, NULL, 0, '1567934473hSGHsJD4cUQTZHMzFJRHA55zIbKVbo.png', 'asdad.png', 0, NULL, '2019-09-08 11:21:13', '2019-09-08 11:21:13'),
(182, 66, NULL, 0, '1567934510aF1fmse1Y9uz1kZH6AVkkJVMmrkPVv.png', 'asdad.png', 0, NULL, '2019-09-08 11:21:50', '2019-09-08 11:21:50'),
(183, 67, NULL, 0, '156793467902g3nqKe4XiPgxHKujuzXaZX6DuduF.png', 'asdad.png', 0, NULL, '2019-09-08 11:24:39', '2019-09-08 11:24:39'),
(184, 68, NULL, 0, '15679373068EE2v42WtuSxcKTgcgIID32zUk086P.png', 'asdad.png', 0, NULL, '2019-09-08 12:08:26', '2019-09-08 12:08:26'),
(185, 69, NULL, 0, '156793745351KByrj27TWnobgR38ftbDLG8atLDs.png', 'asdad.png', 0, NULL, '2019-09-08 12:10:53', '2019-09-08 12:10:53'),
(187, 70, NULL, 0, '1567937823dLiJ5Ux32Ila4yHPQucV2t8mxr6m5I.png', 'asdad.png', 0, NULL, '2019-09-08 12:17:03', '2019-09-08 12:17:03'),
(188, 71, NULL, 0, '15679379118NzlHQPYmJWjRtH3sQO1FavMvUA7xI.png', 'asdad.png', 0, NULL, '2019-09-08 12:18:31', '2019-09-08 12:18:31'),
(189, 72, NULL, 0, '1567938377qstejsLzJ6ZYoSx1XAEUhZLUy8fOhU.png', 'asdad.png', 0, NULL, '2019-09-08 12:26:17', '2019-09-08 12:26:17'),
(190, 73, NULL, 0, '1567939430xwnKni37YeBHPa9FlB6d3KXOOneByQ.png', 'asdad.png', 0, NULL, '2019-09-08 12:43:50', '2019-09-08 12:44:12'),
(191, 73, NULL, 0, 'XixPZADOsOagM6zMGX1DijKLnFIgkDNFk3om8XKZ.xlsx', 'APIs.xlsx', 0, NULL, '2019-09-08 12:44:09', '2019-09-08 12:44:12'),
(192, 74, NULL, 0, '1567939479KzBtmklpQtcgegdwGk43N3MFduiXSd.png', 'asd.png', 0, NULL, '2019-09-08 12:44:39', '2019-09-08 12:44:44'),
(193, 75, NULL, 0, '15679395184ugKySgBqPtyO7p8cLaZl349SmCWty.png', 'asd.png', 0, NULL, '2019-09-08 12:45:18', '2019-09-08 12:45:18'),
(194, 76, NULL, 0, '15679503610s77Lm9g56rlu0TU9vew9duijSnEXH.png', 'asdad.png', 0, NULL, '2019-09-08 15:46:01', '2019-09-08 15:46:01'),
(195, 77, NULL, 0, 'cL1uWDhoPdYVDtrliQvwLzPiExms8PguHonPX698.xlsx', 'APIs.xlsx', 0, NULL, '2019-09-09 12:49:30', '2019-09-09 12:49:33'),
(196, 78, NULL, 0, 'tMC7XS8pYTkFTthox8neMTW5sykBu4XkLt8vPqH7.xlsx', 'Products.xlsx', 0, NULL, '2019-09-15 16:53:40', '2019-09-15 17:09:54'),
(197, 78, NULL, 0, 'SmSyAr6DYNDfdpsUGlnjmNrRB2UZhCPRWFi71LFG.docx', 'HCWW.docx', 0, NULL, '2019-09-15 17:09:48', '2019-09-15 17:09:54'),
(198, 79, NULL, 0, 'rohv5Jq0QapFnBnEAVVFI36CObAgSTJnGc03PTsQ.docx', 'HCWW.docx', 0, NULL, '2019-09-16 09:02:45', '2019-09-16 09:05:35'),
(199, 79, NULL, 0, 'lfMGwxUPdr9HlkuBJ5D5azktsG2Y3doXu5zifyh9.xlsx', 'Copy of Work needed August 2019.xlsx', 0, NULL, '2019-09-16 09:05:29', '2019-09-16 09:05:35'),
(200, 80, NULL, 0, 'JicCTWNaS4agBt4dmt1HNbFn3havWvbXYSmceNYd.docx', 'HCWW.docx', 0, NULL, '2019-09-16 09:37:11', '2019-09-16 09:37:13'),
(201, 81, NULL, 0, 'UiWVaemoYEyMI3CdVWaoLN9feZVTWGsxrPn513on.docx', 'HCWW.docx', 0, NULL, '2019-09-16 09:55:02', '2019-09-16 09:55:04'),
(202, 82, NULL, 0, '4NqW8IuEMphrFyz8nfBv7BbRQ8L5A4axF24AeEBX.docx', 'HCWW.docx', 0, NULL, '2019-09-16 14:51:55', '2019-09-16 16:27:09'),
(209, 83, NULL, 0, 'Olz36OjfFiK3yRxvubIFryEt64UwtDaKTE2bidev.docx', 'HCWW.docx', 0, NULL, '2019-09-17 16:05:49', '2019-09-17 16:13:18'),
(210, 83, NULL, 0, 'KLVmrFn1auVfHL00zvjE8sYgb2ZbaVgkqhkDqGOC.png', 'DV medical reps.PNG', 0, NULL, '2019-09-17 16:07:11', '2019-09-17 16:13:18'),
(214, 83, NULL, 0, '4caaYsbBfNeyJ7z3DDF0KgWo7elyamEc98FXsOKs.xlsx', 'حساب الاجماليات.xlsx', 0, NULL, '2019-09-17 16:13:06', '2019-09-17 16:13:18'),
(218, 84, NULL, 0, 'PEnxSPboWV46bjM0Lt47z9HldACNqPVBq0dQvA2E.docx', 'HCWW.docx', 0, NULL, '2019-09-17 16:39:26', '2019-09-17 16:39:29'),
(220, 85, NULL, 0, 'HhJj2m0EpUiKAmOLsGEsFhJh31teQE4uKdvXSyCR.png', 'DV medical reps.PNG', 0, NULL, '2019-09-17 16:59:40', '2019-09-17 16:59:44'),
(231, 86, NULL, 0, '5EB3ENrbMQfgjbEwPXrkqm7qnOoMON4jJ4gquGGc.docx', 'HCWW.docx', 0, NULL, '2019-09-18 09:24:52', '2019-09-18 09:24:56'),
(233, 87, NULL, 0, 'wH0BBh7FE6RhnBNy5NQzh5ZtUMqDtZL8wqbSnzX6.docx', 'HCWW.docx', 0, NULL, '2019-09-18 10:02:45', '2019-09-18 10:07:07'),
(234, 88, NULL, 0, 'jfB6XaGnNG2dynXOPd0mbg1ohfyACb2e6OLSjukr.bin', '_- -1 (1).pdf', 0, NULL, '2019-09-18 12:36:56', '2019-09-18 12:39:05'),
(235, 89, NULL, 0, 'BfsWxGQ1azxvtZMpMyihsDQWwaxX1FKdYdnhlBNM.pdf', '166855-2015-paper-1-specimen-paper-markscheme.pdf', 0, NULL, '2019-09-18 12:38:05', '2019-09-18 12:57:13'),
(236, 90, NULL, 0, 'mcY0O4AVvfJATWLqNQ1qK23cVFZN4oArvvRHRURc.bin', '_- -1 (1).pdf', 0, NULL, '2019-09-19 10:36:14', '2019-09-19 10:36:16'),
(237, 91, NULL, 0, '5bmytTZgO7YBVfLQhRAf2oj4Pq3Dy86RQhpG3anc.jpeg', 'Rana.jpg', 0, NULL, '2019-09-29 11:29:48', '2019-09-29 11:29:52'),
(240, 92, NULL, 0, 'FnX1jh8VCf3GnXLKdR3WKuwSMIrWpFzmv6FEXFOv.xlsx', 'حساب الاجماليات.xlsx', 0, NULL, '2019-09-30 15:20:34', '2019-09-30 15:43:17'),
(241, 92, NULL, 0, 'HOovRLZ64ZByxHDW9wI1tUU0o6fNUge89aEcmvQd.jpeg', 'Modern (235) copy.jpg', 0, NULL, '2019-09-30 15:43:13', '2019-09-30 15:43:17'),
(242, 93, NULL, 0, '1569852880JDrbQujHjpTVlv41eezkLQrQbhlCN4.xlsx', 'حساب الاجماليات.xlsx', 0, NULL, '2019-09-30 16:14:40', '2019-09-30 16:14:40'),
(243, 94, NULL, 0, '1569922545bTDfyDyZVS96Zr5m1bmGuuZEG1MYxj.jpeg', 'Rana.jpg', 0, NULL, '2019-10-01 11:35:45', '2019-10-01 11:35:45'),
(244, 95, NULL, 0, '1569927236OA8J6gm88ZYboShXpsbkm366c2BNNt.jpeg', 'Rana.jpg', 0, NULL, '2019-10-01 12:53:56', '2019-10-01 12:53:56'),
(246, 97, NULL, 0, '1569939037Cs9PTjBZwTPOgJC26YUOZLZTdflR0X.docx', 'HCWW.docx', 0, NULL, '2019-10-01 16:10:37', '2019-10-01 16:10:37'),
(247, 98, NULL, 0, '15699401260CVnfoAaBaEyBK7iv2Hl1B6nN198mS.docx', 'HCWW.docx', 0, NULL, '2019-10-01 16:28:46', '2019-10-01 16:28:46'),
(248, 99, NULL, 0, '1569940530AZjJNpdiCLCJ2uvGl2Z7lWJKUiLThz.docx', 'HCWW.docx', 0, NULL, '2019-10-01 16:35:30', '2019-10-01 16:35:30'),
(249, 100, NULL, 0, '1569940727K7MZu8PfKKsmk3SAbKGzjsOzzwxLQ7.docx', 'HCWW.docx', 0, NULL, '2019-10-01 16:38:47', '2019-10-01 16:38:47'),
(250, 101, NULL, 0, '1569940761YbF1cM4YdPCaCVrL7LyAL4mBAfTqcf.docx', 'HCWW.docx', 0, NULL, '2019-10-01 16:39:21', '2019-10-01 16:39:21'),
(251, 103, NULL, 0, '6WfkZ8AdLUgdZeDDnWoj8AP5RX6LUoMyApoxvq13.docx', 'test.docx', 0, NULL, '2019-10-01 16:39:36', '2019-10-01 16:45:54'),
(252, 102, NULL, 0, '1569940793DDj5H2m0y7Ei0opaGuPfFzoduUFZNs.docx', 'HCWW.docx', 0, NULL, '2019-10-01 16:39:53', '2019-10-01 16:39:53'),
(253, 103, NULL, 0, 'RN3PTm4mqaXJTyAxJIMxnU0VfYTkPBzG1tcyCIhF.pdf', 'MOHAMED Hasssan Saudi Tickets.pdf', 0, NULL, '2019-10-01 16:40:07', '2019-10-01 16:45:54'),
(254, 103, NULL, 0, 'vrppJntWGXlyvG7aEa9LixgAMSlAxtA0SigkSdTt.pdf', 'Mohamed Tawfik Elokda_2018n.pdf', 0, NULL, '2019-10-01 16:40:12', '2019-10-01 16:45:54'),
(255, 104, NULL, 0, '1569940870lBYBpH30Vbard8A7ODWDFd641jbrJf.docx', 'HCWW.docx', 0, NULL, '2019-10-01 16:41:10', '2019-10-01 16:41:10'),
(256, 105, NULL, 0, '15699409325ABiVCNxkGfjkkZVbyCdcxEOOEbLzF.docx', 'HCWW.docx', 0, NULL, '2019-10-01 16:42:12', '2019-10-01 16:42:12'),
(257, 106, NULL, 0, '1569941000HzNHdpBVyAivhG956vSlbetp0HpgMO.docx', 'HCWW.docx', 0, NULL, '2019-10-01 16:43:20', '2019-10-01 16:43:20'),
(258, 107, NULL, 0, '1569941381qU6Ztkx8kr37AFSkMMjGCjHAjvnEfh.docx', 'HCWW.docx', 0, NULL, '2019-10-01 16:49:41', '2019-10-01 16:50:05'),
(259, 107, NULL, 0, 'ewI7SUm0N6Q396rEoz7W4eD8eWrB7T4vsKdiEWOp.jpeg', 'Modern (442) copy.jpg', 0, NULL, '2019-10-01 16:49:56', '2019-10-01 16:50:05'),
(260, 107, NULL, 0, 'zYf7lB5ZV7Gh8hb2bO8pw39P4UKFXAYtzxyBF32C.jpeg', 'Modern (544) copy.jpg', 0, NULL, '2019-10-01 16:49:58', '2019-10-01 16:50:05'),
(261, 108, NULL, 0, '15699415350l37QCHQdmu3cnDMBwrHLJH10Uufe9.docx', 'HCWW.docx', 0, NULL, '2019-10-01 16:52:15', '2019-10-01 16:52:27'),
(262, 108, NULL, 0, '07GHlNPEArMdsVl2RXVgM7qdPofOsAC13BeLJ0Zr.jpeg', 'image.jpg', 0, NULL, '2019-10-01 16:52:22', '2019-10-01 16:52:27'),
(263, 108, NULL, 0, 'VSsW3jD5YUI6BdMRq3mSK6adus6FI7uzVtDrQdwb.jpeg', 'Modern (442) copy.jpg', 0, NULL, '2019-10-01 16:52:22', '2019-10-01 16:52:27'),
(264, 108, NULL, 0, 'pnPLRBmgMJr3hv8D2pDupvTuEySLiK8CgdzG3b8G.jpeg', 'Modern (544) copy.jpg', 0, NULL, '2019-10-01 16:52:22', '2019-10-01 16:52:27'),
(265, 109, NULL, 0, '1569941729whmnSYBh1o7vfzoLJkvNv98fh9dOmB.docx', 'test.docx', 0, NULL, '2019-10-01 16:55:29', '2019-10-01 16:55:29'),
(266, 110, NULL, 0, '1569941745d3e8rPhvgzuWUZVYSlhXqcTbtborXC.docx', 'test.docx', 0, NULL, '2019-10-01 16:55:45', '2019-10-01 16:55:45'),
(267, 111, NULL, 0, '1569943748hvjXIixdOwQ9tHR988FZ2XwgJfI3HG.docx', 'HCWW.docx', 0, NULL, '2019-10-01 17:29:08', '2019-10-01 17:29:23'),
(268, 112, NULL, 0, '1569946967FMk7dOvO8WkSaCFe11HEJltk06uXV0.docx', 'HCWW.docx', 0, NULL, '2019-10-01 18:22:47', '2019-10-01 18:22:47'),
(269, 113, NULL, 1, 'dXOLTaeOp3l1PyqyMe1por9aVg1TFeEL2lkyssGP.jpeg', 'spring2019_websitebanner_rugs.jpg', 0, NULL, '2019-10-02 12:21:46', '2019-10-02 12:43:29'),
(270, 113, NULL, 0, '4Dz67xmPL0aHhGzweyQidos5gYPYr4ABYdnLhn5m.jpeg', 'banner_choose_at_home-719x259.jpg', 0, NULL, '2019-10-02 12:22:54', '2019-10-02 12:43:29'),
(271, 113, NULL, 0, 'OPOagtiJfKeYAUul83z9p9A0lDnyJNbxRgeiCkhM.png', 'Axminster Carpets Traditional Patterns Collection Exmoor Broadstone Eucalyptus Lifestyle Best Supply Only Price UK banner.png', 0, NULL, '2019-10-02 12:23:24', '2019-10-02 12:43:29'),
(272, 113, NULL, 0, '4r4lV4wSZxdeY8FwJRz4bOcuhLYMtJQvptmW2bpR.png', 'ASCF-crbanners1.png', 0, NULL, '2019-10-02 12:24:09', '2019-10-02 12:43:29'),
(273, 114, NULL, 0, 'XpDo8cv2KcciY5JC5hY6OCTOh0WxFjsfjUkR0Lig.jpeg', 'add this component.JPG', 0, NULL, '2019-10-02 15:06:26', '2019-10-02 15:07:18'),
(274, 115, NULL, 0, '1570021832SlM6BmMtTVrStfRHCCM6KS5xXX9EMV.xlsx', 'APIs.xlsx', 0, NULL, '2019-10-02 15:10:32', '2019-10-02 15:10:42'),
(275, 116, NULL, 0, '1570022068VC9JkYbDhiqZAcOMZCTt0XGm5x39CF.xlsx', 'APIs.xlsx', 0, NULL, '2019-10-02 15:14:28', '2019-10-02 15:14:28'),
(276, 117, NULL, 0, 'X8U3v7h3rCseQkI4BrjM560Xbzq0S6zoULLXJEDs.jpeg', 'add this component.JPG', 0, NULL, '2019-10-02 16:04:32', '2019-10-02 16:06:00'),
(277, 118, NULL, 0, '2iSL3QRwXA4bH7A8KxYU1ygypy7ghdxzfBvtrNtm.jpeg', 'add this component.JPG', 0, NULL, '2019-10-02 16:06:37', '2019-10-02 16:07:49'),
(278, 119, NULL, 0, '1570025286XYontLdxeWsIC5NmWQ61XutSzGCKVZ.xlsx', 'APIs.xlsx', 0, NULL, '2019-10-02 16:08:06', '2019-10-02 16:08:13'),
(279, 120, NULL, 0, '1570026241zvsqnmpw4a1gaE5BOd5IPENLAHMSzY.xlsx', 'APIs.xlsx', 0, NULL, '2019-10-02 16:24:01', '2019-10-02 16:24:01'),
(280, 121, NULL, 0, '15700264886Ql14pFKAOucg41pL78n0bpdn1uhkS.xlsx', 'APIs.xlsx', 0, NULL, '2019-10-02 16:28:08', '2019-10-25 15:55:20'),
(281, 122, NULL, 0, '15700265463SH21b7RjtjLBWIGMWz2aboUJuKlQj.xlsx', 'APIs.xlsx', 0, NULL, '2019-10-02 16:29:06', '2019-10-02 16:29:16'),
(282, 123, NULL, 0, '1570026659stYWSfkDnvCzQrQnvY3PMh6o1tWll8.xlsx', 'APIs.xlsx', 0, NULL, '2019-10-02 16:30:59', '2019-10-25 15:54:31'),
(283, 124, NULL, 0, '1570026748AOzFTfIDuDOVMOjsI83luYKQecmt27.xlsx', 'APIs.xlsx', 0, NULL, '2019-10-02 16:32:28', '2019-10-25 15:52:58'),
(284, NULL, 40, 0, 'zXpIdElS8b81lcwV0ci6TdZyRK8ddLsRNlRBzfxn.pdf', 'Mohamed Tawfik Elokda_2018n.pdf', 0, NULL, '2019-10-02 16:34:35', '2019-10-02 16:40:39'),
(285, 126, NULL, 0, 'Eh1FCUBTxYcKXIHWGv1n3TxLyPmarjzaJyVnAKdO.pdf', 'Mohamed Tawfik Elokda_2018n.pdf', 0, NULL, '2019-10-02 16:41:05', '2019-10-02 17:19:52'),
(286, 125, NULL, 0, '1570027386ohJtgUyyEFJxMsk3W6edNBE8gOIXXf.xlsx', 'APIs.xlsx', 0, NULL, '2019-10-02 16:43:06', '2019-10-02 16:46:41'),
(287, 127, NULL, 0, '1570027611kU83VoLGDj9SVhSShn8MBeIh6f10Wb.xlsx', 'APIs.xlsx', 0, NULL, '2019-10-02 16:46:51', '2019-10-02 16:46:58'),
(288, 128, NULL, 0, '1570027708WsNVPAr8PQpnTGnXLegn8grUPhHYIx.xlsx', 'APIs.xlsx', 0, NULL, '2019-10-02 16:48:28', '2019-10-02 16:48:40'),
(289, 128, NULL, 0, 'GOFWO3Hp9594cxLrVe7jSmwNozJLVC7SdP7EuYKl.txt', 'assessment.component.ts', 0, NULL, '2019-10-02 16:48:36', '2019-10-02 16:48:40'),
(290, 129, NULL, 0, 'F2GFhgnfFzfKDzkGsWZTqFXTIBm85L9HEBppW75h.png', '1f2db49f7b291c601c76b257254bcafd.png', 0, NULL, '2019-10-20 23:19:14', '2019-10-20 23:19:19'),
(291, NULL, 43, 0, 'a8c2GfWjuoz5YAdPvJ6kkOXJprzHPekVnNK6VHsu.jpeg', '000.jpg', 0, NULL, '2019-10-21 10:10:27', '2019-10-24 14:45:07'),
(298, 130, NULL, 0, 'X1UGYzIY4pTaF4goZgT35CYi5TKAixYhoPwvWLvy.jpeg', '7vas3.jpg', 0, NULL, '2019-10-24 10:25:44', '2019-10-24 10:42:32'),
(299, 130, NULL, 0, 'K4utTOumDgC32K2DFN8eJM59w2vySoP6DLubCnye.jpeg', '6030a-vd3_gobelin_web.jpg', 0, NULL, '2019-10-24 10:25:44', '2019-10-24 10:42:32'),
(300, 130, NULL, 0, 'pCoJUzaeBtmdKF5wQmOnXvp1xs1d1BhgPt4a2slS.jpeg', '20-collection-of-modern-carpets-and-rugs-1-420x270.jpg', 0, NULL, '2019-10-24 10:25:44', '2019-10-24 10:42:32'),
(301, 130, NULL, 0, 'qArRI35BgAJaco2VCl15AYxKIPbWVuTXiCN3BQYb.jpeg', '44502_SOL275C-Ultimate_Modern_Pure_Silk_Ombre_Green_Bronze-10x30-Nepal-3.jpg', 0, NULL, '2019-10-24 10:25:44', '2019-10-24 10:42:32'),
(302, 130, NULL, 0, 'VPVgaI41vQINYO8Ug9tusc8EPmsZ1UqzSJe0lg7x.jpeg', '9030.jpg', 0, NULL, '2019-10-24 10:25:44', '2019-10-24 10:42:32'),
(303, 130, NULL, 0, 'FcqFsC8tMlCfI6cqgiJut7O8Lni5ktyeGg4pe9k4.jpeg', '1f369e093935657b0e2d127d23e00427.jpg', 0, NULL, '2019-10-24 10:25:45', '2019-10-24 10:42:32'),
(307, 131, NULL, 0, '1571907592Vobii6bRFxjdkTdM79dUKbXZvMZRpA.png', 'asdad.png', 0, NULL, '2019-10-24 10:59:52', '2019-10-24 11:02:05'),
(308, 131, NULL, 0, 'bUBEULUxbjQSdiOfIrpXgtlGHmpHMDOXh8nEVj0f.jpeg', '20-collection-of-modern-carpets-and-rugs-1-420x270.jpg', 0, NULL, '2019-10-24 11:01:59', '2019-10-24 11:02:05'),
(398, 132, NULL, 0, 'g7gU1cK2yQyxtS361roVGH2QrCB4AiDy9uOVZHsX.jpeg', 'add current component.JPG', 0, NULL, '2019-10-24 15:09:34', '2019-10-24 15:50:59'),
(399, 133, NULL, 0, 'EBbdXeu3lDN7cHG9bRkoMqCzdZp9KCpvnqloT5N8.png', 'Capture.PNG', 0, NULL, '2019-10-25 15:33:31', '2019-10-25 15:33:45'),
(403, 124, NULL, 0, 'OWHHkBhKo0HKv3Wgjgqx9vxrEFE597ei6i1Hi1uB.png', 'Capture.PNG', 0, NULL, '2019-10-25 15:52:46', '2019-10-25 15:52:58'),
(404, 123, NULL, 0, 'F0jKgcBSbUDztHTxrG9iC2nxEKQLU9t9GaqyGnjx.png', 'Capture.PNG', 0, NULL, '2019-10-25 15:54:22', '2019-10-25 15:54:31'),
(405, 121, NULL, 0, 'MbKZQPE2TkW7EalwN3o6qVIsNBw9FqQ6qW1JAlMH.png', 'Capture.PNG', 0, NULL, '2019-10-25 15:55:08', '2019-10-25 15:55:20'),
(406, 134, NULL, 0, 'WvmgzMPup5UNbJjKTlJF0qw4CubmdKEcnicsUWTT.png', 'Capture.PNG', 0, NULL, '2019-10-25 16:03:34', '2019-10-25 16:03:48'),
(407, 135, NULL, 0, '03A4pMmx7XeGNbr81xbghGMWIM2YxiobdGNT2mV6.png', 'Capture.PNG', 0, NULL, '2019-10-26 12:05:04', '2019-10-26 12:08:50'),
(408, 136, NULL, 0, '4SdCwVMNPzHC2EszZ29qz7IsiuzaGVZdPbU6XIHO.png', 'Capture.PNG', 0, NULL, '2019-10-26 12:13:42', '2019-10-26 12:16:06'),
(410, 137, NULL, 0, 'HNg2bk3ZPZtSBijEKvMZK1eCsKCQTugLIO2e73uF.png', 'Capture.PNG', 0, NULL, '2019-10-26 12:38:47', '2019-10-26 12:42:39'),
(416, 138, NULL, 0, 'JsX3L5v6KtvpcbSTezgeoFIMKS66IakpNTxfYdeF.jpeg', 'fd7b9276073ab01dde5a6ed97e1ba95e.jpg', 0, NULL, '2019-10-27 09:36:32', '2019-10-27 09:36:45'),
(417, 139, NULL, 0, 'BeW9glagLTSjJJlyqen1ZETQLF6PzqMnbyYDwRjr.jpeg', 'fd7b9276073ab01dde5a6ed97e1ba95e.jpg', 0, NULL, '2019-10-27 09:46:52', '2019-10-27 10:04:47'),
(418, 139, NULL, 1, 'SIm0lZRamfIawX4uY0vcImMQ1rJgsEEJivQlP2G8.jpeg', 'fd7b9276073ab01dde5a6ed97e1ba95e.jpg', 0, NULL, '2019-10-27 09:47:41', '2019-10-27 10:04:47'),
(419, 140, NULL, 0, 'KQpPLzbgh6ELHWHJZVySJoLu0mzdlbLzrThVthir.png', 'Screenshot from 2019-10-27 13-22-05.png', 0, NULL, '2019-10-28 08:54:31', '2019-10-28 08:56:21'),
(420, 141, NULL, 0, '3KMQaPSbJhZMXRSz6ehH5BbxUF9XKoC7sCI6S4MW.png', 'Capture.PNG', 0, NULL, '2019-10-28 20:58:46', '2019-10-28 20:58:49'),
(421, 142, NULL, 0, 'E6WTRocUr1qeFprCpRxWikzwXUvFugE7teAtyhpM.png', 'Capture.PNG', 0, NULL, '2019-10-28 21:49:48', '2019-10-28 21:49:52'),
(422, 144, NULL, 0, '9P6mw4VTQqODanvtYh3nEs5Bdw3fS23PREACrdJc.png', 'Capture.PNG', 0, NULL, '2019-10-28 22:18:13', '2019-10-28 22:18:19'),
(423, NULL, NULL, 0, '7Iv0GEpF994vEgpwpT5GR4iYT2aszmICTxBrr0hg.jpeg', 'fd7b9276073ab01dde5a6ed97e1ba95e.jpg', 0, NULL, '2019-10-30 11:09:37', '2019-10-30 11:09:37'),
(424, 145, NULL, 0, 'RUhIXVDouV2OOKdXZl6nYnv1ZnpVzObuxd5zoMjx.jpeg', 'fd7b9276073ab01dde5a6ed97e1ba95e.jpg', 0, NULL, '2019-10-30 11:21:42', '2019-10-30 11:21:44'),
(425, 146, NULL, 1, '1572452202tWWOgeOeYkCqXyOemOu0FfUGUE1tCM.xlsx', 'APIs.xlsx', 0, NULL, '2019-10-30 17:16:42', '2019-10-30 17:16:42'),
(426, 146, NULL, 0, '1572452202kLZH8sxZL2HjEQOUggsLvl0VqTMRva.xlsx', 'APIs.xlsx', 0, NULL, '2019-10-30 17:16:42', '2019-10-30 17:16:42'),
(427, 147, NULL, 0, '1572452425LwivBHOqDwbjG0ofu4zjZ3k0NapzAJ.png', 'user2.png', 0, NULL, '2019-10-30 17:20:25', '2019-10-30 17:20:34'),
(428, 147, NULL, 0, '15724524257LFu0bolwJVsvxlL7XMvvaSK8nsiY4.png', 'user1.png', 0, NULL, '2019-10-30 17:20:25', '2019-10-30 17:20:34');

-- --------------------------------------------------------

--
-- Table structure for table `certificatecopyrequest`
--

CREATE TABLE `certificatecopyrequest` (
  `id` bigint(20) UNSIGNED NOT NULL,
  `applicantId` int(11) UNSIGNED NOT NULL,
  `certificateId` bigint(20) UNSIGNED NOT NULL,
  `count` int(11) NOT NULL,
  `isChamberMember` tinyint(4) NOT NULL DEFAULT '0',
  `isSubscriptionFeesPaid` tinyint(4) NOT NULL DEFAULT '0',
  `isIDAFeesPaid` tinyint(4) NOT NULL DEFAULT '0',
  `isFEIFeesPaid` tinyint(4) NOT NULL DEFAULT '0',
  `isIssued` tinyint(4) NOT NULL DEFAULT '0',
  `isDeleted` tinyint(4) NOT NULL DEFAULT '0',
  `deleted_at` timestamp NULL DEFAULT NULL,
  `created_at` timestamp NULL DEFAULT NULL,
  `updated_at` timestamp NULL DEFAULT NULL,
  `issueDate` timestamp NULL DEFAULT NULL,
  `CopyNumberFrom` int(10) UNSIGNED NOT NULL,
  `CopyNumberTo` int(10) UNSIGNED NOT NULL
) ENGINE=InnoDB DEFAULT CHARSET=utf8mb4 COLLATE=utf8mb4_unicode_ci;

--
-- Dumping data for table `certificatecopyrequest`
--

INSERT INTO `certificatecopyrequest` (`id`, `applicantId`, `certificateId`, `count`, `isChamberMember`, `isSubscriptionFeesPaid`, `isIDAFeesPaid`, `isFEIFeesPaid`, `isIssued`, `isDeleted`, `deleted_at`, `created_at`, `updated_at`, `issueDate`, `CopyNumberFrom`, `CopyNumberTo`) VALUES
(17, 2, 3, 5, 1, 1, 1, 1, 0, 0, NULL, '2019-08-27 18:15:07', '2019-09-16 11:34:10', NULL, 0, 0),
(18, 2, 3, 5, 1, 1, 1, 1, 0, 0, NULL, '2019-08-27 18:16:24', '2019-09-01 14:42:41', NULL, 0, 0),
(19, 2, 3, 5, 1, 0, 1, 1, 0, 0, NULL, '2019-08-27 18:16:25', '2019-09-08 09:52:55', NULL, 0, 0),
(20, 20, 62, 2, 1, 1, 1, 1, 0, 0, NULL, '2019-08-28 11:19:04', '2019-09-08 09:49:20', NULL, 0, 0),
(21, 20, 62, 2, 1, 0, 1, 1, 0, 0, NULL, '2019-08-28 11:21:01', '2019-09-08 09:54:58', NULL, 0, 0),
(22, 20, 62, 2, 1, 0, 1, 1, 0, 0, NULL, '2019-08-28 11:23:27', '2019-09-08 10:07:00', NULL, 0, 0),
(23, 20, 62, 2, 1, 1, 1, 1, 0, 0, NULL, '2019-08-28 11:24:01', '2019-09-16 11:40:04', NULL, 0, 0),
(24, 20, 63, 3, 1, 0, 1, 1, 0, 0, NULL, '2019-08-28 11:24:15', '2019-09-01 14:40:45', NULL, 0, 0),
(25, 20, 62, 2, 0, 0, 1, 1, 0, 0, NULL, '2019-08-28 11:26:14', '2019-08-28 11:26:14', NULL, 0, 0),
(26, 20, 62, 1, 1, 0, 1, 1, 0, 0, NULL, '2019-08-28 11:42:50', '2019-10-01 09:25:07', NULL, 0, 0),
(27, 20, 62, 2, 0, 0, 1, 1, 0, 0, NULL, '2019-08-28 11:48:18', '2019-08-28 11:48:18', NULL, 0, 0),
(28, 20, 63, 1, 1, 1, 1, 1, 0, 0, NULL, '2019-08-28 11:51:54', '2019-09-29 14:46:57', NULL, 0, 0),
(29, 1, 45, 1, 0, 0, 1, 1, 0, 0, NULL, '2019-08-28 16:12:52', '2019-08-28 16:12:52', NULL, 0, 0),
(30, 1, 45, 7, 0, 0, 1, 1, 0, 0, NULL, '2019-09-04 16:17:19', '2019-09-04 16:17:19', NULL, 0, 0),
(31, 1, 45, 3, 0, 0, 1, 1, 0, 0, NULL, '2019-09-08 16:17:46', '2019-09-08 16:17:46', NULL, 0, 0),
(32, 1, 45, 7, 1, 0, 1, 1, 1, 0, NULL, '2019-09-08 16:18:36', '2019-09-08 16:59:51', '2019-09-08 16:59:51', 0, 0),
(33, 1, 45, 8, 1, 1, 1, 1, 1, 0, NULL, '2019-09-08 17:02:43', '2019-09-08 17:24:04', '2019-09-08 17:03:30', 1, 8),
(34, 1, 45, 6, 1, 0, 1, 1, 1, 0, NULL, '2019-09-08 17:25:22', '2019-09-08 17:25:53', '2019-09-08 17:25:53', 9, 14),
(35, 1, 45, 11, 1, 0, 1, 1, 1, 0, NULL, '2019-09-08 17:29:55', '2019-09-08 17:30:25', '2019-09-08 17:30:25', 15, 25),
(36, 1, 45, 17, 1, 0, 1, 1, 1, 0, NULL, '2019-09-09 10:09:27', '2019-09-10 10:12:53', '2019-09-10 10:12:53', 26, 42),
(37, 1, 43, 19, 1, 0, 1, 1, 1, 0, NULL, '2019-09-09 12:44:53', '2019-09-09 13:02:51', '2019-09-09 13:02:51', 1, 19),
(38, 1, 94, 3, 1, 0, 1, 1, 1, 0, NULL, '2019-09-10 11:02:19', '2019-09-10 11:09:57', '2019-09-10 11:09:57', 1, 3),
(39, 1, 94, 7, 1, 0, 1, 1, 1, 0, NULL, '2019-09-10 11:19:13', '2019-09-10 11:26:33', '2019-09-10 11:26:33', 4, 10),
(40, 1, 94, 7, 1, 0, 1, 1, 1, 0, NULL, '2019-09-10 11:19:29', '2019-09-10 11:34:36', '2019-09-10 11:34:36', 11, 17),
(41, 1, 94, 7, 1, 0, 1, 1, 1, 0, NULL, '2019-09-10 11:19:38', '2019-09-10 11:42:18', '2019-09-10 11:42:18', 18, 24),
(42, 1, 94, 7, 1, 0, 1, 1, 1, 0, NULL, '2019-09-10 11:19:45', '2019-09-10 11:46:01', '2019-09-10 11:46:01', 25, 31),
(43, 1, 94, 7, 1, 0, 1, 1, 1, 0, NULL, '2019-09-10 11:19:52', '2019-09-10 11:56:03', '2019-09-10 11:56:03', 32, 38),
(44, 1, 94, 7, 1, 0, 1, 1, 1, 0, NULL, '2019-09-10 11:19:58', '2019-09-10 12:00:10', '2019-09-10 12:00:10', 39, 45),
(45, 1, 94, 7, 1, 0, 1, 1, 1, 0, NULL, '2019-09-10 11:21:03', '2019-09-10 12:04:10', '2019-09-10 12:04:10', 46, 52),
(46, 1, 93, 3, 1, 0, 1, 1, 1, 0, NULL, '2019-09-10 12:12:39', '2019-09-10 12:13:34', '2019-09-10 12:13:34', 1, 3),
(47, 1, 94, 3, 1, 0, 1, 1, 1, 0, NULL, '2019-09-10 12:12:45', '2019-09-10 12:16:09', '2019-09-10 12:16:09', 53, 55),
(48, 1, 93, 3, 1, 0, 1, 1, 1, 0, NULL, '2019-09-10 12:12:52', '2019-09-10 12:38:28', '2019-09-10 12:38:28', 4, 6),
(49, 1, 93, 3, 1, 0, 1, 1, 1, 0, NULL, '2019-09-10 12:12:59', '2019-09-10 12:59:01', '2019-09-10 12:59:01', 7, 9),
(50, 1, 94, 3, 1, 0, 1, 1, 1, 0, NULL, '2019-09-10 12:13:05', '2019-09-10 13:02:47', '2019-09-10 13:02:47', 56, 58),
(51, 1, 93, 6, 1, 0, 1, 1, 1, 0, NULL, '2019-09-10 15:55:26', '2019-09-10 15:57:58', '2019-09-10 15:57:58', 10, 15),
(52, 1, 94, 6, 1, 0, 1, 1, 1, 0, NULL, '2019-09-10 15:55:33', '2019-09-10 16:02:01', '2019-09-10 16:02:01', 59, 64),
(53, 1, 93, 6, 1, 0, 1, 1, 1, 0, NULL, '2019-09-10 15:55:42', '2019-09-10 16:03:59', '2019-09-10 16:03:59', 16, 21),
(54, 1, 94, 6, 1, 0, 1, 1, 1, 0, NULL, '2019-09-10 15:55:48', '2019-09-10 16:05:09', '2019-09-10 16:05:09', 65, 70),
(55, 1, 94, 6, 1, 0, 1, 1, 1, 0, NULL, '2019-09-10 15:55:57', '2019-09-10 16:08:28', '2019-09-10 16:08:28', 71, 76),
(56, 1, 94, 6, 1, 0, 1, 1, 1, 0, NULL, '2019-09-10 15:56:04', '2019-09-10 17:18:42', '2019-09-10 17:18:42', 77, 82),
(57, 1, 93, 7, 1, 0, 1, 1, 1, 0, NULL, '2019-09-10 18:11:03', '2019-09-10 18:12:02', '2019-09-10 18:12:02', 22, 28),
(58, 1, 94, 7, 1, 0, 1, 1, 1, 0, NULL, '2019-09-10 18:11:10', '2019-09-10 18:17:49', '2019-09-10 18:17:49', 83, 89),
(59, 1, 93, 7, 1, 0, 1, 1, 1, 0, NULL, '2019-09-10 18:11:19', '2019-09-11 10:24:47', '2019-09-11 10:24:47', 29, 35),
(60, 1, 94, 7, 1, 0, 1, 1, 1, 0, NULL, '2019-09-10 18:11:25', '2019-09-11 10:28:12', '2019-09-11 10:28:12', 90, 96),
(61, 1, 93, 7, 1, 0, 1, 1, 1, 0, NULL, '2019-09-10 18:11:33', '2019-09-11 10:32:10', '2019-09-11 10:32:10', 36, 42),
(62, 27, 121, 10, 1, 1, 1, 1, 1, 0, NULL, '2019-09-29 11:56:07', '2019-09-29 12:04:12', '2019-09-29 11:52:03', 1, 10),
(63, 27, 103, 3, 1, 1, 1, 1, 1, 0, NULL, '2019-09-29 15:01:13', '2019-09-30 12:44:42', '2019-09-16 16:44:34', 1, 3),
(64, 27, 104, 2, 1, 0, 1, 1, 1, 0, NULL, '2019-09-29 15:01:22', '2019-09-30 12:43:11', '2019-09-16 16:44:34', 1, 2),
(65, 31, 122, 5, 1, 0, 1, 1, 1, 0, NULL, '2019-09-30 16:01:17', '2019-09-30 16:02:52', '2019-09-30 15:47:44', 1, 5),
(66, 44, 169, 3, 1, 1, 1, 1, 1, 0, NULL, '2019-10-24 10:56:09', '2019-10-24 10:57:07', '2019-10-24 10:47:06', 1, 3),
(67, 44, 186, 1, 1, 1, 1, 1, 1, 0, NULL, '2019-10-27 10:13:18', '2019-10-27 10:16:19', '2019-10-27 10:07:25', 1, 1),
(68, 44, 185, 2, 1, 0, 1, 1, 1, 0, NULL, '2019-10-27 10:28:39', '2019-10-27 10:32:42', '2019-10-27 10:25:39', 1, 2),
(69, 44, 169, 1, 1, 1, 1, 1, 1, 0, NULL, '2019-10-28 09:32:32', '2019-10-28 09:34:45', '2019-10-24 10:47:06', 4, 4),
(70, 44, 170, 1, 1, 1, 1, 1, 1, 0, NULL, '2019-10-28 09:32:41', '2019-10-28 09:35:27', '2019-10-24 10:47:06', 1, 1),
(71, 44, 186, 1, 1, 1, 1, 1, 1, 0, NULL, '2019-10-30 11:59:13', '2019-10-31 11:04:19', '2019-10-27 10:07:25', 2, 2),
(72, 44, 185, 1, 1, 1, 1, 1, 1, 0, NULL, '2019-10-30 11:59:56', '2019-10-31 10:57:06', '2019-10-27 10:25:39', 3, 3),
(73, 44, 184, 2, 1, 1, 1, 1, 1, 0, NULL, '2019-10-31 11:00:30', '2019-10-31 11:01:06', '2019-10-27 10:25:39', 1, 2);

-- --------------------------------------------------------

--
-- Table structure for table `certificateminimumpercentage`
--

CREATE TABLE `certificateminimumpercentage` (
  `id` bigint(20) UNSIGNED NOT NULL,
  `certificateTypeId` int(11) NOT NULL,
  `fromDate` date DEFAULT NULL,
  `minimumPercentage` double NOT NULL,
  `isDeleted` tinyint(4) NOT NULL DEFAULT '0',
  `created_at` timestamp NULL DEFAULT NULL,
  `updated_at` timestamp NULL DEFAULT NULL,
  `deleted_at` timestamp NULL DEFAULT NULL
) ENGINE=InnoDB DEFAULT CHARSET=utf8mb4 COLLATE=utf8mb4_unicode_ci;

--
-- Dumping data for table `certificateminimumpercentage`
--

INSERT INTO `certificateminimumpercentage` (`id`, `certificateTypeId`, `fromDate`, `minimumPercentage`, `isDeleted`, `created_at`, `updated_at`, `deleted_at`) VALUES
(1, 2, '2019-06-13', 52.5, 0, '2019-08-29 07:26:10', '2019-09-11 12:04:26', NULL),
(16, 1, '2019-07-16', 65, 0, '2019-09-04 17:28:20', '2019-09-04 17:28:20', NULL);

-- --------------------------------------------------------

--
-- Table structure for table `certificates`
--

CREATE TABLE `certificates` (
  `id` bigint(20) UNSIGNED NOT NULL,
  `certificateTypeId` int(10) UNSIGNED NOT NULL,
  `requestId` int(10) UNSIGNED NOT NULL,
  `certificateNumber` int(11) DEFAULT NULL,
  `isWinnedTender` tinyint(1) NOT NULL DEFAULT '0',
  `isDeleted` tinyint(1) NOT NULL DEFAULT '0',
  `deleted_at` timestamp NULL DEFAULT NULL,
  `created_at` timestamp NULL DEFAULT NULL,
  `updated_at` timestamp NULL DEFAULT NULL,
  `issueDate` timestamp NULL DEFAULT NULL,
  `managerApproveDate` timestamp NULL DEFAULT NULL
) ENGINE=InnoDB DEFAULT CHARSET=utf8mb4 COLLATE=utf8mb4_unicode_ci;

--
-- Dumping data for table `certificates`
--

INSERT INTO `certificates` (`id`, `certificateTypeId`, `requestId`, `certificateNumber`, `isWinnedTender`, `isDeleted`, `deleted_at`, `created_at`, `updated_at`, `issueDate`, `managerApproveDate`) VALUES
(1, 1, 16, 1, 0, 0, NULL, '2019-06-18 17:45:11', '2019-06-18 18:18:52', '2016-10-02 22:00:00', '2019-06-26 15:18:34'),
(2, 2, 16, 1, 1, 0, NULL, '2019-06-18 17:45:11', '2019-09-22 12:45:40', '2017-09-12 18:18:52', '2019-06-26 15:18:34'),
(3, 1, 17, 1, 0, 0, NULL, '2019-06-19 13:52:49', '2019-06-24 15:58:01', '2019-03-15 15:58:01', '2019-06-26 15:18:34'),
(4, 2, 17, 1, 0, 0, NULL, '2019-06-19 13:52:49', '2019-06-24 15:58:01', '2017-05-25 15:58:01', '2019-06-26 15:18:34'),
(5, 1, 18, 26, 0, 0, NULL, '2019-06-20 16:23:11', '2019-09-16 17:33:16', '2019-09-16 16:52:59', '2019-09-16 16:52:59'),
(6, 2, 18, 26, 0, 0, NULL, '2019-06-20 16:23:11', '2019-09-16 17:33:16', '2019-09-16 16:52:59', '2019-09-16 16:52:59'),
(7, 1, 19, 1, 0, 0, NULL, '2019-06-24 10:32:17', '2019-06-27 11:31:53', '2019-06-27 11:31:53', '2019-06-27 11:08:32'),
(8, 2, 19, 1, 0, 0, NULL, '2019-06-24 10:32:17', '2019-06-27 11:31:53', '2019-06-27 11:31:53', '2019-06-27 11:08:32'),
(9, 1, 20, NULL, 0, 0, NULL, '2019-06-26 15:04:42', '2019-06-26 15:04:42', '2019-06-26 13:04:42', '2019-06-27 11:08:32'),
(10, 2, 20, NULL, 0, 0, NULL, '2019-06-26 15:04:42', '2019-06-26 15:04:42', '2019-06-26 13:04:42', '2019-06-26 15:18:34'),
(11, 1, 21, 2, 0, 0, NULL, '2019-06-27 12:37:02', '2019-06-27 14:26:10', '2019-06-27 14:26:10', '2019-06-27 12:09:56'),
(12, 2, 21, 2, 0, 0, NULL, '2019-06-27 12:37:02', '2019-06-27 14:26:10', '2019-06-27 14:26:10', '2019-06-27 12:09:56'),
(13, 1, 22, 4, 0, 0, NULL, '2019-06-27 16:24:07', '2019-07-02 09:56:18', '2019-07-02 09:56:18', '2019-06-27 15:33:56'),
(14, 2, 22, 4, 0, 0, NULL, '2019-06-27 16:24:07', '2019-07-02 09:56:18', '2019-07-02 09:56:18', '2019-06-27 15:33:56'),
(15, 1, 23, 3, 0, 0, NULL, '2019-07-01 14:25:15', '2019-07-01 16:54:23', '2019-07-01 16:54:23', '2019-07-01 14:48:41'),
(16, 2, 23, 3, 0, 0, NULL, '2019-07-01 14:25:15', '2019-07-01 16:54:23', '2019-07-01 16:54:23', '2019-07-01 14:48:41'),
(17, 1, 24, NULL, 0, 0, NULL, '2019-07-01 15:05:18', '2019-07-01 15:05:18', NULL, NULL),
(18, 2, 24, NULL, 0, 0, NULL, '2019-07-01 15:05:18', '2019-07-01 15:05:18', NULL, NULL),
(19, 1, 25, 5, 0, 0, NULL, '2019-07-01 15:52:03', '2019-07-02 14:09:00', '2019-07-02 14:09:00', '2019-07-01 16:43:56'),
(20, 2, 25, 5, 0, 0, NULL, '2019-07-01 15:52:03', '2019-07-02 14:09:00', '2019-07-02 14:09:00', '2019-07-01 16:43:56'),
(21, 1, 26, 23, 0, 0, NULL, '2019-07-01 16:00:05', '2019-09-10 11:21:15', '2019-09-10 11:21:15', '2019-09-04 12:24:46'),
(22, 2, 26, 23, 0, 0, NULL, '2019-07-01 16:00:05', '2019-09-10 11:21:15', '2019-09-10 11:21:15', '2019-09-04 12:24:46'),
(23, 1, 27, NULL, 0, 0, NULL, '2019-07-01 18:35:04', '2019-07-01 18:35:04', NULL, NULL),
(24, 2, 27, NULL, 0, 0, NULL, '2019-07-01 18:35:04', '2019-07-01 18:35:04', NULL, NULL),
(25, 1, 28, 9, 0, 0, NULL, '2019-07-01 18:39:36', '2019-07-18 18:29:17', '2019-07-18 18:29:17', '2019-07-18 18:22:56'),
(26, 2, 28, 9, 0, 0, NULL, '2019-07-01 18:39:36', '2019-07-18 18:29:17', '2019-07-18 18:29:17', '2019-07-18 18:22:56'),
(27, 1, 29, 21, 0, 0, NULL, '2019-07-02 11:09:45', '2019-09-06 11:30:53', '2019-09-06 11:30:53', '2019-09-04 09:55:56'),
(28, 2, 29, 21, 0, 0, NULL, '2019-07-02 11:09:45', '2019-09-06 11:30:53', '2019-09-06 11:30:53', '2019-09-04 09:55:56'),
(29, 1, 30, 6, 0, 0, NULL, '2019-07-03 10:31:11', '2019-07-04 10:42:11', '2019-07-04 10:42:11', '2019-07-04 10:34:55'),
(30, 2, 30, 6, 0, 0, NULL, '2019-07-03 10:31:11', '2019-07-04 10:42:11', '2019-07-04 10:42:11', '2019-07-04 10:34:55'),
(31, 1, 31, 25, 0, 0, NULL, '2019-07-05 14:30:49', '2019-09-16 09:50:43', '2019-09-16 09:42:54', '2019-09-16 09:42:54'),
(32, 2, 31, 25, 0, 0, NULL, '2019-07-05 14:30:49', '2019-09-16 09:50:43', '2019-09-16 09:42:54', '2019-09-16 09:42:54'),
(33, 1, 32, 15, 0, 0, NULL, '2019-07-05 14:37:21', '2019-07-21 17:44:39', '2017-09-06 17:44:39', '2019-07-21 17:43:01'),
(34, 2, 32, 15, 0, 0, NULL, '2019-07-05 14:37:21', '2019-07-21 17:44:39', '2017-08-01 17:44:39', '2019-07-21 17:43:01'),
(35, 2, 33, 7, 1, 0, NULL, '2019-07-14 15:22:07', '2019-07-15 11:49:34', '2019-07-14 15:53:28', '2019-07-14 15:51:36'),
(36, 1, 34, 8, 0, 0, NULL, '2019-07-16 17:45:47', '2019-07-16 17:51:38', '2019-07-16 17:51:38', '2019-07-16 17:50:10'),
(37, 1, 35, 18, 0, 0, NULL, '2019-07-21 10:05:56', '2019-07-22 09:54:40', '2019-07-22 09:54:40', '2019-07-21 12:37:34'),
(38, 2, 35, 18, 0, 0, NULL, '2019-07-21 10:05:56', '2019-07-22 09:54:40', '2019-07-22 09:54:40', '2019-07-21 12:37:34'),
(39, 1, 36, 12, 0, 0, NULL, '2019-07-21 12:50:15', '2019-07-21 15:25:45', '2019-07-21 15:25:45', '2019-07-21 12:39:56'),
(40, 2, 36, 12, 0, 0, NULL, '2019-07-21 12:50:15', '2019-07-21 15:25:45', '2019-07-21 15:25:45', '2019-07-21 12:39:56'),
(41, 1, 37, 10, 0, 0, NULL, '2019-07-21 14:50:36', '2019-07-21 15:06:16', '2017-10-18 15:06:16', '2019-07-21 15:05:32'),
(42, 2, 37, 10, 0, 0, NULL, '2019-07-21 14:50:36', '2019-07-21 15:06:16', '2019-07-21 15:06:16', '2019-07-21 15:05:32'),
(43, 1, 38, 11, 0, 0, NULL, '2019-07-21 15:11:10', '2019-07-21 15:14:52', '2019-07-21 15:14:52', '2019-07-21 15:13:42'),
(44, 2, 38, 11, 0, 0, NULL, '2019-07-21 15:11:10', '2019-07-21 15:14:52', '2017-09-19 15:14:52', '2019-07-21 15:13:42'),
(45, 1, 39, 13, 0, 0, NULL, '2019-07-21 15:32:01', '2019-07-21 15:42:27', '2019-07-21 15:42:27', '2019-07-21 15:40:21'),
(46, 2, 39, 13, 0, 0, NULL, '2019-07-21 15:32:01', '2019-07-21 15:42:27', '2016-11-24 15:42:27', '2019-07-21 15:40:21'),
(47, 1, 40, NULL, 0, 0, NULL, '2019-07-21 15:49:42', '2019-07-21 15:49:42', '2017-08-21 22:00:00', '2019-09-03 13:17:56'),
(48, 2, 40, NULL, 0, 0, NULL, '2019-07-21 15:49:42', '2019-07-21 15:49:42', NULL, '2019-09-03 13:17:56'),
(49, 2, 41, 14, 1, 0, NULL, '2019-07-21 16:56:05', '2019-07-21 17:09:20', '2017-10-10 17:04:35', '2019-07-21 17:01:52'),
(50, 2, 42, 16, 0, 0, NULL, '2019-07-21 18:43:02', '2019-07-21 19:04:25', '2019-07-21 19:04:25', '2019-07-21 19:03:12'),
(51, 2, 43, 17, 0, 0, NULL, '2019-07-21 19:00:09', '2019-07-22 00:01:50', '2019-07-22 00:01:50', '2019-07-21 23:58:15'),
(52, 1, 42, 16, 0, 0, NULL, '2019-07-21 19:02:10', '2019-07-21 19:04:25', '2019-07-21 19:04:25', '2019-07-21 19:03:12'),
(53, 1, 44, NULL, 0, 0, NULL, '2019-07-21 20:12:22', '2019-07-21 20:12:22', NULL, NULL),
(54, 2, 44, NULL, 0, 0, NULL, '2019-07-21 20:12:22', '2019-07-21 20:12:22', NULL, NULL),
(55, 1, 43, 17, 0, 0, NULL, '2019-07-21 23:56:18', '2019-07-22 00:01:50', '2019-07-22 00:01:50', '2019-07-21 23:58:15'),
(56, 1, 45, NULL, 0, 0, NULL, '2019-07-22 09:45:19', '2019-07-22 09:51:40', NULL, '2019-07-22 09:51:40'),
(57, 2, 45, NULL, 0, 0, NULL, '2019-07-22 09:45:19', '2019-07-22 09:51:40', NULL, '2019-07-22 09:51:40'),
(58, 1, 46, 19, 0, 0, NULL, '2019-07-22 11:27:16', '2019-07-22 11:51:45', '2019-07-22 11:51:45', '2019-07-22 11:44:15'),
(59, 2, 46, 19, 0, 0, NULL, '2019-07-22 11:27:16', '2019-07-22 11:51:45', '2019-07-22 11:51:45', '2019-07-22 11:44:15'),
(60, 1, 47, NULL, 0, 0, NULL, '2019-08-26 11:43:26', '2019-08-26 11:49:11', NULL, '2019-08-26 11:49:11'),
(61, 2, 47, NULL, 0, 0, NULL, '2019-08-26 11:43:26', '2019-08-26 11:49:11', NULL, '2019-08-26 11:49:11'),
(62, 1, 48, 20, 0, 0, NULL, '2019-08-28 11:10:09', '2019-08-28 11:15:32', '2019-08-28 11:15:32', '2019-08-28 11:14:01'),
(63, 2, 48, 20, 0, 0, NULL, '2019-08-28 11:10:09', '2019-08-28 11:15:32', '2019-08-28 11:15:32', '2019-08-28 11:14:01'),
(68, 2, 52, NULL, 0, 0, NULL, '2019-09-02 00:36:54', '2019-09-02 00:36:54', NULL, NULL),
(69, 2, 53, NULL, 0, 0, NULL, '2019-09-02 19:42:39', '2019-09-02 19:42:39', NULL, NULL),
(70, 2, 54, NULL, 0, 0, NULL, '2019-09-08 10:14:30', '2019-09-08 10:14:30', NULL, NULL),
(71, 2, 55, NULL, 0, 0, NULL, '2019-09-08 10:22:12', '2019-09-08 10:22:12', NULL, NULL),
(72, 1, 56, NULL, 0, 0, NULL, '2019-09-08 10:22:29', '2019-09-08 10:22:29', NULL, NULL),
(73, 2, 57, NULL, 0, 0, NULL, '2019-09-08 10:34:27', '2019-09-08 10:34:27', NULL, NULL),
(74, 2, 58, NULL, 0, 0, NULL, '2019-09-08 10:38:20', '2019-09-08 10:38:20', NULL, NULL),
(75, 2, 59, NULL, 0, 0, NULL, '2019-09-08 10:39:11', '2019-09-08 10:39:11', NULL, NULL),
(76, 2, 60, NULL, 0, 0, NULL, '2019-09-08 10:41:47', '2019-09-08 10:41:47', NULL, NULL),
(77, 2, 61, NULL, 0, 0, NULL, '2019-09-08 10:48:25', '2019-09-08 10:48:25', NULL, NULL),
(78, 2, 62, NULL, 0, 0, NULL, '2019-09-08 10:49:33', '2019-09-08 10:49:33', NULL, NULL),
(79, 2, 63, NULL, 0, 0, NULL, '2019-09-08 10:55:45', '2019-09-08 10:55:45', NULL, NULL),
(80, 2, 64, NULL, 0, 0, NULL, '2019-09-08 11:06:21', '2019-09-08 11:06:21', NULL, NULL),
(81, 2, 65, NULL, 0, 0, NULL, '2019-09-08 11:21:13', '2019-09-08 11:21:13', NULL, NULL),
(82, 2, 66, NULL, 0, 0, NULL, '2019-09-08 11:21:50', '2019-09-08 11:21:50', NULL, NULL),
(83, 2, 67, NULL, 0, 0, NULL, '2019-09-08 11:24:39', '2019-09-08 11:24:39', NULL, NULL),
(84, 2, 68, NULL, 0, 0, NULL, '2019-09-08 12:08:26', '2019-09-08 12:08:26', NULL, NULL),
(85, 2, 69, NULL, 0, 0, NULL, '2019-09-08 12:10:53', '2019-09-08 12:10:53', NULL, NULL),
(86, 1, 70, NULL, 0, 0, NULL, '2019-09-08 12:17:03', '2019-09-08 12:17:03', NULL, NULL),
(87, 1, 71, NULL, 0, 0, NULL, '2019-09-08 12:18:31', '2019-09-08 12:18:31', NULL, NULL),
(88, 1, 72, NULL, 0, 0, NULL, '2019-09-08 12:26:17', '2019-09-08 12:26:17', NULL, NULL),
(89, 2, 73, NULL, 0, 0, NULL, '2019-09-08 12:43:50', '2019-09-08 12:43:50', NULL, '2019-09-16 06:59:56'),
(90, 1, 74, NULL, 0, 0, NULL, '2019-09-08 12:44:39', '2019-09-08 12:44:39', NULL, '2019-09-08 13:33:56'),
(91, 2, 75, NULL, 0, 0, NULL, '2019-09-08 12:45:18', '2019-09-08 12:45:18', NULL, NULL),
(92, 2, 76, NULL, 0, 0, NULL, '2019-09-08 15:46:01', '2019-09-08 15:46:01', NULL, NULL),
(93, 1, 77, 22, 0, 0, NULL, '2019-09-09 12:49:33', '2019-09-09 13:01:15', '2019-09-09 13:01:15', '2019-09-09 12:52:11'),
(94, 2, 77, 22, 0, 0, NULL, '2019-09-09 12:49:33', '2019-09-09 13:01:15', '2019-09-09 13:01:15', '2019-09-09 12:52:11'),
(95, 1, 78, NULL, 0, 0, NULL, '2019-09-15 16:53:54', '2019-09-15 16:53:54', NULL, '2019-09-15 15:13:56'),
(96, 2, 78, NULL, 0, 0, NULL, '2019-09-15 16:53:54', '2019-09-15 16:53:54', NULL, '2019-09-15 15:13:56'),
(97, 1, 79, NULL, 0, 0, NULL, '2019-09-16 09:02:47', '2019-09-16 09:02:47', NULL, '2019-09-16 07:07:56'),
(98, 2, 79, NULL, 0, 0, NULL, '2019-09-16 09:02:47', '2019-09-16 09:02:47', NULL, '2019-09-16 07:07:56'),
(99, 1, 80, 24, 0, 0, NULL, '2019-09-16 09:37:13', '2019-09-16 09:48:28', '2019-09-16 09:44:15', '2019-09-16 09:44:15'),
(100, 2, 80, 24, 0, 0, NULL, '2019-09-16 09:37:13', '2019-09-16 09:48:28', '2019-09-16 09:44:15', '2019-09-16 09:44:15'),
(101, 1, 81, 25, 0, 0, NULL, '2019-09-16 09:55:04', '2019-09-16 09:58:50', '2019-09-16 09:57:09', '2019-09-16 09:57:09'),
(102, 2, 81, 25, 0, 0, NULL, '2019-09-16 09:55:04', '2019-09-16 09:58:50', '2019-09-16 09:57:09', '2019-09-16 09:57:09'),
(103, 1, 82, 28, 0, 0, NULL, '2019-09-16 14:51:58', '2019-09-17 17:05:13', '2019-09-16 16:44:34', '2019-09-16 16:44:34'),
(104, 2, 82, 28, 0, 0, NULL, '2019-09-16 14:51:58', '2019-09-17 17:05:13', '2019-09-16 16:44:34', '2019-09-16 16:44:34'),
(105, 1, 83, NULL, 0, 0, NULL, '2019-09-17 16:07:17', '2019-09-17 16:07:17', NULL, '2019-09-17 14:21:56'),
(106, 2, 83, NULL, 0, 0, NULL, '2019-09-17 16:07:17', '2019-09-17 16:07:17', NULL, '2019-09-17 14:21:56'),
(107, 1, 84, 27, 0, 0, NULL, '2019-09-17 16:39:29', '2019-09-17 16:42:22', '2019-09-17 16:41:14', '2019-09-17 16:41:14'),
(108, 2, 84, 27, 0, 0, NULL, '2019-09-17 16:39:29', '2019-09-17 16:42:22', '2019-09-17 16:41:14', '2019-09-17 16:41:14'),
(109, 1, 85, 28, 0, 0, NULL, '2019-09-17 16:59:44', '2019-09-17 17:05:47', '2019-09-17 17:03:51', '2019-09-17 17:03:51'),
(110, 2, 85, 28, 0, 0, NULL, '2019-09-17 16:59:44', '2019-09-17 17:05:47', '2019-09-17 17:03:51', '2019-09-17 17:03:51'),
(111, 1, 86, 29, 0, 0, NULL, '2019-09-18 09:24:56', '2019-09-18 09:29:19', '2019-09-18 09:26:24', '2019-09-18 09:26:24'),
(112, 2, 86, 29, 0, 0, NULL, '2019-09-18 09:24:56', '2019-09-18 09:29:19', '2019-09-18 09:26:24', '2019-09-18 09:26:24'),
(113, 1, 87, 30, 0, 0, NULL, '2019-09-18 10:03:01', '2019-09-18 10:15:33', '2019-09-18 10:09:19', '2019-09-18 10:09:19'),
(114, 2, 87, 30, 0, 0, NULL, '2019-09-18 10:03:01', '2019-09-18 10:15:33', '2019-09-18 10:09:19', '2019-09-18 10:09:19'),
(115, 1, 88, NULL, 0, 0, NULL, '2019-09-18 12:39:05', '2019-09-18 12:39:05', NULL, NULL),
(116, 2, 88, NULL, 0, 0, NULL, '2019-09-18 12:39:05', '2019-09-18 12:39:05', NULL, NULL),
(117, 1, 89, NULL, 0, 0, NULL, '2019-09-18 12:39:21', '2019-09-18 12:39:21', NULL, '2019-09-18 11:13:56'),
(118, 2, 89, NULL, 0, 0, NULL, '2019-09-18 12:39:21', '2019-09-18 12:39:21', NULL, '2019-09-18 11:13:56'),
(119, 1, 90, NULL, 0, 0, NULL, '2019-09-19 10:36:16', '2019-09-19 10:36:16', NULL, NULL),
(120, 2, 90, NULL, 0, 0, NULL, '2019-09-19 10:36:16', '2019-09-19 10:36:16', NULL, NULL),
(121, 2, 91, 31, 0, 0, NULL, '2019-09-29 11:29:52', '2019-09-29 11:52:44', '2019-09-29 11:52:03', '2019-09-29 11:52:03'),
(122, 1, 92, 32, 0, 0, NULL, '2019-09-30 15:20:50', '2019-09-30 15:55:11', '2019-09-30 15:47:44', '2019-09-30 15:47:44'),
(123, 2, 92, 32, 0, 0, NULL, '2019-09-30 15:20:50', '2019-09-30 15:55:11', '2019-09-30 15:47:44', '2019-09-30 15:47:44'),
(124, 2, 93, NULL, 0, 0, NULL, '2019-09-30 16:14:40', '2019-09-30 16:14:40', NULL, NULL),
(125, 2, 94, NULL, 0, 0, NULL, '2019-10-01 11:35:45', '2019-10-01 11:35:45', NULL, NULL),
(126, 2, 95, NULL, 0, 0, NULL, '2019-10-01 12:53:56', '2019-10-01 12:53:56', NULL, NULL),
(127, 1, 96, 33, 0, 0, NULL, '2019-10-01 14:31:53', '2019-10-01 14:43:08', '2019-10-01 14:40:46', '2019-10-01 14:40:46'),
(128, 2, 96, 33, 0, 0, NULL, '2019-10-01 14:31:53', '2019-10-01 14:43:08', '2019-10-01 14:40:46', '2019-10-01 14:40:46'),
(129, 2, 97, NULL, 0, 0, NULL, '2019-10-01 16:10:37', '2019-10-01 16:10:37', NULL, NULL),
(130, 2, 98, NULL, 0, 0, NULL, '2019-10-01 16:28:46', '2019-10-01 16:28:46', NULL, NULL),
(131, 2, 99, NULL, 0, 0, NULL, '2019-10-01 16:35:30', '2019-10-01 16:35:30', NULL, NULL),
(132, 2, 100, NULL, 0, 0, NULL, '2019-10-01 16:38:47', '2019-10-01 16:38:47', NULL, NULL),
(133, 2, 101, NULL, 0, 0, NULL, '2019-10-01 16:39:21', '2019-10-01 16:39:21', NULL, NULL),
(134, 2, 102, NULL, 0, 0, NULL, '2019-10-01 16:39:53', '2019-10-01 16:39:53', NULL, NULL),
(135, 1, 103, 34, 0, 0, NULL, '2019-10-01 16:40:19', '2019-10-01 16:53:40', '2019-10-01 16:47:14', '2019-10-01 16:47:14'),
(136, 2, 103, 34, 0, 0, NULL, '2019-10-01 16:40:19', '2019-10-01 16:53:40', '2019-10-01 16:47:14', '2019-10-01 16:47:14'),
(137, 2, 104, NULL, 0, 0, NULL, '2019-10-01 16:41:10', '2019-10-01 16:41:10', NULL, NULL),
(138, 2, 105, NULL, 0, 0, NULL, '2019-10-01 16:42:12', '2019-10-01 16:42:12', NULL, NULL),
(139, 2, 106, NULL, 0, 0, NULL, '2019-10-01 16:43:20', '2019-10-01 16:43:20', NULL, NULL),
(140, 2, 107, NULL, 0, 0, NULL, '2019-10-01 16:49:41', '2019-10-01 16:49:41', NULL, NULL),
(141, 2, 108, NULL, 0, 0, NULL, '2019-10-01 16:52:15', '2019-10-01 16:52:15', NULL, NULL),
(142, 1, 109, NULL, 0, 0, NULL, '2019-10-01 16:55:29', '2019-10-01 16:55:29', NULL, NULL),
(143, 2, 110, NULL, 0, 0, NULL, '2019-10-01 16:55:45', '2019-10-01 16:55:45', NULL, NULL),
(144, 2, 111, NULL, 0, 0, NULL, '2019-10-01 17:29:08', '2019-10-01 17:29:08', NULL, NULL),
(145, 2, 112, NULL, 0, 0, NULL, '2019-10-01 18:22:47', '2019-10-01 18:22:47', NULL, NULL),
(146, 1, 113, NULL, 0, 0, NULL, '2019-10-02 12:25:53', '2019-10-02 12:44:50', NULL, '2019-10-02 12:44:50'),
(147, 2, 113, NULL, 0, 0, NULL, '2019-10-02 12:25:53', '2019-10-02 12:44:50', NULL, '2019-10-02 12:44:50'),
(148, 1, 114, NULL, 0, 0, NULL, '2019-10-02 15:07:18', '2019-10-02 15:07:18', NULL, NULL),
(149, 2, 114, NULL, 0, 0, NULL, '2019-10-02 15:07:18', '2019-10-02 15:07:18', NULL, NULL),
(150, 2, 115, NULL, 0, 0, NULL, '2019-10-02 15:10:32', '2019-10-02 15:10:32', NULL, NULL),
(151, 2, 116, NULL, 0, 0, NULL, '2019-10-02 15:14:28', '2019-10-02 15:14:28', NULL, NULL),
(152, 1, 117, NULL, 0, 0, NULL, '2019-10-02 16:06:00', '2019-10-02 16:06:00', NULL, NULL),
(153, 2, 117, NULL, 0, 0, NULL, '2019-10-02 16:06:00', '2019-10-02 16:06:00', NULL, NULL),
(154, 1, 118, NULL, 0, 0, NULL, '2019-10-02 16:07:49', '2019-10-02 16:07:49', NULL, NULL),
(155, 2, 118, NULL, 0, 0, NULL, '2019-10-02 16:07:49', '2019-10-02 16:07:49', NULL, NULL),
(156, 2, 119, NULL, 0, 0, NULL, '2019-10-02 16:08:06', '2019-10-02 16:08:06', NULL, NULL),
(157, 2, 120, NULL, 0, 0, NULL, '2019-10-02 16:24:01', '2019-10-02 16:24:01', NULL, NULL),
(158, 2, 121, NULL, 0, 0, NULL, '2019-10-02 16:28:08', '2019-10-02 16:28:08', NULL, NULL),
(159, 2, 122, NULL, 0, 0, NULL, '2019-10-02 16:29:06', '2019-10-02 16:29:06', NULL, NULL),
(160, 2, 123, NULL, 0, 0, NULL, '2019-10-02 16:30:59', '2019-10-02 16:30:59', NULL, NULL),
(161, 2, 124, NULL, 0, 0, NULL, '2019-10-02 16:32:28', '2019-10-02 16:32:28', NULL, NULL),
(162, 2, 125, NULL, 0, 0, NULL, '2019-10-02 16:43:06', '2019-10-02 16:43:06', NULL, NULL),
(163, 1, 126, NULL, 0, 0, NULL, '2019-10-02 16:44:12', '2019-10-02 16:44:12', NULL, NULL),
(164, 2, 126, NULL, 0, 0, NULL, '2019-10-02 16:44:12', '2019-10-02 16:44:12', NULL, NULL),
(165, 1, 127, NULL, 0, 0, NULL, '2019-10-02 16:46:51', '2019-10-02 16:46:51', NULL, NULL),
(166, 2, 128, NULL, 0, 0, NULL, '2019-10-02 16:48:28', '2019-10-02 16:48:28', NULL, '2019-10-02 15:31:56'),
(167, 1, 129, NULL, 0, 0, NULL, '2019-10-20 23:19:19', '2019-10-20 23:19:19', NULL, NULL),
(168, 2, 129, NULL, 0, 0, NULL, '2019-10-20 23:19:19', '2019-10-20 23:19:19', NULL, NULL),
(169, 1, 130, 35, 0, 0, NULL, '2019-10-24 10:26:03', '2019-10-24 10:49:23', '2019-10-24 10:47:06', '2019-10-24 10:47:06'),
(170, 2, 130, 35, 1, 0, NULL, '2019-10-24 10:26:03', '2019-10-24 10:55:17', '2019-10-24 10:47:06', '2019-10-24 10:47:06'),
(171, 2, 131, NULL, 0, 0, NULL, '2019-10-24 10:59:52', '2019-10-24 10:59:52', NULL, NULL),
(172, 1, 132, NULL, 0, 0, NULL, '2019-10-24 15:09:45', '2019-10-24 15:09:45', NULL, NULL),
(173, 2, 132, NULL, 0, 0, NULL, '2019-10-24 15:09:45', '2019-10-24 15:09:45', NULL, NULL),
(174, 1, 133, NULL, 0, 0, NULL, '2019-10-25 15:33:45', '2019-10-25 15:33:45', NULL, NULL),
(175, 2, 133, NULL, 0, 0, NULL, '2019-10-25 15:33:45', '2019-10-25 15:33:45', NULL, NULL),
(176, 1, 134, NULL, 0, 0, NULL, '2019-10-25 16:03:48', '2019-10-25 16:03:48', NULL, NULL),
(177, 2, 134, NULL, 0, 0, NULL, '2019-10-25 16:03:48', '2019-10-25 16:03:48', NULL, NULL),
(178, 1, 135, NULL, 0, 0, NULL, '2019-10-26 12:08:50', '2019-10-26 12:08:50', NULL, NULL),
(179, 2, 135, NULL, 0, 0, NULL, '2019-10-26 12:08:50', '2019-10-26 12:08:50', NULL, NULL),
(180, 1, 136, NULL, 0, 0, NULL, '2019-10-26 12:16:06', '2019-10-26 12:16:06', NULL, NULL),
(181, 2, 136, NULL, 0, 0, NULL, '2019-10-26 12:16:06', '2019-10-26 12:16:06', NULL, NULL),
(182, 1, 137, NULL, 0, 0, NULL, '2019-10-26 12:42:39', '2019-10-26 12:42:39', NULL, NULL),
(183, 2, 137, NULL, 0, 0, NULL, '2019-10-26 12:42:39', '2019-10-26 12:42:39', NULL, NULL),
(184, 1, 138, 37, 0, 0, NULL, '2019-10-27 09:36:45', '2019-10-27 10:27:17', '2019-10-27 10:25:39', '2019-10-27 10:25:39'),
(185, 2, 138, 37, 0, 0, NULL, '2019-10-27 09:36:45', '2019-10-27 10:27:17', '2019-10-27 10:25:39', '2019-10-27 10:25:39'),
(186, 1, 139, 36, 0, 0, NULL, '2019-10-27 09:48:35', '2019-10-27 10:11:07', '2019-10-27 10:07:25', '2019-10-27 10:07:25'),
(187, 1, 140, NULL, 0, 0, NULL, '2019-10-28 08:56:21', '2019-10-28 08:56:21', NULL, NULL),
(188, 2, 140, NULL, 0, 0, NULL, '2019-10-28 08:56:21', '2019-10-28 08:56:21', NULL, NULL),
(189, 2, 141, 38, 0, 0, NULL, '2019-10-28 20:58:49', '2019-10-28 21:04:41', '2019-10-28 21:01:34', '2019-10-28 21:01:34'),
(190, 1, 142, NULL, 0, 0, NULL, '2019-10-28 21:49:52', '2019-10-28 21:49:52', NULL, '2019-10-28 20:53:56'),
(191, 2, 142, NULL, 0, 0, NULL, '2019-10-28 21:49:52', '2019-10-28 21:49:52', NULL, '2019-10-28 20:53:56'),
(192, 1, 143, NULL, 0, 0, NULL, '2019-10-28 22:18:18', '2019-10-28 22:18:18', NULL, '2019-10-28 21:31:56'),
(193, 2, 143, NULL, 0, 0, NULL, '2019-10-28 22:18:18', '2019-10-28 22:18:18', NULL, '2019-10-28 21:31:56'),
(194, 1, 144, NULL, 0, 0, NULL, '2019-10-28 22:18:19', '2019-10-28 22:18:19', NULL, '2019-10-28 21:33:56'),
(195, 2, 144, NULL, 0, 0, NULL, '2019-10-28 22:18:19', '2019-10-28 22:18:19', NULL, '2019-10-28 21:33:56'),
(196, 2, 145, NULL, 0, 0, NULL, '2019-10-30 11:21:44', '2019-10-30 11:21:44', NULL, '2019-10-30 10:29:56'),
(197, 2, 146, NULL, 0, 0, NULL, '2019-10-30 17:16:42', '2019-10-30 17:16:42', NULL, NULL),
(198, 2, 147, NULL, 0, 0, NULL, '2019-10-30 17:20:25', '2019-10-30 17:20:25', NULL, '2019-10-30 16:23:56');

-- --------------------------------------------------------

--
-- Table structure for table `certificate_types`
--

CREATE TABLE `certificate_types` (
  `id` bigint(20) UNSIGNED NOT NULL,
  `name` varchar(255) COLLATE utf8mb4_unicode_ci NOT NULL,
  `nameAr` varchar(255) COLLATE utf8mb4_unicode_ci NOT NULL
) ENGINE=InnoDB DEFAULT CHARSET=utf8mb4 COLLATE=utf8mb4_unicode_ci;

--
-- Dumping data for table `certificate_types`
--

INSERT INTO `certificate_types` (`id`, `name`, `nameAr`) VALUES
(1, 'Export Fund', 'شهاده المسانده التصديريه'),
(2, 'Law5', 'شهاده تفضيل المنتج المصرى');

-- --------------------------------------------------------

--
-- Table structure for table `chambers`
--

CREATE TABLE `chambers` (
  `id` int(10) UNSIGNED NOT NULL,
  `nameEn` varchar(255) COLLATE utf8mb4_unicode_ci NOT NULL,
  `nameAr` varchar(255) COLLATE utf8mb4_unicode_ci NOT NULL,
  `assessmentMethod` int(10) UNSIGNED NOT NULL,
  `isDeleted` tinyint(1) NOT NULL DEFAULT '0',
  `deleted_at` datetime DEFAULT NULL
) ENGINE=InnoDB DEFAULT CHARSET=utf8mb4 COLLATE=utf8mb4_unicode_ci;

--
-- Dumping data for table `chambers`
--

INSERT INTO `chambers` (`id`, `nameEn`, `nameAr`, `assessmentMethod`, `isDeleted`, `deleted_at`) VALUES
(1, 'Engineering Chamber', 'الغرفة الهندسية', 1, 0, NULL),
(2, 'Chamber of Food Industry', 'غرفه الصناعات الغذائيه', 2, 0, NULL),
(3, 'Chamber of Handicrafts', 'غرفة الحرف اليدوية', 2, 0, NULL),
(4, 'Wood & Furniture Chamber', 'غرفة الاثاث', 2, 0, NULL),
(5, 'Pharmaceutical Chamber', 'غرفه الادوية ومستحضرات التجميل ', 1, 0, NULL),
(6, 'Petroleum & Mining Chamber', 'غرفه البترول والتعدين', 1, 0, NULL),
(7, 'Printing Industries Chamber', 'غرفه الطباعه', 2, 0, NULL),
(8, 'Healthcare Chamber', 'غرفه مقدمى الخدمات الصحية', 1, 0, NULL),
(9, 'Ready-Made Garments Chamber', 'غرفة الملابس الجاهزة', 1, 0, NULL),
(10, 'Metallurgical Chamber', 'غرفة المعدنية', 1, 0, NULL),
(11, 'English', 'عربي', 1, 0, NULL),
(12, 'Real Estate Development ', 'غرفه التطوير العقاري', 1, 0, NULL),
(13, 'test', 'test', 1, 1, '2019-07-04 13:00:44'),
(14, 'test2', 'test2', 2, 0, NULL),
(15, 'cars', 'السيالرلت', 1, 1, '2019-10-27 12:34:02');

-- --------------------------------------------------------

--
-- Table structure for table `cities`
--

CREATE TABLE `cities` (
  `id` int(11) NOT NULL,
  `governorateId` int(11) NOT NULL,
  `nameAr` varchar(200) NOT NULL,
  `nameEn` varchar(200) NOT NULL
) ENGINE=MyISAM DEFAULT CHARSET=utf8;

--
-- Dumping data for table `cities`
--

INSERT INTO `cities` (`id`, `governorateId`, `nameAr`, `nameEn`) VALUES
(1, 1, 'القاهره', 'Cairo'),
(2, 2, 'الجيزة', 'Giza'),
(3, 2, 'السادس من أكتوبر', 'Sixth of October'),
(4, 2, 'الشيخ زايد\n', 'Cheikh Zayed'),
(5, 2, 'الحوامدية', 'Hawamdiyah'),
(6, 2, 'البدرشين', 'Al Badrasheen'),
(7, 2, 'الصف', 'Saf'),
(8, 2, 'أطفيح', 'Atfih'),
(9, 2, 'العياط', 'Al Ayat'),
(10, 2, 'الباويطي', 'Al-Bawaiti'),
(11, 2, 'منشأة القناطر', 'ManshiyetAl Qanater'),
(12, 2, 'أوسيم', 'Oaseem'),
(13, 2, 'كرداسة', 'Kerdasa'),
(14, 2, 'أبو النمرس', 'Abu Nomros'),
(15, 2, 'كفر غطاطي', 'Kafr Ghati'),
(16, 2, 'منشأة البكاري', 'Manshiyet Al Bakari'),
(17, 3, 'الأسكندرية', 'Alexandria'),
(18, 3, 'برج العرب', 'Burj Al Arab'),
(19, 3, 'برج العرب الجديدة', 'New Burj Al Arab'),
(20, 12, 'بنها', 'Banha'),
(21, 12, 'قليوب', 'Qalyub'),
(22, 12, 'شبرا الخيمة', 'Shubra Al Khaimah'),
(23, 12, 'القناطر الخيرية', 'Al Qanater Charity'),
(24, 12, 'الخانكة', 'Khanka'),
(25, 12, 'كفر شكر', 'Kafr Shukr'),
(26, 12, 'طوخ', 'Tukh'),
(27, 12, 'قها', 'Qaha'),
(28, 12, 'العبور', 'Obour'),
(29, 12, 'الخصوص', 'Khosous'),
(30, 12, 'شبين القناطر', 'Shibin Al Qanater'),
(31, 6, 'دمنهور', 'Damanhour'),
(32, 6, 'كفر الدوار', 'Kafr El Dawar'),
(33, 6, 'رشيد', 'Rashid'),
(34, 6, 'إدكو', 'Edco'),
(35, 6, 'أبو المطامير', 'Abu al-Matamir'),
(36, 6, 'أبو حمص', 'Abu Homs'),
(37, 6, 'الدلنجات', 'Delengat'),
(38, 6, 'المحمودية', 'Mahmoudiyah'),
(39, 6, 'الرحمانية', 'Rahmaniyah'),
(40, 6, 'إيتاي البارود', 'Itai Baroud'),
(41, 6, 'حوش عيسى', 'Housh Eissa'),
(42, 6, 'شبراخيت', 'Shubrakhit'),
(43, 6, 'كوم حمادة', 'Kom Hamada'),
(44, 6, 'بدر', 'Badr'),
(45, 6, 'وادي النطرون', 'Wadi Natrun'),
(46, 6, 'النوبارية الجديدة', 'New Nubaria'),
(47, 23, 'مرسى مطروح', 'Marsa Matrouh'),
(48, 23, 'الحمام', 'El Hamam'),
(49, 23, 'العلمين', 'Alamein'),
(50, 23, 'الضبعة', 'Dabaa'),
(51, 23, 'النجيلة', 'Al-Nagila'),
(52, 23, 'سيدي براني', 'Sidi Brani'),
(53, 23, 'السلوم', 'Salloum'),
(54, 23, 'سيوة', 'Siwa'),
(55, 19, 'دمياط', 'Damietta'),
(56, 19, 'دمياط الجديدة', 'New Damietta'),
(57, 19, 'رأس البر', 'Ras El Bar'),
(58, 19, 'فارسكور', 'Faraskour'),
(59, 19, 'الزرقا', 'Zarqa'),
(60, 19, 'السرو', 'alsaru'),
(61, 19, 'الروضة', 'alruwda'),
(62, 19, 'كفر البطيخ', 'Kafr El-Batikh'),
(63, 19, 'عزبة البرج', 'Azbet Al Burg'),
(64, 19, 'ميت أبو غالب', 'Meet Abou Ghalib'),
(65, 19, 'كفر سعد', 'Kafr Saad'),
(66, 4, 'المنصورة', 'Mansoura'),
(67, 4, 'طلخا', 'Talkha'),
(68, 4, 'ميت غمر', 'Mitt Ghamr'),
(69, 4, 'دكرنس', 'Dekernes'),
(70, 4, 'أجا', 'Aga'),
(71, 4, 'منية النصر', 'Menia El Nasr'),
(72, 4, 'السنبلاوين', 'Sinbillawin'),
(73, 4, 'الكردي', 'El Kurdi'),
(74, 4, 'بني عبيد', 'Bani Ubaid'),
(75, 4, 'المنزلة', 'Al Manzala'),
(76, 4, 'تمي الأمديد', 'tami al\'amdid'),
(77, 4, 'الجمالية', 'aljamalia'),
(78, 4, 'شربين', 'Sherbin'),
(79, 4, 'المطرية', 'Mataria'),
(80, 4, 'بلقاس', 'Belqas'),
(81, 4, 'ميت سلسيل', 'Meet Salsil'),
(82, 4, 'جمصة', 'Gamasa'),
(83, 4, 'محلة دمنة', 'Mahalat Damana'),
(84, 4, 'نبروه', 'Nabroh'),
(85, 22, 'كفر الشيخ', 'Kafr El Sheikh'),
(86, 22, 'دسوق', 'Desouq'),
(87, 22, 'فوه', 'Fooh'),
(88, 22, 'مطوبس', 'Metobas'),
(89, 22, 'برج البرلس', 'Burg Al Burullus'),
(90, 22, 'بلطيم', 'Baltim'),
(91, 22, 'مصيف بلطيم', 'Masief Baltim'),
(92, 22, 'الحامول', 'Hamol'),
(93, 22, 'بيلا', 'Bella'),
(94, 22, 'الرياض', 'Riyadh'),
(95, 22, 'سيدي سالم', 'Sidi Salm'),
(96, 22, 'قلين', 'Qellen'),
(97, 22, 'سيدي غازي', 'Sidi Ghazi'),
(98, 8, 'طنطا', 'Tanta'),
(99, 8, 'المحلة الكبرى', 'Al Mahalla Al Kobra'),
(100, 8, 'كفر الزيات', 'Kafr El Zayat'),
(101, 8, 'زفتى', 'Zefta'),
(102, 8, 'السنطة', 'El Santa'),
(103, 8, 'قطور', 'Qutour'),
(104, 8, 'بسيون', 'Basion'),
(105, 8, 'سمنود', 'Samannoud'),
(106, 10, 'شبين الكوم', 'Shbeen El Koom'),
(107, 10, 'مدينة السادات', 'Sadat City'),
(108, 10, 'منوف', 'Menouf'),
(109, 10, 'سرس الليان', 'Sars El-Layan'),
(110, 10, 'أشمون', 'Ashmon'),
(111, 10, 'الباجور', 'Al Bagor'),
(112, 10, 'قويسنا', 'Quesna'),
(113, 10, 'بركة السبع', 'Berkat El Saba'),
(114, 10, 'تلا', 'Tala'),
(115, 10, 'الشهداء', 'Al Shohada'),
(116, 20, 'الزقازيق', 'Zagazig'),
(117, 20, 'العاشر من رمضان', 'Al Ashr Men Ramadan'),
(118, 20, 'منيا القمح', 'Minya Al Qamh'),
(119, 20, 'بلبيس', 'Belbeis'),
(120, 20, 'مشتول السوق', 'Mashtoul El Souq'),
(121, 20, 'القنايات', 'Qenaiat'),
(122, 20, 'أبو حماد', 'Abu Hammad'),
(123, 20, 'القرين', 'El Qurain'),
(124, 20, 'ههيا', 'Hehia'),
(125, 20, 'أبو كبير', 'Abu Kabir'),
(126, 20, 'فاقوس', 'Faccus'),
(127, 20, 'الصالحية الجديدة', 'El Salihia El Gedida'),
(128, 20, 'الإبراهيمية', 'Al Ibrahimiyah'),
(129, 20, 'ديرب نجم', 'Deirb Negm'),
(130, 20, 'كفر صقر', 'Kafr Saqr'),
(131, 20, 'أولاد صقر', 'Awlad Saqr'),
(132, 20, 'الحسينية', 'Husseiniya'),
(133, 20, 'صان الحجر القبلية', 'san alhajar alqablia'),
(134, 20, 'منشأة أبو عمر', 'Manshayat Abu Omar'),
(135, 18, 'بورسعيد', 'PorSaid'),
(136, 18, 'بورفؤاد', 'PorFouad'),
(137, 9, 'الإسماعيلية', 'Ismailia'),
(138, 9, 'فايد', 'Fayed'),
(139, 9, 'القنطرة شرق', 'Qantara Sharq'),
(140, 9, 'القنطرة غرب', 'Qantara Gharb'),
(141, 9, 'التل الكبير', 'El Tal El Kabier'),
(142, 9, 'أبو صوير', 'Abu Sawir'),
(143, 9, 'القصاصين الجديدة', 'Kasasien El Gedida'),
(144, 14, 'السويس', 'Suez'),
(145, 26, 'العريش', 'Arish'),
(146, 26, 'الشيخ زويد', 'Sheikh Zowaid'),
(147, 26, 'نخل', 'Nakhl'),
(148, 26, 'رفح', 'Rafah'),
(149, 26, 'بئر العبد', 'Bir al-Abed'),
(150, 26, 'الحسنة', 'Al Hasana'),
(151, 21, 'الطور', 'Al Toor'),
(152, 21, 'شرم الشيخ', 'Sharm El-Shaikh'),
(153, 21, 'دهب', 'Dahab'),
(154, 21, 'نويبع', 'Nuweiba'),
(155, 21, 'طابا', 'Taba'),
(156, 21, 'سانت كاترين', 'Saint Catherine'),
(157, 21, 'أبو رديس', 'Abu Redis'),
(158, 21, 'أبو زنيمة', 'Abu Zenaima'),
(159, 21, 'رأس سدر', 'Ras Sidr'),
(160, 17, 'بني سويف', 'Bani Sweif'),
(161, 17, 'بني سويف الجديدة', 'Beni Suef El Gedida'),
(162, 17, 'الواسطى', 'Al Wasta'),
(163, 17, 'ناصر', 'Naser'),
(164, 17, 'إهناسيا', 'Ehnasia'),
(165, 17, 'ببا', 'beba'),
(166, 17, 'الفشن', 'Fashn'),
(167, 17, 'سمسطا', 'Somasta'),
(168, 7, 'الفيوم', 'Fayoum'),
(169, 7, 'الفيوم الجديدة', 'Fayoum El Gedida'),
(170, 7, 'طامية', 'Tamiya'),
(171, 7, 'سنورس', 'Snores'),
(172, 7, 'إطسا', 'Etsa'),
(173, 7, 'إبشواي', 'Epschway'),
(174, 7, 'يوسف الصديق', 'Yusuf El Sediaq'),
(175, 11, 'المنيا', 'Minya'),
(176, 11, 'المنيا الجديدة', 'Minya El Gedida'),
(177, 11, 'العدوة', 'El Adwa'),
(178, 11, 'مغاغة', 'Magagha'),
(179, 11, 'بني مزار', 'Bani Mazar'),
(180, 11, 'مطاي', 'Mattay'),
(181, 11, 'سمالوط', 'Samalut'),
(182, 11, 'المدينة الفكرية', 'Madinat El Fekria'),
(183, 11, 'ملوي', 'Meloy'),
(184, 11, 'دير مواس', 'Deir Mawas'),
(185, 16, 'أسيوط', 'Assiut'),
(186, 16, 'أسيوط الجديدة', 'Assiut El Gedida'),
(187, 16, 'ديروط', 'Dayrout'),
(188, 16, 'منفلوط', 'Manfalut'),
(189, 16, 'القوصية', 'Qusiya'),
(190, 16, 'أبنوب', 'Abnoub'),
(191, 16, 'أبو تيج', 'Abu Tig'),
(192, 16, 'الغنايم', 'El Ghanaim'),
(193, 16, 'ساحل سليم', 'Sahel Selim'),
(194, 16, 'البداري', 'El Badari'),
(195, 16, 'صدفا', 'Sidfa'),
(196, 13, 'الخارجة', 'El Kharga'),
(197, 13, 'باريس', 'Paris'),
(198, 13, 'موط', 'Mout'),
(199, 13, 'الفرافرة', 'Farafra'),
(200, 13, 'بلاط', 'Balat'),
(201, 5, 'الغردقة', 'Hurghada'),
(202, 5, 'رأس غارب', 'Ras Ghareb'),
(203, 5, 'سفاجا', 'Safaga'),
(204, 5, 'القصير', 'El Qusiar'),
(205, 5, 'مرسى علم', 'Marsa Alam'),
(206, 5, 'الشلاتين', 'Shalatin'),
(207, 5, 'حلايب', 'Halaib'),
(208, 27, 'سوهاج', 'Sohag'),
(209, 27, 'سوهاج الجديدة', 'Sohag El Gedida'),
(210, 27, 'أخميم', 'Akhmeem'),
(211, 27, 'أخميم الجديدة', 'Akhmim El Gedida'),
(212, 27, 'البلينا', 'Albalina'),
(213, 27, 'المراغة', 'El Maragha'),
(214, 27, 'المنشأة', 'almunsha\'a'),
(215, 27, 'دار السلام', 'Dar AISalaam'),
(216, 27, 'جرجا', 'Gerga'),
(217, 27, 'جهينة الغربية', 'Jahina Al Gharbia'),
(218, 27, 'ساقلته', 'Saqilatuh'),
(219, 27, 'طما', 'Tama'),
(220, 27, 'طهطا', 'Tahta'),
(221, 25, 'قنا', 'Qena'),
(222, 25, 'قنا الجديدة', 'New Qena'),
(223, 25, 'أبو تشت', 'Abu Tesht'),
(224, 25, 'نجع حمادي', 'Nag Hammadi'),
(225, 25, 'دشنا', 'Deshna'),
(226, 25, 'الوقف', 'Alwaqf'),
(227, 25, 'قفط', 'Qaft'),
(228, 25, 'نقادة', 'Naqada'),
(229, 25, 'فرشوط', 'Farshout'),
(230, 25, 'قوص', 'Quos'),
(231, 24, 'الأقصر', 'Luxor'),
(232, 24, 'الأقصر الجديدة', 'New Luxor'),
(233, 24, 'إسنا', 'Esna'),
(234, 24, 'طيبة الجديدة', 'New Tiba'),
(235, 24, 'الزينية', 'Al ziynia'),
(236, 24, 'البياضية', 'Al Bayadieh'),
(237, 24, 'القرنة', 'Al Qarna'),
(238, 24, 'أرمنت', 'Armant'),
(239, 24, 'الطود', 'Al Tud'),
(240, 15, 'أسوان', 'Aswan'),
(241, 15, 'أسوان الجديدة', 'Aswan El Gedida'),
(242, 15, 'دراو', 'Drau'),
(243, 15, 'كوم أمبو', 'Kom Ombo'),
(244, 15, 'نصر النوبة', 'Nasr Al Nuba'),
(245, 15, 'كلابشة', 'Kalabsha'),
(246, 15, 'إدفو', 'Edfu'),
(247, 15, 'الرديسية', 'Al-Radisiyah'),
(248, 15, 'البصيلية', 'Al Basilia'),
(249, 15, 'السباعية', 'Al Sibaeia'),
(250, 15, 'ابوسمبل السياحية', 'Abo Simbl Al Siyahia');

-- --------------------------------------------------------

--
-- Table structure for table `components`
--

CREATE TABLE `components` (
  `id` bigint(20) UNSIGNED NOT NULL,
  `assessmentId` bigint(20) UNSIGNED NOT NULL,
  `componentName` varchar(255) COLLATE utf8mb4_unicode_ci NOT NULL,
  `unit` varchar(255) COLLATE utf8mb4_unicode_ci NOT NULL,
  `quantity` double(20,2) NOT NULL,
  `unitPrice` double(20,2) NOT NULL,
  `supplier` varchar(255) COLLATE utf8mb4_unicode_ci DEFAULT NULL,
  `rate` double(20,2) DEFAULT NULL,
  `CIF` double(20,2) DEFAULT NULL,
  `isPackaging` tinyint(1) NOT NULL DEFAULT '0',
  `isImported` tinyint(1) NOT NULL DEFAULT '0'
) ENGINE=InnoDB DEFAULT CHARSET=utf8mb4 COLLATE=utf8mb4_unicode_ci;

--
-- Dumping data for table `components`
--

INSERT INTO `components` (`id`, `assessmentId`, `componentName`, `unit`, `quantity`, `unitPrice`, `supplier`, `rate`, `CIF`, `isPackaging`, `isImported`) VALUES
(1, 2, '1', '2', 21.00, 21.00, '2', NULL, NULL, 0, 0),
(2, 3, 'مكونِ11', 'كجم صافى ', 2000.00, 200.00, 'الشركة 12', NULL, NULL, 0, 0),
(3, 6, 'Cibafast-H', 'KG', 1.00, 65.00, 'Biotional Comp.', NULL, NULL, 0, 0),
(4, 8, 'test', '1234', 125.00, 12.00, 'test', NULL, NULL, 0, 0),
(5, 9, 'test', '1', 1.00, 1.00, 'tets', NULL, NULL, 0, 0),
(6, 10, 'تيشرت', '12', 200.00, 100.00, 'الصين', NULL, NULL, 0, 0),
(7, 12, 'مكون محلى 1', 'طن', 1000.00, 10000.00, 'شركه حديد عز', NULL, NULL, 0, 0),
(8, 12, 'مكون محلي 2', 'طن', 2000.00, 15000.00, 'شركه سيديكو', NULL, NULL, 0, 0),
(9, 12, 'تعبئه المكون المحلى 1', 'طن', 1000.00, 6000.00, 'شركه حديد عز', NULL, NULL, 1, 0),
(10, 12, 'تعبئه المكون المحلى 2	', 'طن', 8000.00, 12345.00, 'شركه سيديكو للتعبئه', NULL, NULL, 1, 0),
(11, 12, 'تعبئه المكون المستورد 1	', 'طن', 2000.00, 17000.00, 'شركه فارما للتعبئه والتصدير', 0.00, 8000.00, 1, 1),
(12, 18, 'مكون هيدوليكى محلى 1', 'كيلو جرام', 12000.00, 5000.00, 'شركة القدس Quds المحدودة للطلاء', NULL, NULL, 0, 0),
(13, 18, 'تعبئه مكون هيدوليكى محلى 1	', 'كيلو جرام', 120000.00, 2000.00, 'شركة القدس Quds المحدودة للطلاء	', NULL, NULL, 1, 0),
(14, 18, 'مكون هيدوليكى مستورد', 'كيلو جرام', 6000.00, 4000.00, 'شركة القدس Quds المحدودة للطلاء	', 20.00, 1400.00, 0, 1),
(15, 20, 'مكون محلي', 'كيلو جرام', 87647356.00, 433.00, 'احمد', NULL, NULL, 0, 0),
(16, 31, 'مكون1', 'كجم صافى', 3000000.00, 0.50, 'شركة3', NULL, NULL, 0, 0),
(17, 32, 'local component', 'pc', 12334.00, 123.00, 'yasser', NULL, NULL, 0, 0),
(18, 32, 'imported component', 'pc', 123.00, 121.00, 'yasser', 212.00, 121.00, 0, 1),
(19, 51, 'test', '1', 1.00, 1.00, 'tets', NULL, NULL, 0, 0),
(20, 53, 'test', '12', 21.00, 212.00, '12', NULL, NULL, 0, 0),
(21, 91, 'test', '1', 1.00, 1.00, 'tets', NULL, NULL, 0, 0),
(22, 100, 'test', '1', 1.00, 1.00, 'tets', NULL, NULL, 0, 0),
(23, 101, 'test', '1', 1.00, 1.00, 'tets', NULL, NULL, 0, 0),
(24, 104, 'Cibafast', 'KG', 0.00, 65.00, 'Biotional Comp', NULL, NULL, 0, 0),
(25, 104, 'Panthenol', 'KG', 0.25, 0.02, 'Merag', NULL, NULL, 0, 0),
(26, 104, 'PS Cap Vatika Gel 210/250ml common', 'PC', 1.00, 1.55, 'sandoz Comp', NULL, NULL, 1, 0),
(27, 104, 'PP Clear lid Vatika Gel 210/250ml common', 'PC', 1.00, 0.27, 'Royal Comp.', NULL, NULL, 1, 0),
(28, 104, 'PS CONTAINER-VAT STYLING GEL 250G COMMON', 'PC', 1.00, 1.57, 'Elhkma Comp', NULL, NULL, 1, 0),
(29, 104, 'CFB-Vat Styling Gel 250g Common', 'PC', 1.00, 0.04, 'Elhoda Comp.', NULL, NULL, 1, 0),
(30, 104, 'Aloe Vera ExtractWS-Pioma', 'KG', 0.01, 50.61, 'Tandon Comp', 17.70, NULL, 0, 1),
(31, 104, 'Ghergir Extract', 'KG', 0.03, 85.00, 'Cosmotic Comp.', 1.00, NULL, 0, 1),
(32, 104, 'Triethanolamine', 'KG', 0.01, 2.05, 'Nerhadou Comp.', 17.70, NULL, 0, 1),
(33, 104, 'GLYCERINE', 'KG', 0.04, 25.00, 'Global Napi Comp.', 17.78, NULL, 0, 1),
(34, 104, 'SODIUM METHYL PARABEN IP', 'KG', 0.02, 6.20, 'Flix Comp.', 17.78, NULL, 0, 1),
(35, 104, 'CARBOPOL 940', 'KG', 0.02, 9.00, 'Cobal Comp.', 17.76, NULL, 0, 1),
(36, 104, 'Cibafast-H', 'KG', 0.05, 63.00, 'Colmid Comp.', 20.34, NULL, 0, 1),
(37, 104, 'DL Panthenol', 'KG', 0.25, 0.02, 'Euro Comp.', 17.72, NULL, 0, 1),
(38, 104, 'EMULGIN HRE 40 (PEG-40 Hydro. Castoroil)', 'KG', 0.01, 3.50, 'Donal Comp.', 20.56, 0.03, 0, 1),
(39, 104, 'Euxyl K 510', 'KG', 0.08, 6.79, 'Golden Cosmotic Comp.', 17.70, 0.02, 0, 1),
(40, 104, 'Luviskol Va 64 W', 'KG', 0.02, 2.88, 'Daramin Comp.', 17.76, NULL, 0, 1),
(41, 104, 'Lbl Vat Wet Look Styling Gel 250g', 'PC', 1.00, 0.27, 'pharco Comp.', 18.00, NULL, 1, 1),
(42, 104, 'Barcode label Vatika Gel 250 ml Wet Look', 'PC', 1.00, 0.11, 'Bioderma Comp.', 18.00, 0.03, 1, 1),
(43, 106, 'Cibafast-H', 'KG', 0.00, 65.00, 'Biotional Comp.', NULL, NULL, 0, 0),
(44, 106, 'DL Panthenol', 'KG', 0.25, 0.02, 'Merag Comp.', NULL, NULL, 0, 0),
(45, 106, 'PS Cap Vatika Gel 210/250ml common', 'PC', 1.00, 1.55, 'sandoz Comp.', NULL, NULL, 1, 0),
(46, 106, 'PP Clear lid Vatika Gel 210/250ml common', 'PC', 1.00, 0.27, 'Royal Comp.', NULL, NULL, 1, 0),
(47, 106, 'PS CONTAINER-VAT STYLING GEL 250G COMMON', 'PC', 1.00, 1.57, 'Elhkma Comp.', NULL, NULL, 1, 0),
(48, 106, 'CFB-Vat Styling Gel 250g Common', 'PC', 1.00, 0.04, 'Elhoda Comp.', NULL, NULL, 1, 0),
(49, 106, 'Aloe Vera ExtractWS-Pioma', 'KG', 0.01, 50.61, 'Tandon Comp', 17.70, NULL, 0, 1),
(50, 106, 'Ghergir Extract', 'KG', 0.03, 85.00, 'Cosmotic Comp.', 1.00, NULL, 0, 1),
(51, 106, 'Triethanolamine', 'KG', 0.01, 2.05, 'Nerhadou Comp.', 17.70, NULL, 0, 1),
(52, 106, 'GLYCERINE', 'KG', 0.04, 25.00, 'Global Napi Comp.', 17.78, NULL, 0, 1),
(53, 106, 'SODIUM METHYL PARABEN IP', 'KG', 0.02, 6.20, 'Flix Comp.', 17.78, NULL, 0, 1),
(54, 106, 'CARBOPOL 940', 'KG', 0.02, 9.00, 'Cobal Comp.', 17.76, NULL, 0, 1),
(55, 106, 'Cibafast-H', 'KG', 0.05, 63.00, 'Colmid Comp.', 20.34, NULL, 0, 1),
(56, 106, 'DL Panthenol', 'KG', 0.25, 0.02, 'Euro comp', 17.72, NULL, 0, 1),
(57, 106, 'EMULGIN HRE 40 (PEG-40 Hydro. Castoroil)', 'KG', 0.01, 3.50, 'Donal Comp.', 20.56, 0.03, 0, 1),
(58, 106, 'Euxyl K 510', 'KG', 0.08, 6.79, 'Golden Cosmotic Comp.', 17.70, 0.02, 0, 1),
(59, 106, 'Luviskol Va 64 W', 'KG', 0.02, 2.88, 'Daramin Comp.', 17.76, NULL, 0, 1),
(60, 106, 'Lbl Vat Wet Look Styling Gel 250g', 'PC', 1.00, 0.27, 'pharco Comp.', 18.00, NULL, 1, 1),
(61, 106, 'Barcode label Vatika Gel 250 ml Wet Look', 'PC', 1.00, 0.11, 'Bioderma Comp.', 18.00, 0.03, 1, 1),
(62, 113, 'hhhhhhhhh', 'hhhhhhhhhh', 15.00, 15.00, 'hhhhhhhhhhh', NULL, NULL, 0, 0),
(63, 113, 'غ', 'غ', 1.00, 1.00, 'غ', NULL, NULL, 1, 0),
(64, 113, 't', 't', 12.00, 12.00, 'yt', 12.00, 12.00, 0, 1),
(65, 114, 'hhhhhhhhh', 'hhhhhhhhhh', 15.00, 15.00, 'hhhhhhhhhhh', NULL, NULL, 0, 0),
(66, 114, 'غ', 'غ', 1.00, 1.00, 'غ', NULL, NULL, 1, 0),
(67, 114, 't', 't', 12.00, 12.00, 'yt', 12.00, 12.00, 0, 1),
(68, 117, 'component', 'KG', 1200.00, 58.98, 'Ahmed', NULL, NULL, 0, 0),
(69, 121, 'Plastic Cover', 'Piece', 1000.00, 100.00, 'Plastic Co', NULL, NULL, 0, 0),
(70, 121, 'Cables', 'Piece', 1000.00, 20.00, 'Local', NULL, NULL, 0, 0),
(71, 126, 'Plastic Cover', 'Piece ', 100000.00, 10.00, 'Plastic Co.', NULL, NULL, 0, 0),
(72, 126, 'Cables', 'Unit', 100000.00, 10.00, 'Cable Co', NULL, NULL, 0, 0),
(73, 139, 'yy', 'yy', 66.00, 66.00, 'yy', NULL, NULL, 0, 0),
(84, 140, 'jedr', '878', 786.00, 67.00, '67', NULL, NULL, 0, 0),
(85, 141, 'jedr', '878', 786.00, 67.00, '67', NULL, NULL, 0, 0),
(86, 141, 'kljlk', '786', 897.00, 678.00, '678', NULL, NULL, 0, 0),
(87, 142, 'hjgf', '56', 67.00, 56.00, '56', NULL, NULL, 0, 0),
(89, 140, 'yuw', '76', 76.00, 76.00, '76', NULL, NULL, 0, 0),
(90, 139, 'tt', 'tt', 55.00, 55.00, 'tt', NULL, NULL, 0, 0),
(91, 139, 'pp', 'pp', 88.00, 88.00, 'pp', NULL, NULL, 0, 0),
(92, 139, 'rr', 'rr', 1.00, 1.00, 'rr', 1.00, 1.00, 0, 1),
(93, 143, 'Comp1', 'PC', 1013.00, 100.00, 'Company', NULL, NULL, 0, 0),
(94, 143, 'Done', 'PC', 7898.00, 89.00, 'tEST', NULL, NULL, 1, 0),
(95, 143, 'Test', 'KG', 200.00, 123.00, 'Company', 8.00, 987.00, 0, 1),
(96, 152, 'plastic cover', 'unit', 100000.00, 12.00, 'eee', NULL, NULL, 0, 0),
(97, 152, 'tt', 'unit', 111.00, 1111.00, '6ttt', NULL, NULL, 0, 0),
(98, 179, 'Cibafast-H', 'KG', 1.00, 65.00, 'Biotional Comp.', NULL, NULL, 0, 0);

-- --------------------------------------------------------

--
-- Table structure for table `employees`
--

CREATE TABLE `employees` (
  `id` int(10) UNSIGNED NOT NULL,
  `mobile` varchar(255) COLLATE utf8mb4_unicode_ci DEFAULT NULL,
  `chamberId` int(10) UNSIGNED DEFAULT NULL,
  `userId` int(10) UNSIGNED NOT NULL,
  `isDeleted` tinyint(1) NOT NULL DEFAULT '0',
  `deleted_at` timestamp NULL DEFAULT NULL,
  `created_at` timestamp NULL DEFAULT NULL,
  `updated_at` timestamp NULL DEFAULT NULL
) ENGINE=InnoDB DEFAULT CHARSET=utf8mb4 COLLATE=utf8mb4_unicode_ci;

--
-- Dumping data for table `employees`
--

INSERT INTO `employees` (`id`, `mobile`, `chamberId`, `userId`, `isDeleted`, `deleted_at`, `created_at`, `updated_at`) VALUES
(1, '01021952160', NULL, 1, 0, NULL, '2019-06-12 22:00:00', '2019-06-18 16:19:25'),
(5, '01021952160', NULL, 9, 0, NULL, '2019-06-18 16:20:11', '2019-06-18 16:20:11'),
(6, '01021952160', NULL, 10, 0, NULL, '2019-06-18 16:20:55', '2019-06-18 16:20:55'),
(7, '01021952160', NULL, 11, 0, NULL, '2019-06-18 16:21:40', '2019-06-18 16:21:40'),
(8, '01021952160', 2, 12, 0, NULL, '2019-06-18 16:22:29', '2019-07-04 10:38:54'),
(9, '01021952160', NULL, 13, 0, NULL, '2019-06-18 16:23:08', '2019-06-18 16:23:08'),
(10, '01021952160', NULL, 14, 0, NULL, '2019-06-18 16:23:45', '2019-06-18 16:23:45'),
(11, '01021952160', NULL, 16, 0, NULL, '2019-06-18 16:41:38', '2019-06-18 16:41:38'),
(12, '01021952160', NULL, 17, 0, NULL, '2019-06-18 16:56:12', '2019-06-18 16:56:12'),
(17, '01021952160', NULL, 25, 0, NULL, '2019-06-23 18:21:24', '2019-06-23 18:21:24'),
(18, '01021952160', NULL, 36, 0, NULL, '2019-06-27 12:41:25', '2019-06-27 12:41:25'),
(19, '01010101010', NULL, 37, 0, NULL, '2019-07-01 10:19:47', '2019-07-01 10:19:47'),
(20, '01021952160', NULL, 38, 0, NULL, '2019-07-01 10:39:53', '2019-07-01 10:39:53'),
(21, '01234567890', NULL, 39, 0, NULL, '2019-07-03 12:47:27', '2019-07-03 12:47:27'),
(22, '01234567890', NULL, 40, 0, NULL, '2019-07-03 16:18:26', '2019-07-03 16:18:26'),
(23, '01021952160', 3, 41, 0, NULL, '2019-07-04 11:58:27', '2019-07-04 11:58:27'),
(24, '01021952160', 3, 42, 0, NULL, '2019-07-04 11:58:43', '2019-07-04 11:58:43'),
(25, '01021952160', 3, 43, 0, NULL, '2019-07-04 11:58:51', '2019-07-04 11:58:51'),
(26, '01021952160', 3, 44, 0, NULL, '2019-07-04 11:59:48', '2019-07-04 11:59:48'),
(27, '01021952160', NULL, 45, 0, NULL, '2019-07-04 12:09:41', '2019-07-04 12:09:41'),
(28, '01234567890', NULL, 47, 0, NULL, '2019-07-14 15:41:28', '2019-07-14 15:41:28'),
(29, '01021952160', NULL, 48, 0, NULL, '2019-07-15 15:49:49', '2019-07-15 15:49:49'),
(30, '01021952160', NULL, 49, 0, NULL, '2019-07-15 16:12:57', '2019-07-15 16:12:57'),
(31, '01021952160', NULL, 50, 0, NULL, '2019-07-15 16:17:34', '2019-07-15 16:17:34'),
(32, '010219521620', NULL, 51, 0, NULL, '2019-07-15 16:20:42', '2019-07-15 16:20:42'),
(33, '01234566778899', 4, 55, 0, NULL, '2019-07-22 09:25:30', '2019-07-22 09:25:30'),
(34, '01234566778899', 4, 56, 0, NULL, '2019-07-22 09:25:48', '2019-07-22 09:25:48'),
(35, '01021952160', 1, 57, 0, NULL, '2019-07-22 09:27:43', '2019-07-22 09:27:43'),
(36, '012354698752', 1, 58, 0, NULL, '2019-07-22 09:34:02', '2019-07-22 09:34:02'),
(37, '01234567893', NULL, 59, 0, NULL, '2019-07-22 09:35:49', '2019-07-22 09:35:49'),
(38, '012345678954', 2, 60, 0, NULL, '2019-07-22 09:37:29', '2019-07-22 09:37:29'),
(39, '01234567899', 4, 61, 0, NULL, '2019-07-22 09:39:35', '2019-07-22 09:39:35'),
(40, '01235366743746', 1, 62, 0, NULL, '2019-07-22 09:40:29', '2019-07-22 09:40:29'),
(41, '01021982189', NULL, 90, 0, NULL, '2019-10-27 22:31:12', '2019-10-27 22:31:12'),
(42, '01239897867', NULL, 91, 0, NULL, '2019-10-27 22:42:06', '2019-10-27 22:42:06'),
(43, '010219522160', NULL, 92, 0, NULL, '2019-10-27 22:44:13', '2019-10-27 22:44:13'),
(44, '01234567891', NULL, 94, 0, NULL, '2019-10-27 23:05:26', '2019-10-27 23:05:26'),
(45, '01021952160', NULL, 95, 0, NULL, '2019-10-28 09:00:48', '2019-10-28 09:00:48');

-- --------------------------------------------------------

--
-- Table structure for table `employee_sectors`
--

CREATE TABLE `employee_sectors` (
  `id` int(10) UNSIGNED NOT NULL,
  `employeeId` int(10) UNSIGNED NOT NULL,
  `sectorId` int(10) UNSIGNED DEFAULT NULL,
  `deleted_at` timestamp NULL DEFAULT NULL,
  `created_at` timestamp NULL DEFAULT NULL,
  `updated_at` timestamp NULL DEFAULT NULL
) ENGINE=InnoDB DEFAULT CHARSET=utf8mb4 COLLATE=utf8mb4_unicode_ci;

--
-- Dumping data for table `employee_sectors`
--

INSERT INTO `employee_sectors` (`id`, `employeeId`, `sectorId`, `deleted_at`, `created_at`, `updated_at`) VALUES
(1, 5, 1, NULL, '2019-06-18 16:20:12', '2019-06-18 16:20:12'),
(2, 5, 2, NULL, '2019-06-18 16:20:12', '2019-06-18 16:20:12'),
(3, 5, 3, NULL, '2019-06-18 16:20:12', '2019-06-18 16:20:12'),
(4, 5, 4, NULL, '2019-06-18 16:20:12', '2019-06-18 16:20:12'),
(5, 5, 5, NULL, '2019-06-18 16:20:12', '2019-06-18 16:20:12'),
(6, 5, 6, NULL, '2019-06-18 16:20:12', '2019-06-18 16:20:12'),
(7, 5, 7, NULL, '2019-06-18 16:20:12', '2019-06-18 16:20:12'),
(29, 18, 1, NULL, '2019-06-27 12:41:25', '2019-06-27 12:41:25'),
(30, 18, 2, NULL, '2019-06-27 12:41:25', '2019-06-27 12:41:25'),
(31, 18, 3, NULL, '2019-06-27 12:41:25', '2019-06-27 12:41:25'),
(32, 18, 4, NULL, '2019-06-27 12:41:25', '2019-06-27 12:41:25'),
(33, 18, 5, NULL, '2019-06-27 12:41:25', '2019-06-27 12:41:25'),
(34, 18, 6, NULL, '2019-06-27 12:41:25', '2019-06-27 12:41:25'),
(35, 18, 7, NULL, '2019-06-27 12:41:25', '2019-06-27 12:41:25'),
(37, 21, 1, NULL, '2019-07-04 09:35:12', '2019-07-04 09:35:12'),
(38, 28, 1, NULL, '2019-07-14 15:41:28', '2019-07-14 15:41:28'),
(39, 28, 2, NULL, '2019-07-14 15:41:28', '2019-07-14 15:41:28'),
(40, 41, 1, NULL, '2019-10-27 22:31:12', '2019-10-27 22:31:12'),
(41, 41, 4, NULL, '2019-10-27 22:31:12', '2019-10-27 22:31:12'),
(42, 41, 11, NULL, '2019-10-27 22:31:12', '2019-10-27 22:31:12');

-- --------------------------------------------------------

--
-- Table structure for table `governorates`
--

CREATE TABLE `governorates` (
  `id` int(11) NOT NULL,
  `nameAr` varchar(50) NOT NULL,
  `nameEn` varchar(50) NOT NULL
) ENGINE=InnoDB DEFAULT CHARSET=utf8;

--
-- Dumping data for table `governorates`
--

INSERT INTO `governorates` (`id`, `nameAr`, `nameEn`) VALUES
(1, 'القاهرة', 'Cairo'),
(2, 'الجيزة', 'Giza'),
(3, 'الأسكندرية', 'Alexandria'),
(4, 'الدقهلية', 'Dakahlia'),
(5, 'البحر الأحمر', 'Red Sea'),
(6, 'البحيرة', 'Beheira'),
(7, 'الفيوم', 'Fayoum'),
(8, 'الغربية', 'Gharbiya'),
(9, 'الإسماعلية', 'Ismailia'),
(10, 'المنوفية', 'Monofia'),
(11, 'المنيا', 'Minya'),
(12, 'القليوبية', 'Qaliubiya'),
(13, 'الوادي الجديد', 'New Valley'),
(14, 'السويس', 'Suez'),
(15, 'اسوان', 'Aswan'),
(16, 'اسيوط', 'Assiut'),
(17, 'بني سويف', 'Beni Suef'),
(18, 'بورسعيد', 'Port Said'),
(19, 'دمياط', 'Damietta'),
(20, 'الشرقية', 'Sharkia'),
(21, 'جنوب سيناء', 'South Sinai'),
(22, 'كفر الشيخ', 'Kafr Al sheikh'),
(23, 'مطروح', 'Matrouh'),
(24, 'الأقصر', 'Luxor'),
(25, 'قنا', 'Qena'),
(26, 'شمال سيناء', 'North Sinai'),
(27, 'سوهاج', 'Sohag');

-- --------------------------------------------------------

--
-- Table structure for table `log`
--

CREATE TABLE `log` (
  `id` bigint(20) UNSIGNED NOT NULL,
  `RecordId` int(11) NOT NULL,
  `createdByUserId` int(11) NOT NULL,
  `TableName` varchar(255) COLLATE utf8mb4_unicode_ci NOT NULL,
  `Column` varchar(255) COLLATE utf8mb4_unicode_ci DEFAULT NULL,
  `Action` varchar(255) COLLATE utf8mb4_unicode_ci NOT NULL,
  `oldValue` varchar(255) COLLATE utf8mb4_unicode_ci DEFAULT NULL,
  `newValue` varchar(255) COLLATE utf8mb4_unicode_ci DEFAULT NULL,
  `createdAt` timestamp NOT NULL DEFAULT CURRENT_TIMESTAMP ON UPDATE CURRENT_TIMESTAMP
) ENGINE=InnoDB DEFAULT CHARSET=utf8mb4 COLLATE=utf8mb4_unicode_ci;

--
-- Dumping data for table `log`
--

INSERT INTO `log` (`id`, `RecordId`, `createdByUserId`, `TableName`, `Column`, `Action`, `oldValue`, `newValue`, `createdAt`) VALUES
(1, 1, 1, 'users', NULL, 'login', NULL, NULL, '2019-06-19 12:49:45'),
(2, 1, 1, 'users', 'telephone', 'update', '01234567891', '01021952160', '2019-06-18 16:19:25'),
(3, 9, 1, 'users', NULL, 'create', NULL, NULL, '2019-06-18 16:20:11'),
(4, 10, 1, 'users', NULL, 'create', NULL, NULL, '2019-06-18 16:20:55'),
(5, 11, 1, 'users', NULL, 'create', NULL, NULL, '2019-06-18 16:21:40'),
(6, 12, 1, 'users', NULL, 'create', NULL, NULL, '2019-06-18 16:22:29'),
(7, 13, 1, 'users', NULL, 'create', NULL, NULL, '2019-06-18 16:23:08'),
(8, 14, 1, 'users', NULL, 'create', NULL, NULL, '2019-06-18 16:23:45'),
(9, 1, 1, 'users', 'name', 'update', 'Test Admin', ' Admin', '2019-06-18 16:24:48'),
(10, 1, 1, 'settings', 'mailServer', 'update', '', 'mail.orchtech.com', '2019-06-18 16:34:27'),
(11, 1, 1, 'settings', 'fromEmail', 'update', '', 'test@orchtech.com', '2019-06-18 16:34:27'),
(12, 1, 1, 'settings', 'fromEmailPassword', 'update', '', '$2y$10$/7q23OYOO5LnRpj2QAWlp.Uz1rra/XXOzhXZUlAYkVtSmgm9hy0QK', '2019-06-18 16:34:27'),
(13, 15, 15, 'users', NULL, 'register', NULL, NULL, '2019-06-18 16:37:33'),
(14, 1, 15, 'applicants', 'legalEntityIdentifier', 'update', NULL, '122445', '2019-06-18 16:40:24'),
(15, 1, 15, 'applicants', 'managerName', 'update', NULL, 'محمد محمود محمد ', '2019-06-18 16:40:24'),
(16, 1, 15, 'applicants', 'isInsideIndusterialArea', 'update', NULL, '0', '2019-06-18 16:40:24'),
(17, 1, 15, 'applicants', 'governorateId', 'update', NULL, '6', '2019-06-18 16:40:24'),
(18, 1, 15, 'applicants', 'cityId', 'update', NULL, '31', '2019-06-18 16:40:24'),
(19, 1, 15, 'applicants', 'areaOrDistrict', 'update', NULL, 'شبرا', '2019-06-18 16:40:24'),
(20, 1, 15, 'applicants', 'buildingNumber', 'update', NULL, '28', '2019-06-18 16:40:24'),
(21, 1, 15, 'applicants', 'telephone', 'update', NULL, '01021952160', '2019-06-18 16:40:24'),
(22, 1, 15, 'applicants', 'fax', 'update', NULL, '1256', '2019-06-18 16:40:24'),
(23, 1, 15, 'applicants', 'authorityAcceptanceNumber', 'update', NULL, '12345', '2019-06-18 16:40:24'),
(24, 1, 15, 'applicants', 'commercialRecord', 'update', NULL, '12345', '2019-06-18 16:40:24'),
(25, 1, 15, 'applicants', 'licenseNumber', 'update', NULL, '12345', '2019-06-18 16:40:24'),
(26, 1, 15, 'applicants', 'factoryArea', 'update', NULL, '2000', '2019-06-18 16:40:24'),
(27, 1, 15, 'applicants', 'investmentCostAtConstructionTime', 'update', NULL, '200000', '2019-06-18 16:40:24'),
(28, 1, 15, 'applicants', 'currentInvestmentCosts', 'update', NULL, '300000', '2019-06-18 16:40:24'),
(29, 1, 15, 'applicants', 'taxCard', 'update', NULL, '12345', '2019-06-18 16:40:24'),
(30, 1, 15, 'applicants', 'extentOfEnvironmentalConditionsImplementationAndTrashDisposal', 'update', NULL, '20', '2019-06-18 16:40:24'),
(31, 1, 15, 'applicants', 'extentOfDangerousMaterialsUsage', 'update', NULL, '21', '2019-06-18 16:40:24'),
(32, 1, 15, 'applicants', 'annualInsuranceValue', 'update', NULL, '200000', '2019-06-18 16:40:24'),
(33, 1, 15, 'applicants', 'certificatesAndExtentOfSpecificationsMatching', 'update', NULL, '200', '2019-06-18 16:40:24'),
(34, 1, 15, 'applicants', 'insuredWorkersCount', 'update', NULL, '205', '2019-06-18 16:40:24'),
(35, 1, 15, 'applicants', 'entryNumberInIndusterialRecord', 'update', NULL, '21345', '2019-06-18 16:40:24'),
(36, 1, 15, 'applicants', 'yearOfFirstCertificate', 'update', NULL, '2019', '2019-06-18 16:40:24'),
(37, 1, 15, 'applicants', 'expirationDate', 'update', NULL, '2020-01-01', '2019-06-18 16:40:24'),
(38, 1, 1, 'users', NULL, 'Login', NULL, NULL, '2019-06-18 16:41:00'),
(39, 16, 1, 'users', NULL, 'create', NULL, NULL, '2019-06-18 16:41:38'),
(40, 16, 16, 'users', 'resetPasswordCode', 'reset', NULL, NULL, '2019-06-18 16:42:50'),
(41, 16, 16, 'users', NULL, 'Login', NULL, NULL, '2019-06-18 16:45:11'),
(42, 16, 16, 'users', 'resetPasswordCode', 'reset', NULL, NULL, '2019-06-18 16:50:31'),
(43, 16, 16, 'users', 'password', 'reset', NULL, NULL, '2019-06-18 16:52:13'),
(44, 16, 16, 'users', NULL, 'Login', NULL, NULL, '2019-06-18 16:52:22'),
(45, 17, 16, 'users', NULL, 'create', NULL, NULL, '2019-06-18 16:56:12'),
(46, 17, 17, 'users', 'resetPasswordCode', 'reset', NULL, NULL, '2019-06-18 16:58:43'),
(47, 17, 17, 'users', 'password', 'reset', NULL, NULL, '2019-06-18 17:03:01'),
(48, 17, 17, 'users', NULL, 'Login', NULL, NULL, '2019-06-18 17:03:10'),
(49, 1, 1, 'users', NULL, 'Login', NULL, NULL, '2019-06-18 17:04:11'),
(50, 1, 1, 'users', NULL, 'Login', NULL, NULL, '2019-06-18 17:09:21'),
(51, 15, 15, 'users', NULL, 'Login', NULL, NULL, '2019-06-18 17:10:17'),
(52, 1, 15, 'assessments', NULL, 'create', NULL, NULL, '2019-06-18 17:11:33'),
(53, 1, 1, 'users', NULL, 'Login', NULL, NULL, '2019-06-18 17:14:09'),
(54, 1, 1, 'sections', NULL, 'create', NULL, NULL, '2019-06-18 17:16:22'),
(55, 1, 15, 'attachments', NULL, 'create', NULL, NULL, '2019-06-18 17:20:41'),
(56, 2, 15, 'attachments', NULL, 'create', NULL, NULL, '2019-06-18 17:22:19'),
(57, 1, 15, 'requests', NULL, 'create', NULL, NULL, '2019-06-18 17:22:25'),
(58, 2, 15, 'requests', NULL, 'create', NULL, NULL, '2019-06-18 17:22:26'),
(59, 3, 15, 'requests', NULL, 'create', NULL, NULL, '2019-06-18 17:22:39'),
(60, 4, 15, 'requests', NULL, 'create', NULL, NULL, '2019-06-18 17:22:39'),
(61, 5, 15, 'requests', NULL, 'create', NULL, NULL, '2019-06-18 17:28:36'),
(62, 6, 15, 'requests', NULL, 'create', NULL, NULL, '2019-06-18 17:28:37'),
(63, 7, 15, 'requests', NULL, 'create', NULL, NULL, '2019-06-18 17:28:55'),
(64, 8, 15, 'requests', NULL, 'create', NULL, NULL, '2019-06-18 17:28:55'),
(65, 9, 15, 'requests', NULL, 'create', NULL, NULL, '2019-06-18 17:28:57'),
(66, 10, 15, 'requests', NULL, 'create', NULL, NULL, '2019-06-18 17:32:12'),
(67, 11, 15, 'requests', NULL, 'create', NULL, NULL, '2019-06-18 17:32:12'),
(68, 12, 15, 'requests', NULL, 'create', NULL, NULL, '2019-06-18 17:35:04'),
(69, 13, 15, 'requests', NULL, 'create', NULL, NULL, '2019-06-18 17:35:39'),
(70, 14, 15, 'requests', NULL, 'create', NULL, NULL, '2019-06-18 17:39:33'),
(71, 15, 15, 'requests', NULL, 'create', NULL, NULL, '2019-06-18 17:39:33'),
(72, 16, 15, 'requests', NULL, 'create', NULL, NULL, '2019-06-18 17:45:11'),
(73, 1, 15, 'certificate', NULL, 'create', NULL, NULL, '2019-06-18 17:45:11'),
(74, 2, 15, 'certificate', NULL, 'create', NULL, NULL, '2019-06-18 17:45:11'),
(75, 2, 15, 'attachments', 'requestId', 'update', NULL, '16', '2019-06-18 17:45:11'),
(76, 2, 15, 'attachments', 'isRepresentativeProof', 'update', '0', '0', '2019-06-18 17:45:11'),
(77, 1, 15, 'attachments', 'requestId', 'update', NULL, '16', '2019-06-18 17:45:11'),
(78, 1, 15, 'attachments', 'isRepresentativeProof', 'update', '0', '1', '2019-06-18 17:45:11'),
(79, 15, 15, 'users', NULL, 'Login', NULL, NULL, '2019-06-18 17:50:02'),
(80, 15, 15, 'users', NULL, 'Login', NULL, NULL, '2019-06-18 17:50:05'),
(81, 17, 17, 'users', NULL, 'Login', NULL, NULL, '2019-06-18 17:50:51'),
(82, 16, 16, 'users', NULL, 'Login', NULL, NULL, '2019-06-18 18:10:16'),
(83, 1, 16, 'settings', 'automaticAssignDelay', 'update', '60', '2', '2019-06-18 18:10:57'),
(84, 9, 9, 'users', NULL, 'Login', NULL, NULL, '2019-06-18 18:14:07'),
(85, 16, 9, 'requests', 'statusId', 'update', '2', '4', '2019-06-18 18:14:39'),
(86, 16, 9, 'requests', 'openedByEmployeeId', 'update', NULL, '5', '2019-06-18 18:14:39'),
(87, 16, 9, 'requests', 'isOriginalsReceived', 'update', '0', '1', '2019-06-18 18:14:55'),
(88, 16, 9, 'requests', 'statusId', 'update', '4', '6', '2019-06-18 18:15:29'),
(89, 10, 10, 'users', NULL, 'Login', NULL, NULL, '2019-06-18 18:15:37'),
(90, 11, 11, 'users', NULL, 'Login', NULL, NULL, '2019-06-18 18:17:58'),
(91, 16, 11, 'requests', 'statusId', 'update', '7', '9', '2019-06-18 18:18:19'),
(92, 16, 11, 'requests', 'isChamberMember', 'update', '0', '1', '2019-06-18 18:18:19'),
(93, 16, 11, 'requests', 'isSubscriptionFeesPaid', 'update', '0', '1', '2019-06-18 18:18:19'),
(94, 16, 11, 'requests', 'statusId', 'update', '9', '12', '2019-06-18 18:18:52'),
(95, 1, 11, 'certificates', 'certificateNumber', 'update', NULL, '1', '2019-06-18 18:18:52'),
(96, 1, 11, 'certificates', 'issueDate', 'update', '2019-06-18 15:45:11', '2019-06-18 18:18:52', '2019-06-18 18:18:52'),
(97, 2, 11, 'certificates', 'certificateNumber', 'update', NULL, '1', '2019-06-18 18:18:52'),
(98, 2, 11, 'certificates', 'issueDate', 'update', '2019-06-18 15:45:11', '2019-06-18 18:18:52', '2019-06-18 18:18:52'),
(99, 1, 1, 'users', NULL, 'Login', NULL, NULL, '2019-06-18 18:19:52'),
(100, 1, 1, 'users', NULL, 'Login', NULL, NULL, '2019-06-19 10:20:18'),
(101, 9, 9, 'users', NULL, 'Login', NULL, NULL, '2019-06-19 11:41:06'),
(102, 10, 10, 'users', NULL, 'Login', NULL, NULL, '2019-06-19 11:41:16'),
(103, 9, 9, 'users', NULL, 'Login', NULL, NULL, '2019-06-19 12:00:48'),
(104, 10, 10, 'users', NULL, 'Login', NULL, NULL, '2019-06-19 13:29:26'),
(105, 10, 10, 'users', NULL, 'Login', NULL, NULL, '2019-06-19 13:29:29'),
(106, 10, 10, 'users', NULL, 'Login', NULL, NULL, '2019-06-19 13:30:01'),
(107, 10, 10, 'users', NULL, 'Login', NULL, NULL, '2019-06-19 13:30:53'),
(108, 15, 15, 'users', NULL, 'Login', NULL, NULL, '2019-06-19 13:31:07'),
(109, 18, 18, 'users', NULL, 'register', NULL, NULL, '2019-06-19 13:38:10'),
(110, 2, 18, 'assessments', NULL, 'create', NULL, NULL, '2019-06-19 13:38:39'),
(111, 3, 18, 'attachments', NULL, 'create', NULL, NULL, '2019-06-19 13:38:58'),
(112, 2, 18, 'applicants', 'legalEntityIdentifier', 'update', NULL, 'orch55', '2019-06-19 13:40:27'),
(113, 2, 18, 'applicants', 'managerName', 'update', NULL, 'Employee 1', '2019-06-19 13:40:27'),
(114, 2, 18, 'applicants', 'sectorId', 'update', NULL, '2', '2019-06-19 13:40:27'),
(115, 2, 18, 'applicants', 'isInsideIndusterialArea', 'update', NULL, '0', '2019-06-19 13:40:27'),
(116, 2, 18, 'applicants', 'governorateId', 'update', NULL, '1', '2019-06-19 13:40:27'),
(117, 2, 18, 'applicants', 'cityId', 'update', NULL, '1', '2019-06-19 13:40:27'),
(118, 2, 18, 'applicants', 'areaOrDistrict', 'update', NULL, 'dokki', '2019-06-19 13:40:27'),
(119, 2, 18, 'applicants', 'buildingNumber', 'update', NULL, '48', '2019-06-19 13:40:27'),
(120, 2, 18, 'applicants', 'telephone', 'update', NULL, '01234567890', '2019-06-19 13:40:27'),
(121, 2, 18, 'applicants', 'fax', 'update', NULL, '01234567890', '2019-06-19 13:40:27'),
(122, 2, 18, 'applicants', 'authorityAcceptanceNumber', 'update', NULL, '5522246', '2019-06-19 13:40:27'),
(123, 2, 18, 'applicants', 'commercialRecord', 'update', NULL, '33356564', '2019-06-19 13:40:27'),
(124, 2, 18, 'applicants', 'licenseNumber', 'update', NULL, '2314654', '2019-06-19 13:40:27'),
(125, 2, 18, 'applicants', 'factoryArea', 'update', NULL, '55', '2019-06-19 13:40:27'),
(126, 2, 18, 'applicants', 'investmentCostAtConstructionTime', 'update', NULL, '654', '2019-06-19 13:40:27'),
(127, 2, 18, 'applicants', 'currentInvestmentCosts', 'update', NULL, '546', '2019-06-19 13:40:27'),
(128, 2, 18, 'applicants', 'taxCard', 'update', NULL, '89798425', '2019-06-19 13:40:27'),
(129, 2, 18, 'applicants', 'extentOfEnvironmentalConditionsImplementationAndTrashDisposal', 'update', NULL, '50', '2019-06-19 13:40:27'),
(130, 2, 18, 'applicants', 'extentOfDangerousMaterialsUsage', 'update', NULL, '50', '2019-06-19 13:40:27'),
(131, 2, 18, 'applicants', 'annualInsuranceValue', 'update', NULL, '6464654', '2019-06-19 13:40:27'),
(132, 2, 18, 'applicants', 'certificatesAndExtentOfSpecificationsMatching', 'update', NULL, '55', '2019-06-19 13:40:27'),
(133, 2, 18, 'applicants', 'insuredWorkersCount', 'update', NULL, '55', '2019-06-19 13:40:27'),
(134, 2, 18, 'applicants', 'entryNumberInIndusterialRecord', 'update', NULL, '55', '2019-06-19 13:40:27'),
(135, 2, 18, 'applicants', 'yearOfFirstCertificate', 'update', NULL, '1995', '2019-06-19 13:40:27'),
(136, 2, 18, 'applicants', 'expirationDate', 'update', NULL, '2021-12-31', '2019-06-19 13:40:27'),
(137, 4, 18, 'attachments', NULL, 'create', NULL, NULL, '2019-06-19 13:52:46'),
(138, 17, 18, 'requests', NULL, 'create', NULL, NULL, '2019-06-19 13:52:49'),
(139, 3, 18, 'certificate', NULL, 'create', NULL, NULL, '2019-06-19 13:52:49'),
(140, 4, 18, 'certificate', NULL, 'create', NULL, NULL, '2019-06-19 13:52:49'),
(141, 4, 18, 'attachments', 'requestId', 'update', NULL, '17', '2019-06-19 13:52:49'),
(142, 4, 18, 'attachments', 'isRepresentativeProof', 'update', '0', '0', '2019-06-19 13:52:49'),
(143, 10, 10, 'users', NULL, 'Login', NULL, NULL, '2019-06-19 13:53:03'),
(144, 17, 10, 'requests', 'statusId', 'update', '1', '2', '2019-06-19 13:53:32'),
(145, 17, 10, 'requests', 'employeeId', 'update', NULL, '5', '2019-06-19 13:53:32'),
(146, 9, 9, 'users', NULL, 'Login', NULL, NULL, '2019-06-19 13:53:39'),
(147, 11, 11, 'users', NULL, 'Login', NULL, NULL, '2019-06-19 14:07:59'),
(148, 9, 9, 'users', NULL, 'Login', NULL, NULL, '2019-06-19 14:08:16'),
(149, 9, 9, 'users', NULL, 'Login', NULL, NULL, '2019-06-19 14:40:53'),
(150, 1, 1, 'users', NULL, 'Login', NULL, NULL, '2019-06-19 14:45:05'),
(151, 9, 9, 'users', NULL, 'Login', NULL, NULL, '2019-06-19 14:52:05'),
(152, 9, 9, 'users', NULL, 'Login', NULL, NULL, '2019-06-19 15:28:05'),
(153, 17, 9, 'requests', 'statusId', 'update', '2', '4', '2019-06-19 15:35:26'),
(154, 17, 9, 'requests', 'openedByEmployeeId', 'update', NULL, '5', '2019-06-19 15:35:26'),
(155, 17, 9, 'requests', 'statusId', 'update', '4', '3', '2019-06-19 15:35:30'),
(156, 17, 9, 'requests', 'openedByEmployeeId', 'update', '5', NULL, '2019-06-19 15:35:30'),
(157, 17, 9, 'requests', 'statusId', 'update', '3', '4', '2019-06-19 15:35:36'),
(158, 17, 9, 'requests', 'openedByEmployeeId', 'update', NULL, '5', '2019-06-19 15:35:36'),
(159, 17, 9, 'requests', 'statusId', 'update', '4', '3', '2019-06-19 15:36:20'),
(160, 17, 9, 'requests', 'openedByEmployeeId', 'update', '5', NULL, '2019-06-19 15:36:20'),
(161, 17, 9, 'requests', 'statusId', 'update', '3', '4', '2019-06-19 15:36:26'),
(162, 17, 9, 'requests', 'openedByEmployeeId', 'update', NULL, '5', '2019-06-19 15:36:26'),
(163, 9, 9, 'users', NULL, 'Login', NULL, NULL, '2019-06-19 16:35:30'),
(164, 1, 1, 'users', NULL, 'Login', NULL, NULL, '2019-06-19 17:25:28'),
(165, 10, 10, 'users', NULL, 'Login', NULL, NULL, '2019-06-19 17:25:43'),
(166, 19, 19, 'users', NULL, 'register', NULL, NULL, '2019-06-20 09:41:44'),
(167, 11, 11, 'users', NULL, 'Login', NULL, NULL, '2019-06-20 10:22:54'),
(168, 10, 10, 'users', NULL, 'Login', NULL, NULL, '2019-06-20 10:50:39'),
(169, 1, 1, 'users', NULL, 'Login', NULL, NULL, '2019-06-20 10:54:05'),
(170, 10, 10, 'users', NULL, 'Login', NULL, NULL, '2019-06-20 11:24:02'),
(171, 15, 15, 'users', NULL, 'Login', NULL, NULL, '2019-06-20 11:34:33'),
(172, 3, 15, 'assessments', NULL, 'create', NULL, NULL, '2019-06-20 11:35:14'),
(173, 1, 1, 'users', NULL, 'Login', NULL, NULL, '2019-06-20 11:40:44'),
(174, 16, 16, 'users', NULL, 'Login', NULL, NULL, '2019-06-20 15:10:01'),
(175, 1, 16, 'settings', 'automaticAssignDelay', 'update', '2', '10', '2019-06-20 15:11:21'),
(176, 17, 17, 'users', NULL, 'Login', NULL, NULL, '2019-06-20 15:11:53'),
(177, 11, 11, 'users', NULL, 'Login', NULL, NULL, '2019-06-20 15:12:33'),
(178, 9, 9, 'users', NULL, 'Login', NULL, NULL, '2019-06-20 15:41:44'),
(179, 20, 20, 'users', NULL, 'register', NULL, NULL, '2019-06-20 15:43:59'),
(180, 4, 20, 'assessments', NULL, 'create', NULL, NULL, '2019-06-20 15:45:32'),
(181, 5, 20, 'attachments', NULL, 'create', NULL, NULL, '2019-06-20 16:20:35'),
(182, 20, 20, 'users', NULL, 'Login', NULL, NULL, '2019-06-20 16:21:14'),
(183, 4, 20, 'applicants', 'legalEntityIdentifier', 'update', NULL, '777', '2019-06-20 16:23:06'),
(184, 4, 20, 'applicants', 'managerName', 'update', NULL, 'احمد اسماعيل خضر', '2019-06-20 16:23:06'),
(185, 4, 20, 'applicants', 'isInsideIndusterialArea', 'update', NULL, '0', '2019-06-20 16:23:06'),
(186, 4, 20, 'applicants', 'governorateId', 'update', NULL, '1', '2019-06-20 16:23:06'),
(187, 4, 20, 'applicants', 'cityId', 'update', NULL, '1', '2019-06-20 16:23:06'),
(188, 4, 20, 'applicants', 'areaOrDistrict', 'update', NULL, '6 اكتوبر', '2019-06-20 16:23:06'),
(189, 4, 20, 'applicants', 'buildingNumber', 'update', NULL, '28', '2019-06-20 16:23:06'),
(190, 4, 20, 'applicants', 'telephone', 'update', NULL, '01021952160', '2019-06-20 16:23:06'),
(191, 4, 20, 'applicants', 'fax', 'update', NULL, '123', '2019-06-20 16:23:06'),
(192, 4, 20, 'applicants', 'authorityAcceptanceNumber', 'update', NULL, '124', '2019-06-20 16:23:06'),
(193, 4, 20, 'applicants', 'commercialRecord', 'update', NULL, '152', '2019-06-20 16:23:06'),
(194, 4, 20, 'applicants', 'licenseNumber', 'update', NULL, '1274', '2019-06-20 16:23:06'),
(195, 4, 20, 'applicants', 'factoryArea', 'update', NULL, '1222', '2019-06-20 16:23:06'),
(196, 4, 20, 'applicants', 'investmentCostAtConstructionTime', 'update', NULL, '2111', '2019-06-20 16:23:06'),
(197, 4, 20, 'applicants', 'currentInvestmentCosts', 'update', NULL, '21', '2019-06-20 16:23:06'),
(198, 4, 20, 'applicants', 'taxCard', 'update', NULL, '145', '2019-06-20 16:23:06'),
(199, 4, 20, 'applicants', 'extentOfEnvironmentalConditionsImplementationAndTrashDisposal', 'update', NULL, '20', '2019-06-20 16:23:06'),
(200, 4, 20, 'applicants', 'extentOfDangerousMaterialsUsage', 'update', NULL, '22', '2019-06-20 16:23:06'),
(201, 4, 20, 'applicants', 'annualInsuranceValue', 'update', NULL, '2012', '2019-06-20 16:23:06'),
(202, 4, 20, 'applicants', 'certificatesAndExtentOfSpecificationsMatching', 'update', NULL, '212', '2019-06-20 16:23:06'),
(203, 4, 20, 'applicants', 'insuredWorkersCount', 'update', NULL, '21002', '2019-06-20 16:23:06'),
(204, 4, 20, 'applicants', 'entryNumberInIndusterialRecord', 'update', NULL, '213', '2019-06-20 16:23:06'),
(205, 4, 20, 'applicants', 'yearOfFirstCertificate', 'update', NULL, '2019', '2019-06-20 16:23:06'),
(206, 4, 20, 'applicants', 'expirationDate', 'update', NULL, '2019-12-31', '2019-06-20 16:23:06'),
(207, 18, 20, 'requests', NULL, 'create', NULL, NULL, '2019-06-20 16:23:11'),
(208, 5, 20, 'certificate', NULL, 'create', NULL, NULL, '2019-06-20 16:23:11'),
(209, 6, 20, 'certificate', NULL, 'create', NULL, NULL, '2019-06-20 16:23:11'),
(210, 5, 20, 'attachments', 'requestId', 'update', NULL, '18', '2019-06-20 16:23:11'),
(211, 5, 20, 'attachments', 'isRepresentativeProof', 'update', '0', '0', '2019-06-20 16:23:11'),
(212, 17, 17, 'users', NULL, 'Login', NULL, NULL, '2019-06-20 16:35:01'),
(213, 17, 17, 'users', NULL, 'Login', NULL, NULL, '2019-06-20 17:47:16'),
(214, 15, 15, 'users', NULL, 'Login', NULL, NULL, '2019-06-20 17:47:56'),
(215, 9, 9, 'users', NULL, 'Login', NULL, NULL, '2019-06-23 10:05:11'),
(216, 15, 15, 'users', NULL, 'Login', NULL, NULL, '2019-06-23 11:10:47'),
(217, 11, 11, 'users', NULL, 'Login', NULL, NULL, '2019-06-23 11:10:57'),
(218, 11, 11, 'users', NULL, 'Login', NULL, NULL, '2019-06-23 14:20:25'),
(219, 10, 10, 'users', NULL, 'Login', NULL, NULL, '2019-06-23 14:20:53'),
(220, 9, 9, 'users', NULL, 'Login', NULL, NULL, '2019-06-23 14:55:25'),
(221, 9, 9, 'users', NULL, 'Login', NULL, NULL, '2019-06-23 16:09:38'),
(222, 17, 9, 'requests', 'statusId', 'update', '4', '3', '2019-06-23 16:36:26'),
(223, 17, 9, 'requests', 'openedByEmployeeId', 'update', '5', NULL, '2019-06-23 16:36:26'),
(224, 17, 9, 'requests', 'statusId', 'update', '3', '4', '2019-06-23 16:49:12'),
(225, 17, 9, 'requests', 'openedByEmployeeId', 'update', NULL, '5', '2019-06-23 16:49:12'),
(226, 18, 9, 'requests', 'statusId', 'update', '2', '4', '2019-06-23 16:49:31'),
(227, 18, 9, 'requests', 'openedByEmployeeId', 'update', NULL, '5', '2019-06-23 16:49:31'),
(228, 9, 9, 'users', NULL, 'Login', NULL, NULL, '2019-06-23 17:28:13'),
(229, 9, 9, 'users', NULL, 'Login', NULL, NULL, '2019-06-23 17:49:20'),
(230, 10, 10, 'users', NULL, 'Login', NULL, NULL, '2019-06-23 17:54:37'),
(231, 15, 15, 'users', NULL, 'Login', NULL, NULL, '2019-06-23 17:54:59'),
(232, 1, 1, 'users', NULL, 'Login', NULL, NULL, '2019-06-23 17:55:25'),
(233, 1, 1, 'settings', 'mailEnableSSL', 'update', '0', '1', '2019-06-23 17:57:38'),
(234, 1, 1, 'settings', 'fromEmailPassword', 'update', '$2y$10$/7q23OYOO5LnRpj2QAWlp.Uz1rra/XXOzhXZUlAYkVtSmgm9hy0QK', '$2y$10$qWQhviCLKADNZidWeD0SMu17acGwsYi0jFoiuX4ujVGlXY2gdqsTm', '2019-06-23 17:57:38'),
(235, 21, 1, 'users', NULL, 'create', NULL, NULL, '2019-06-23 17:58:31'),
(236, 1, 1, 'settings', 'mailServerPort', 'update', '25', '587', '2019-06-23 18:01:12'),
(237, 1, 1, 'settings', 'fromEmailPassword', 'update', '$2y$10$qWQhviCLKADNZidWeD0SMu17acGwsYi0jFoiuX4ujVGlXY2gdqsTm', '$2y$10$Bee6y/.nuGCz5.2gnLlpauntZvJg/WNCQFVk6ifo3CXCzc4iQjZW6', '2019-06-23 18:01:12'),
(238, 22, 1, 'users', NULL, 'create', NULL, NULL, '2019-06-23 18:04:23'),
(239, 1, 1, 'settings', 'mailServerPort', 'update', '587', '25', '2019-06-23 18:04:50'),
(240, 1, 1, 'settings', 'mailEnableSSL', 'update', '1', '0', '2019-06-23 18:04:50'),
(241, 1, 1, 'settings', 'fromEmailPassword', 'update', '$2y$10$Bee6y/.nuGCz5.2gnLlpauntZvJg/WNCQFVk6ifo3CXCzc4iQjZW6', '$2y$10$4WQVNx2z.JIzyHLi11fXtu3YfsZcMcbKRapjZh692L6W6UWRQbPT.', '2019-06-23 18:04:50'),
(242, 23, 1, 'users', NULL, 'create', NULL, NULL, '2019-06-23 18:05:45'),
(243, 23, 1, 'users', 'name', 'update', 'lpl]', 'mohamed', '2019-06-23 18:06:06'),
(244, 1, 1, 'settings', 'fromEmailPassword', 'update', '$2y$10$4WQVNx2z.JIzyHLi11fXtu3YfsZcMcbKRapjZh692L6W6UWRQbPT.', '$2y$10$e7Is4nXoH2aKBz8WAy4aduketPCC75z/RDRdKHBILjGwRMwX8Kaq2', '2019-06-23 18:11:33'),
(245, 24, 1, 'users', NULL, 'create', NULL, NULL, '2019-06-23 18:13:16'),
(246, 25, 1, 'users', NULL, 'create', NULL, NULL, '2019-06-23 18:21:24'),
(247, 1, 1, 'users', NULL, 'Login', NULL, NULL, '2019-06-23 18:34:41'),
(248, 1, 1, 'settings', 'mailEnableSSL', 'update', '0', '1', '2019-06-23 18:34:58'),
(249, 1, 1, 'settings', 'fromEmailPassword', 'update', '$2y$10$e7Is4nXoH2aKBz8WAy4aduketPCC75z/RDRdKHBILjGwRMwX8Kaq2', '$2y$10$8wlhmjMlM47qui9FB7LCjOHWZ8D20pZjs9JXcFgWqJPxwzcXm7I/C', '2019-06-23 18:34:58'),
(250, 9, 9, 'users', NULL, 'Login', NULL, NULL, '2019-06-24 09:53:02'),
(251, 17, 9, 'requests', 'statusId', 'update', '4', '3', '2019-06-24 09:53:54'),
(252, 17, 9, 'requests', 'openedByEmployeeId', 'update', '5', NULL, '2019-06-24 09:53:54'),
(253, 1, 1, 'users', NULL, 'Login', NULL, NULL, '2019-06-24 10:00:30'),
(254, 10, 10, 'users', NULL, 'Login', NULL, NULL, '2019-06-24 10:05:20'),
(255, 15, 15, 'users', NULL, 'Login', NULL, NULL, '2019-06-24 10:22:26'),
(256, 6, 15, 'attachments', NULL, 'create', NULL, NULL, '2019-06-24 10:22:40'),
(257, 7, 15, 'attachments', NULL, 'create', NULL, NULL, '2019-06-24 10:24:51'),
(258, 8, 15, 'attachments', NULL, 'create', NULL, NULL, '2019-06-24 10:27:45'),
(259, 9, 15, 'attachments', NULL, 'create', NULL, NULL, '2019-06-24 10:28:48'),
(260, 5, 15, 'assessments', NULL, 'create', NULL, NULL, '2019-06-24 10:31:03'),
(261, 10, 15, 'attachments', NULL, 'create', NULL, NULL, '2019-06-24 10:31:57'),
(262, 11, 15, 'attachments', NULL, 'create', NULL, NULL, '2019-06-24 10:32:10'),
(263, 19, 15, 'requests', NULL, 'create', NULL, NULL, '2019-06-24 10:32:17'),
(264, 7, 15, 'certificate', NULL, 'create', NULL, NULL, '2019-06-24 10:32:17'),
(265, 8, 15, 'certificate', NULL, 'create', NULL, NULL, '2019-06-24 10:32:17'),
(266, 10, 15, 'attachments', 'requestId', 'update', NULL, '19', '2019-06-24 10:32:17'),
(267, 10, 15, 'attachments', 'isRepresentativeProof', 'update', '0', '0', '2019-06-24 10:32:17'),
(268, 11, 15, 'attachments', 'requestId', 'update', NULL, '19', '2019-06-24 10:32:17'),
(269, 11, 15, 'attachments', 'isRepresentativeProof', 'update', '0', '0', '2019-06-24 10:32:17'),
(270, 9, 9, 'users', NULL, 'Login', NULL, NULL, '2019-06-24 10:32:38'),
(271, 10, 10, 'users', NULL, 'Login', NULL, NULL, '2019-06-24 10:32:50'),
(272, 11, 11, 'users', NULL, 'Login', NULL, NULL, '2019-06-24 10:39:18'),
(273, 15, 15, 'users', NULL, 'Login', NULL, NULL, '2019-06-24 11:22:36'),
(274, 9, 9, 'users', NULL, 'Login', NULL, NULL, '2019-06-24 11:33:49'),
(275, 19, 9, 'requests', 'statusId', 'update', '2', '4', '2019-06-24 11:33:58'),
(276, 19, 9, 'requests', 'openedByEmployeeId', 'update', NULL, '5', '2019-06-24 11:33:58'),
(277, 19, 9, 'requests', 'statusId', 'update', '4', '3', '2019-06-24 11:34:04'),
(278, 19, 9, 'requests', 'openedByEmployeeId', 'update', '5', NULL, '2019-06-24 11:34:04'),
(279, 19, 9, 'requests', 'statusId', 'update', '3', '4', '2019-06-24 11:34:09'),
(280, 19, 9, 'requests', 'openedByEmployeeId', 'update', NULL, '5', '2019-06-24 11:34:09'),
(281, 19, 9, 'requests', 'statusId', 'update', '4', '3', '2019-06-24 11:34:59'),
(282, 19, 9, 'requests', 'openedByEmployeeId', 'update', '5', NULL, '2019-06-24 11:34:59'),
(283, 19, 9, 'requests', 'statusId', 'update', '3', '4', '2019-06-24 11:35:01'),
(284, 19, 9, 'requests', 'openedByEmployeeId', 'update', NULL, '5', '2019-06-24 11:35:01'),
(285, 19, 9, 'requests', 'statusId', 'update', '4', '3', '2019-06-24 11:36:31'),
(286, 19, 9, 'requests', 'isOriginalsReceived', 'update', '0', '1', '2019-06-24 11:36:31'),
(287, 19, 9, 'requests', 'statusId', 'update', '3', '4', '2019-06-24 11:36:49'),
(288, 19, 9, 'requests', 'statusId', 'update', '4', '3', '2019-06-24 11:37:14'),
(289, 19, 9, 'requests', 'isOriginalsReceived', 'update', '1', '0', '2019-06-24 11:37:14'),
(290, 19, 9, 'requests', 'statusId', 'update', '3', '4', '2019-06-24 11:37:34'),
(291, 19, 9, 'requests', 'statusId', 'update', '4', '3', '2019-06-24 11:37:45'),
(292, 19, 9, 'requests', 'openedByEmployeeId', 'update', '5', NULL, '2019-06-24 11:37:45'),
(293, 19, 9, 'requests', 'statusId', 'update', '3', '4', '2019-06-24 11:39:22'),
(294, 19, 9, 'requests', 'openedByEmployeeId', 'update', NULL, '5', '2019-06-24 11:39:22'),
(295, 19, 9, 'requests', 'statusId', 'update', '4', '3', '2019-06-24 11:54:15'),
(296, 19, 9, 'requests', 'isOriginalsReceived', 'update', '0', '0', '2019-06-24 11:54:15'),
(297, 19, 9, 'requests', 'statusId', 'update', '3', '4', '2019-06-24 11:59:13'),
(298, 19, 9, 'requests', 'statusId', 'update', '4', '3', '2019-06-24 11:59:20'),
(299, 19, 9, 'requests', 'isOriginalsReceived', 'update', '0', '0', '2019-06-24 11:59:20'),
(300, 19, 9, 'requests', 'statusId', 'update', '3', '4', '2019-06-24 11:59:25'),
(301, 19, 9, 'requests', 'statusId', 'update', '4', '3', '2019-06-24 11:59:44'),
(302, 19, 9, 'requests', 'openedByEmployeeId', 'update', '5', NULL, '2019-06-24 11:59:44'),
(303, 12, 12, 'users', NULL, 'Login', NULL, NULL, '2019-06-24 12:22:39'),
(304, 11, 11, 'users', NULL, 'Login', NULL, NULL, '2019-06-24 12:25:10'),
(305, 11, 11, 'users', NULL, 'Login', NULL, NULL, '2019-06-24 12:30:11'),
(306, 11, 11, 'users', NULL, 'Login', NULL, NULL, '2019-06-24 14:41:24'),
(307, 6, 15, 'assessments', NULL, 'create', NULL, NULL, '2019-06-24 14:43:06'),
(308, 15, 15, 'users', NULL, 'Login', NULL, NULL, '2019-06-24 14:43:10'),
(309, 15, 15, 'users', NULL, 'Login', NULL, NULL, '2019-06-24 15:04:07'),
(310, 7, 15, 'assessments', NULL, 'create', NULL, NULL, '2019-06-24 15:04:49'),
(311, 7, 15, 'assessments', 'isTotals', 'update', '1', '1', '2019-06-24 15:05:40'),
(312, 8, 15, 'assessments', NULL, 'create', NULL, NULL, '2019-06-24 15:06:27'),
(313, 1, 1, 'users', NULL, 'Login', NULL, NULL, '2019-06-24 15:07:34'),
(314, 9, 15, 'assessments', NULL, 'create', NULL, NULL, '2019-06-24 15:13:29'),
(315, 11, 11, 'users', NULL, 'Login', NULL, NULL, '2019-06-24 15:20:16'),
(316, 11, 11, 'users', NULL, 'Login', NULL, NULL, '2019-06-24 15:54:54'),
(317, 10, 10, 'users', NULL, 'Login', NULL, NULL, '2019-06-24 15:55:06'),
(318, 9, 9, 'users', NULL, 'Login', NULL, NULL, '2019-06-24 15:57:11'),
(319, 17, 9, 'requests', 'statusId', 'update', '3', '4', '2019-06-24 15:57:17'),
(320, 17, 9, 'requests', 'openedByEmployeeId', 'update', NULL, '5', '2019-06-24 15:57:17'),
(321, 17, 9, 'requests', 'isOriginalsReceived', 'update', '0', '1', '2019-06-24 15:57:23'),
(322, 17, 9, 'requests', 'statusId', 'update', '4', '6', '2019-06-24 15:57:26'),
(323, 10, 10, 'users', NULL, 'Login', NULL, NULL, '2019-06-24 15:57:36'),
(324, 11, 11, 'users', NULL, 'Login', NULL, NULL, '2019-06-24 15:57:48'),
(325, 17, 11, 'requests', 'statusId', 'update', '7', '9', '2019-06-24 15:57:58'),
(326, 17, 11, 'requests', 'isChamberMember', 'update', '0', '1', '2019-06-24 15:57:58'),
(327, 17, 11, 'requests', 'isSubscriptionFeesPaid', 'update', '0', '1', '2019-06-24 15:57:58'),
(328, 17, 11, 'requests', 'statusId', 'update', '9', '12', '2019-06-24 15:58:01'),
(329, 3, 11, 'certificates', 'certificateNumber', 'update', NULL, '1', '2019-06-24 15:58:01'),
(330, 3, 11, 'certificates', 'issueDate', 'update', '2019-06-19 11:52:49', '2019-06-24 15:58:01', '2019-06-24 15:58:01'),
(331, 4, 11, 'certificates', 'certificateNumber', 'update', NULL, '1', '2019-06-24 15:58:01'),
(332, 4, 11, 'certificates', 'issueDate', 'update', '2019-06-19 11:52:49', '2019-06-24 15:58:01', '2019-06-24 15:58:01'),
(333, 1, 1, 'users', NULL, 'Login', NULL, NULL, '2019-06-24 16:10:52'),
(334, 15, 15, 'users', NULL, 'Login', NULL, NULL, '2019-06-24 16:19:30'),
(335, 1, 1, 'users', NULL, 'Login', NULL, NULL, '2019-06-24 16:21:19'),
(336, 15, 15, 'users', NULL, 'Login', NULL, NULL, '2019-06-24 16:26:12'),
(337, 1, 1, 'settings', 'automaticAssignDelay', 'update', '10', '60', '2019-06-24 16:38:17'),
(338, 1, 1, 'settings', 'law5CertificatePercentage', 'update', '40', '10', '2019-06-24 16:38:17'),
(339, 1, 1, 'settings', 'exportFundPercentage', 'update', '10', '40', '2019-06-24 16:38:17'),
(340, 1, 1, 'settings', 'executiveManagerName', 'update', '', 'test test test', '2019-06-24 16:38:17'),
(341, 15, 15, 'users', NULL, 'Login', NULL, NULL, '2019-06-24 16:39:47'),
(342, 11, 11, 'users', NULL, 'Login', NULL, NULL, '2019-06-24 16:40:15'),
(343, 15, 15, 'users', NULL, 'Login', NULL, NULL, '2019-06-24 16:45:50'),
(344, 20, 20, 'users', NULL, 'Login', NULL, NULL, '2019-06-24 16:46:31'),
(345, 26, 26, 'users', NULL, 'register', NULL, NULL, '2019-06-24 16:53:28'),
(346, 10, 26, 'assessments', NULL, 'create', NULL, NULL, '2019-06-24 16:54:34'),
(347, 15, 15, 'users', NULL, 'Login', NULL, NULL, '2019-06-24 16:55:19'),
(348, 1, 1, 'users', NULL, 'Login', NULL, NULL, '2019-06-24 16:59:35'),
(349, 10, 10, 'users', NULL, 'Login', NULL, NULL, '2019-06-24 17:07:20'),
(350, 12, 15, 'attachments', NULL, 'create', NULL, NULL, '2019-06-24 18:21:42'),
(351, 10, 10, 'users', NULL, 'Login', NULL, NULL, '2019-06-24 18:24:12'),
(352, 9, 9, 'users', NULL, 'Login', NULL, NULL, '2019-06-24 18:34:30'),
(353, 15, 15, 'users', NULL, 'Login', NULL, NULL, '2019-06-24 18:34:56'),
(354, 27, 27, 'users', NULL, 'register', NULL, NULL, '2019-06-25 09:50:01'),
(355, 28, 28, 'users', NULL, 'register', NULL, NULL, '2019-06-25 10:02:08'),
(356, 1, 1, 'users', NULL, 'Login', NULL, NULL, '2019-06-25 10:09:58'),
(357, 1, 1, 'settings', 'law5CertificatePercentage', 'update', '10', '25', '2019-06-25 10:10:45'),
(358, 11, 11, 'users', NULL, 'Login', NULL, NULL, '2019-06-25 10:11:30'),
(359, 15, 15, 'users', NULL, 'Login', NULL, NULL, '2019-06-25 10:40:22'),
(360, 11, 15, 'assessments', NULL, 'create', NULL, NULL, '2019-06-25 10:40:44'),
(361, 28, 28, 'users', NULL, 'Login', NULL, NULL, '2019-06-25 10:41:50'),
(362, 12, 28, 'assessments', NULL, 'create', NULL, NULL, '2019-06-25 10:42:50'),
(363, 1, 1, 'users', NULL, 'Login', NULL, NULL, '2019-06-25 10:46:14'),
(364, 13, 28, 'attachments', NULL, 'create', NULL, NULL, '2019-06-25 10:57:27'),
(365, 14, 28, 'attachments', NULL, 'create', NULL, NULL, '2019-06-25 10:57:39'),
(366, 15, 28, 'attachments', NULL, 'create', NULL, NULL, '2019-06-25 11:02:00'),
(367, 16, 28, 'attachments', NULL, 'create', NULL, NULL, '2019-06-25 11:02:10'),
(368, 17, 28, 'attachments', NULL, 'create', NULL, NULL, '2019-06-25 11:02:14'),
(369, 18, 28, 'attachments', NULL, 'create', NULL, NULL, '2019-06-25 11:02:15'),
(370, 28, 28, 'users', NULL, 'Login', NULL, NULL, '2019-06-25 11:27:29'),
(371, 7, 28, 'applicants', 'legalEntityIdentifier', 'update', NULL, 'A1324', '2019-06-25 11:35:48'),
(372, 7, 28, 'applicants', 'managerName', 'update', NULL, 'احمد عبد الحليم محمود', '2019-06-25 11:35:48'),
(373, 7, 28, 'applicants', 'isInsideIndusterialArea', 'update', NULL, '0', '2019-06-25 11:35:48'),
(374, 7, 28, 'applicants', 'governorateId', 'update', NULL, '2', '2019-06-25 11:35:48'),
(375, 7, 28, 'applicants', 'cityId', 'update', NULL, '3', '2019-06-25 11:35:48'),
(376, 7, 28, 'applicants', 'areaOrDistrict', 'update', NULL, 'الحى المتميز', '2019-06-25 11:35:48'),
(377, 7, 28, 'applicants', 'buildingNumber', 'update', NULL, 'A2/7', '2019-06-25 11:35:48'),
(378, 7, 28, 'applicants', 'telephone', 'update', NULL, '02345789566', '2019-06-25 11:35:48'),
(379, 7, 28, 'applicants', 'fax', 'update', NULL, '002', '2019-06-25 11:35:48'),
(380, 7, 28, 'applicants', 'authorityAcceptanceNumber', 'update', NULL, '12376', '2019-06-25 11:35:48'),
(381, 7, 28, 'applicants', 'commercialRecord', 'update', NULL, 'سجل تجارى 3008', '2019-06-25 11:35:48'),
(382, 7, 28, 'applicants', 'licenseNumber', 'update', NULL, '897654', '2019-06-25 11:35:48'),
(383, 7, 28, 'applicants', 'factoryArea', 'update', NULL, '1024', '2019-06-25 11:35:48'),
(384, 7, 28, 'applicants', 'investmentCostAtConstructionTime', 'update', NULL, '2000000', '2019-06-25 11:35:48'),
(385, 7, 28, 'applicants', 'currentInvestmentCosts', 'update', NULL, '8000000', '2019-06-25 11:35:48'),
(386, 7, 28, 'applicants', 'taxCard', 'update', NULL, '45678', '2019-06-25 11:35:48'),
(387, 7, 28, 'applicants', 'extentOfEnvironmentalConditionsImplementationAndTrashDisposal', 'update', NULL, '90', '2019-06-25 11:35:48'),
(388, 7, 28, 'applicants', 'extentOfDangerousMaterialsUsage', 'update', NULL, '0', '2019-06-25 11:35:48'),
(389, 7, 28, 'applicants', 'annualInsuranceValue', 'update', NULL, '1000000', '2019-06-25 11:35:48'),
(390, 7, 28, 'applicants', 'certificatesAndExtentOfSpecificationsMatching', 'update', NULL, 'شهاده الجوده', '2019-06-25 11:35:48'),
(391, 7, 28, 'applicants', 'insuredWorkersCount', 'update', NULL, '2000', '2019-06-25 11:35:48'),
(392, 7, 28, 'applicants', 'entryNumberInIndusterialRecord', 'update', NULL, '123455', '2019-06-25 11:35:48'),
(393, 7, 28, 'applicants', 'yearOfFirstCertificate', 'update', NULL, '2017', '2019-06-25 11:35:48'),
(394, 7, 28, 'applicants', 'expirationDate', 'update', NULL, '2017-12-31', '2019-06-25 11:35:48'),
(395, 29, 29, 'users', NULL, 'register', NULL, NULL, '2019-06-25 11:50:55'),
(396, 13, 29, 'assessments', NULL, 'create', NULL, NULL, '2019-06-25 11:51:49'),
(397, 28, 28, 'users', NULL, 'Login', NULL, NULL, '2019-06-25 12:22:18'),
(398, 11, 11, 'users', NULL, 'Login', NULL, NULL, '2019-06-25 12:23:38'),
(399, 9, 9, 'users', NULL, 'Login', NULL, NULL, '2019-06-25 12:28:27'),
(400, 18, 9, 'requests', 'isOriginalsReceived', 'update', '0', '0', '2019-06-25 12:28:43'),
(401, 18, 9, 'requests', 'isOriginalsReceived', 'update', '0', '0', '2019-06-25 12:28:55'),
(402, 18, 9, 'requests', 'isOriginalsReceived', 'update', '0', '1', '2019-06-25 12:29:31'),
(403, 18, 9, 'requests', 'statusId', 'update', '4', '5', '2019-06-25 12:29:40'),
(404, 29, 29, 'users', NULL, 'Login', NULL, NULL, '2019-06-25 12:29:53'),
(405, 20, 20, 'users', NULL, 'Login', NULL, NULL, '2019-06-25 12:29:55'),
(406, 18, 20, 'requests', 'statusId', 'update', '5', '3', '2019-06-25 12:30:55'),
(407, 9, 9, 'users', NULL, 'Login', NULL, NULL, '2019-06-25 12:32:28'),
(408, 18, 9, 'requests', 'statusId', 'update', '3', '4', '2019-06-25 12:32:53'),
(409, 18, 9, 'requests', 'isOriginalsReceived', 'update', '1', '1', '2019-06-25 12:36:16'),
(410, 9, 9, 'users', NULL, 'Login', NULL, NULL, '2019-06-25 12:42:13'),
(411, 9, 9, 'users', NULL, 'Login', NULL, NULL, '2019-06-25 12:59:42'),
(412, 9, 9, 'users', NULL, 'Login', NULL, NULL, '2019-06-25 13:43:03'),
(413, 18, 9, 'requests', 'statusId', 'update', '4', '3', '2019-06-25 13:54:17'),
(414, 18, 9, 'requests', 'isOriginalsReceived', 'update', '1', '1', '2019-06-25 13:54:17'),
(415, 29, 29, 'users', NULL, 'Login', NULL, NULL, '2019-06-25 14:05:09'),
(416, 9, 9, 'users', NULL, 'Login', NULL, NULL, '2019-06-25 14:10:45'),
(417, 19, 9, 'requests', 'statusId', 'update', '3', '4', '2019-06-25 14:11:20'),
(418, 19, 9, 'requests', 'openedByEmployeeId', 'update', NULL, '5', '2019-06-25 14:11:20'),
(419, 1, 1, 'users', NULL, 'Login', NULL, NULL, '2019-06-25 14:18:10'),
(420, 1, 1, 'users', NULL, 'Login', NULL, NULL, '2019-06-25 14:50:12'),
(421, 1, 1, 'users', NULL, 'Login', NULL, NULL, '2019-06-25 14:51:23'),
(422, 11, 1, 'chambers', NULL, 'create', NULL, NULL, '2019-06-25 14:57:09'),
(423, 1, 1, 'users', NULL, 'Login', NULL, NULL, '2019-06-25 15:18:39'),
(424, 15, 15, 'users', NULL, 'Login', NULL, NULL, '2019-06-25 15:23:20'),
(425, 1, 1, 'users', NULL, 'Login', NULL, NULL, '2019-06-25 15:23:36'),
(426, 19, 15, 'attachments', NULL, 'create', NULL, NULL, '2019-06-25 15:49:21'),
(427, 20, 15, 'attachments', NULL, 'create', NULL, NULL, '2019-06-25 15:49:21'),
(428, 21, 15, 'attachments', NULL, 'create', NULL, NULL, '2019-06-25 15:49:24'),
(429, 22, 15, 'attachments', NULL, 'create', NULL, NULL, '2019-06-25 15:49:24'),
(430, 23, 15, 'attachments', NULL, 'create', NULL, NULL, '2019-06-25 15:49:24'),
(431, 24, 15, 'attachments', NULL, 'create', NULL, NULL, '2019-06-25 15:49:56'),
(432, 25, 15, 'attachments', NULL, 'create', NULL, NULL, '2019-06-25 15:50:07'),
(433, 26, 15, 'attachments', NULL, 'create', NULL, NULL, '2019-06-25 15:50:08'),
(434, 27, 15, 'attachments', NULL, 'create', NULL, NULL, '2019-06-25 15:50:22'),
(435, 28, 15, 'attachments', NULL, 'create', NULL, NULL, '2019-06-25 15:50:23'),
(436, 29, 15, 'attachments', NULL, 'create', NULL, NULL, '2019-06-25 15:50:23'),
(437, 30, 15, 'attachments', NULL, 'create', NULL, NULL, '2019-06-25 15:50:23'),
(438, 1, 1, 'users', NULL, 'Login', NULL, NULL, '2019-06-25 15:50:57'),
(439, 31, 15, 'attachments', NULL, 'create', NULL, NULL, '2019-06-25 15:59:54'),
(440, 32, 15, 'attachments', NULL, 'create', NULL, NULL, '2019-06-25 16:00:00'),
(441, 33, 15, 'attachments', NULL, 'create', NULL, NULL, '2019-06-25 16:00:07'),
(442, 1, 1, 'users', NULL, 'Login', NULL, NULL, '2019-06-25 16:00:09'),
(443, 34, 15, 'attachments', NULL, 'create', NULL, NULL, '2019-06-25 16:00:44'),
(444, 35, 15, 'attachments', NULL, 'create', NULL, NULL, '2019-06-25 16:00:47'),
(445, 1, 1, 'users', NULL, 'Login', NULL, NULL, '2019-06-25 16:01:02'),
(446, 36, 15, 'attachments', NULL, 'create', NULL, NULL, '2019-06-25 16:01:04'),
(447, 37, 15, 'attachments', NULL, 'create', NULL, NULL, '2019-06-25 16:01:22'),
(448, 38, 15, 'attachments', NULL, 'create', NULL, NULL, '2019-06-25 16:02:17'),
(449, 39, 15, 'attachments', NULL, 'create', NULL, NULL, '2019-06-25 16:06:27'),
(450, 20, 20, 'users', NULL, 'Login', NULL, NULL, '2019-06-25 16:10:52'),
(451, 20, 20, 'users', NULL, 'Login', NULL, NULL, '2019-06-25 16:10:55'),
(452, 20, 20, 'users', NULL, 'Login', NULL, NULL, '2019-06-25 16:11:06'),
(453, 20, 20, 'users', NULL, 'Login', NULL, NULL, '2019-06-25 16:11:45'),
(454, 40, 15, 'attachments', NULL, 'create', NULL, NULL, '2019-06-25 16:13:43'),
(455, 41, 15, 'attachments', NULL, 'create', NULL, NULL, '2019-06-25 16:13:43'),
(456, 42, 15, 'attachments', NULL, 'create', NULL, NULL, '2019-06-25 16:13:43'),
(457, 43, 15, 'attachments', NULL, 'create', NULL, NULL, '2019-06-25 16:13:44'),
(458, 44, 15, 'attachments', NULL, 'create', NULL, NULL, '2019-06-25 16:13:50'),
(459, 45, 15, 'attachments', NULL, 'create', NULL, NULL, '2019-06-25 16:14:09'),
(460, 46, 15, 'attachments', NULL, 'create', NULL, NULL, '2019-06-25 16:14:19'),
(461, 47, 15, 'attachments', NULL, 'create', NULL, NULL, '2019-06-25 16:15:08'),
(462, 48, 15, 'attachments', NULL, 'create', NULL, NULL, '2019-06-25 16:15:08'),
(463, 49, 15, 'attachments', NULL, 'create', NULL, NULL, '2019-06-25 16:15:08'),
(464, 50, 15, 'attachments', NULL, 'create', NULL, NULL, '2019-06-25 16:15:08'),
(465, 51, 15, 'attachments', NULL, 'create', NULL, NULL, '2019-06-25 16:15:18'),
(466, 52, 15, 'attachments', NULL, 'create', NULL, NULL, '2019-06-25 16:15:23'),
(467, 53, 15, 'attachments', NULL, 'create', NULL, NULL, '2019-06-25 16:22:17'),
(468, 54, 15, 'attachments', NULL, 'create', NULL, NULL, '2019-06-25 16:22:17'),
(469, 55, 15, 'attachments', NULL, 'create', NULL, NULL, '2019-06-25 16:22:17'),
(470, 56, 15, 'attachments', NULL, 'create', NULL, NULL, '2019-06-25 16:22:20'),
(471, 1, 1, 'users', NULL, 'Login', NULL, NULL, '2019-06-25 16:23:42'),
(472, 15, 15, 'users', NULL, 'Login', NULL, NULL, '2019-06-25 16:27:04'),
(473, 15, 15, 'users', NULL, 'Login', NULL, NULL, '2019-06-25 16:27:08'),
(474, 28, 28, 'users', NULL, 'Login', NULL, NULL, '2019-06-25 16:27:31'),
(475, 1, 1, 'users', NULL, 'Login', NULL, NULL, '2019-06-25 16:27:49'),
(476, 15, 15, 'users', NULL, 'Login', NULL, NULL, '2019-06-25 16:28:15'),
(477, 57, 15, 'attachments', NULL, 'create', NULL, NULL, '2019-06-25 16:28:28'),
(478, 58, 15, 'attachments', NULL, 'create', NULL, NULL, '2019-06-25 16:28:28'),
(479, 59, 15, 'attachments', NULL, 'create', NULL, NULL, '2019-06-25 16:28:28'),
(480, 60, 15, 'attachments', NULL, 'create', NULL, NULL, '2019-06-25 16:28:47'),
(481, 61, 15, 'attachments', NULL, 'create', NULL, NULL, '2019-06-25 16:29:19'),
(482, 62, 15, 'attachments', NULL, 'create', NULL, NULL, '2019-06-25 16:29:52'),
(483, 63, 15, 'attachments', NULL, 'create', NULL, NULL, '2019-06-25 16:29:56'),
(484, 64, 15, 'attachments', NULL, 'create', NULL, NULL, '2019-06-25 16:34:23'),
(485, 65, 15, 'attachments', NULL, 'create', NULL, NULL, '2019-06-25 16:34:23'),
(486, 1, 1, 'users', NULL, 'Login', NULL, NULL, '2019-06-25 16:34:47'),
(487, 66, 15, 'attachments', NULL, 'create', NULL, NULL, '2019-06-25 16:38:04'),
(488, 67, 15, 'attachments', NULL, 'create', NULL, NULL, '2019-06-25 16:38:04'),
(489, 68, 15, 'attachments', NULL, 'create', NULL, NULL, '2019-06-25 16:38:04'),
(490, 69, 15, 'attachments', NULL, 'create', NULL, NULL, '2019-06-25 16:38:07'),
(491, 20, 20, 'users', NULL, 'Login', NULL, NULL, '2019-06-25 16:38:32'),
(492, 70, 15, 'attachments', NULL, 'create', NULL, NULL, '2019-06-25 16:39:25'),
(493, 14, 20, 'assessments', NULL, 'create', NULL, NULL, '2019-06-25 16:39:30'),
(494, 11, 11, 'users', NULL, 'Login', NULL, NULL, '2019-06-25 16:40:10'),
(495, 11, 11, 'users', NULL, 'Login', NULL, NULL, '2019-06-25 16:40:24'),
(496, 71, 15, 'attachments', NULL, 'create', NULL, NULL, '2019-06-25 16:40:32'),
(497, 72, 15, 'attachments', NULL, 'create', NULL, NULL, '2019-06-25 16:40:32'),
(498, 73, 15, 'attachments', NULL, 'create', NULL, NULL, '2019-06-25 16:40:32'),
(499, 74, 15, 'attachments', NULL, 'create', NULL, NULL, '2019-06-25 16:40:41'),
(500, 13, 13, 'users', NULL, 'Login', NULL, NULL, '2019-06-25 16:40:42'),
(501, 75, 15, 'attachments', NULL, 'create', NULL, NULL, '2019-06-25 16:41:12'),
(502, 76, 15, 'attachments', NULL, 'create', NULL, NULL, '2019-06-25 16:41:31'),
(503, 77, 15, 'attachments', NULL, 'create', NULL, NULL, '2019-06-25 16:42:09'),
(504, 78, 15, 'attachments', NULL, 'create', NULL, NULL, '2019-06-25 16:42:09'),
(505, 79, 15, 'attachments', NULL, 'create', NULL, NULL, '2019-06-25 16:42:09'),
(506, 80, 15, 'attachments', NULL, 'create', NULL, NULL, '2019-06-25 16:42:15'),
(507, 20, 20, 'users', NULL, 'Login', NULL, NULL, '2019-06-25 16:43:20'),
(508, 1, 1, 'users', NULL, 'Login', NULL, NULL, '2019-06-25 16:43:53'),
(509, 20, 20, 'users', NULL, 'Login', NULL, NULL, '2019-06-25 16:44:58'),
(510, 81, 15, 'attachments', NULL, 'create', NULL, NULL, '2019-06-25 16:48:53'),
(511, 82, 15, 'attachments', NULL, 'create', NULL, NULL, '2019-06-25 16:48:53'),
(512, 83, 15, 'attachments', NULL, 'create', NULL, NULL, '2019-06-25 16:48:53'),
(513, 84, 15, 'attachments', NULL, 'create', NULL, NULL, '2019-06-25 16:48:53'),
(514, 85, 15, 'attachments', NULL, 'create', NULL, NULL, '2019-06-25 16:49:11'),
(515, 86, 15, 'attachments', NULL, 'create', NULL, NULL, '2019-06-25 16:49:49'),
(516, 87, 15, 'attachments', NULL, 'create', NULL, NULL, '2019-06-25 16:49:50'),
(517, 88, 15, 'attachments', NULL, 'create', NULL, NULL, '2019-06-25 16:49:50'),
(518, 89, 15, 'attachments', NULL, 'create', NULL, NULL, '2019-06-25 16:49:50'),
(519, 90, 15, 'attachments', NULL, 'create', NULL, NULL, '2019-06-25 16:50:21'),
(520, 91, 15, 'attachments', NULL, 'create', NULL, NULL, '2019-06-25 16:50:21'),
(521, 92, 15, 'attachments', NULL, 'create', NULL, NULL, '2019-06-25 16:50:21'),
(522, 93, 15, 'attachments', NULL, 'create', NULL, NULL, '2019-06-25 16:50:27'),
(523, 94, 15, 'attachments', NULL, 'create', NULL, NULL, '2019-06-25 16:52:56'),
(524, 95, 15, 'attachments', NULL, 'create', NULL, NULL, '2019-06-25 16:52:56'),
(525, 96, 15, 'attachments', NULL, 'create', NULL, NULL, '2019-06-25 16:52:56'),
(526, 97, 15, 'attachments', NULL, 'create', NULL, NULL, '2019-06-25 16:53:24'),
(527, 98, 15, 'attachments', NULL, 'create', NULL, NULL, '2019-06-25 16:53:28'),
(528, 99, 15, 'attachments', NULL, 'create', NULL, NULL, '2019-06-25 16:53:33'),
(529, 100, 15, 'attachments', NULL, 'create', NULL, NULL, '2019-06-25 16:53:37'),
(530, 101, 15, 'attachments', NULL, 'create', NULL, NULL, '2019-06-25 16:54:11'),
(531, 102, 15, 'attachments', NULL, 'create', NULL, NULL, '2019-06-25 16:54:11'),
(532, 103, 15, 'attachments', NULL, 'create', NULL, NULL, '2019-06-25 16:54:11'),
(533, 104, 15, 'attachments', NULL, 'create', NULL, NULL, '2019-06-25 16:54:16'),
(534, 105, 15, 'attachments', NULL, 'create', NULL, NULL, '2019-06-25 16:54:55'),
(535, 106, 15, 'attachments', NULL, 'create', NULL, NULL, '2019-06-25 16:55:02'),
(536, 107, 15, 'attachments', NULL, 'create', NULL, NULL, '2019-06-25 16:55:02'),
(537, 108, 15, 'attachments', NULL, 'create', NULL, NULL, '2019-06-25 16:58:08'),
(538, 30, 30, 'users', NULL, 'register', NULL, NULL, '2019-06-25 17:01:50'),
(539, 31, 31, 'users', NULL, 'register', NULL, NULL, '2019-06-25 17:03:59'),
(540, 31, 31, 'users', NULL, 'Login', NULL, NULL, '2019-06-25 17:10:02'),
(541, 31, 31, 'users', NULL, 'Login', NULL, NULL, '2019-06-25 17:10:28'),
(542, 9, 9, 'users', NULL, 'Login', NULL, NULL, '2019-06-25 17:44:27'),
(543, 19, 9, 'requests', 'isOriginalsReceived', 'update', '0', '1', '2019-06-25 17:53:58'),
(544, 19, 9, 'requests', 'isOriginalsReceived', 'update', '1', '1', '2019-06-25 17:54:08'),
(545, 19, 9, 'requests', 'isOriginalsReceived', 'update', '1', '1', '2019-06-25 17:54:13'),
(546, 19, 9, 'requests', 'isOriginalsReceived', 'update', '1', '1', '2019-06-25 17:54:25'),
(547, 19, 9, 'requests', 'statusId', 'update', '4', '3', '2019-06-25 17:54:54'),
(548, 19, 9, 'requests', 'isOriginalsReceived', 'update', '1', '1', '2019-06-25 17:54:54'),
(549, 19, 9, 'requests', 'statusId', 'update', '3', '4', '2019-06-25 17:55:03'),
(550, 19, 9, 'requests', 'isOriginalsReceived', 'update', '1', '0', '2019-06-25 17:55:06'),
(551, 19, 9, 'requests', 'statusId', 'update', '4', '3', '2019-06-25 17:55:13'),
(552, 19, 9, 'requests', 'openedByEmployeeId', 'update', '5', NULL, '2019-06-25 17:55:13'),
(553, 19, 9, 'requests', 'statusId', 'update', '3', '4', '2019-06-25 17:55:21'),
(554, 19, 9, 'requests', 'openedByEmployeeId', 'update', NULL, '5', '2019-06-25 17:55:21'),
(555, 19, 9, 'requests', 'isOriginalsReceived', 'update', '0', '1', '2019-06-25 17:55:36'),
(556, 19, 9, 'requests', 'statusId', 'update', '4', '3', '2019-06-25 17:55:48'),
(557, 19, 9, 'requests', 'openedByEmployeeId', 'update', '5', NULL, '2019-06-25 17:55:48'),
(558, 19, 9, 'requests', 'statusId', 'update', '3', '4', '2019-06-25 17:55:52'),
(559, 19, 9, 'requests', 'openedByEmployeeId', 'update', NULL, '5', '2019-06-25 17:55:52'),
(560, 19, 9, 'requests', 'isOriginalsReceived', 'update', '1', '0', '2019-06-25 17:58:07'),
(561, 19, 9, 'requests', 'isOriginalsReceived', 'update', '0', '1', '2019-06-25 17:58:11'),
(562, 20, 20, 'users', NULL, 'Login', NULL, NULL, '2019-06-25 18:14:07'),
(563, 4, 20, 'applicants', 'isInsideIndusterialArea', 'update', '0', '0', '2019-06-25 18:15:08'),
(564, 4, 20, 'applicants', 'buildingNumber', 'update', '28', '28 الدقي', '2019-06-25 18:15:08'),
(565, 19, 9, 'requests', 'statusId', 'update', '4', '3', '2019-06-25 18:35:08'),
(566, 19, 9, 'requests', 'isOriginalsReceived', 'update', '1', '1', '2019-06-25 18:35:08'),
(567, 9, 9, 'users', NULL, 'Login', NULL, NULL, '2019-06-25 18:35:22'),
(568, 19, 9, 'requests', 'statusId', 'update', '3', '4', '2019-06-25 18:38:51'),
(569, 15, 15, 'users', NULL, 'Login', NULL, NULL, '2019-06-25 18:39:04'),
(570, 1, 15, 'applicants', 'isInsideIndusterialArea', 'update', '0', '1', '2019-06-25 18:39:25'),
(571, 1, 15, 'applicants', 'indusrialAreaName', 'update', NULL, 'برج العرب', '2019-06-25 18:39:25'),
(572, 1, 15, 'applicants', 'blockNumber', 'update', NULL, '100', '2019-06-25 18:39:25'),
(573, 1, 15, 'applicants', 'areaNumber', 'update', NULL, '12', '2019-06-25 18:39:25'),
(574, 1, 15, 'applicants', 'areaOrDistrict', 'update', 'شبرا', NULL, '2019-06-25 18:39:25'),
(575, 1, 15, 'applicants', 'buildingNumber', 'update', '28', NULL, '2019-06-25 18:39:25'),
(576, 20, 20, 'users', NULL, 'Login', NULL, NULL, '2019-06-25 18:44:37'),
(577, 20, 20, 'users', NULL, 'Login', NULL, NULL, '2019-06-25 18:44:37'),
(578, 19, 9, 'requests', 'statusId', 'update', '4', '5', '2019-06-25 19:06:02'),
(579, 10, 10, 'users', NULL, 'Login', NULL, NULL, '2019-06-26 09:52:37'),
(580, 9, 9, 'users', NULL, 'Login', NULL, NULL, '2019-06-26 09:53:30'),
(581, 10, 10, 'users', NULL, 'Login', NULL, NULL, '2019-06-26 09:54:12'),
(582, 9, 9, 'users', NULL, 'Login', NULL, NULL, '2019-06-26 09:58:07'),
(583, 15, 15, 'users', NULL, 'Login', NULL, NULL, '2019-06-26 09:58:23'),
(584, 19, 15, 'requests', 'chamberMemberNumber', 'update', '', '123', '2019-06-26 10:35:12'),
(585, 10, 15, 'attachments', 'requestId', 'update', '19', NULL, '2019-06-26 10:35:12'),
(586, 10, 15, 'attachments', 'isRepresentativeProof', 'update', '0', '0', '2019-06-26 10:35:12'),
(587, 11, 15, 'attachments', 'requestId', 'update', '19', NULL, '2019-06-26 10:35:12'),
(588, 11, 15, 'attachments', 'isRepresentativeProof', 'update', '0', '0', '2019-06-26 10:35:12'),
(589, 10, 15, 'attachments', 'requestId', 'update', NULL, '19', '2019-06-26 10:35:12'),
(590, 10, 15, 'attachments', 'isRepresentativeProof', 'update', '0', '0', '2019-06-26 10:35:12'),
(591, 11, 15, 'attachments', 'requestId', 'update', NULL, '19', '2019-06-26 10:35:12'),
(592, 11, 15, 'attachments', 'isRepresentativeProof', 'update', '0', '0', '2019-06-26 10:35:12'),
(593, 10, 15, 'attachments', 'requestId', 'update', '19', NULL, '2019-06-26 10:41:18'),
(594, 10, 15, 'attachments', 'isRepresentativeProof', 'update', '0', '0', '2019-06-26 10:41:18'),
(595, 11, 15, 'attachments', 'requestId', 'update', '19', NULL, '2019-06-26 10:41:18'),
(596, 11, 15, 'attachments', 'isRepresentativeProof', 'update', '0', '0', '2019-06-26 10:41:18'),
(597, 10, 15, 'attachments', 'requestId', 'update', NULL, '19', '2019-06-26 10:41:18'),
(598, 10, 15, 'attachments', 'isRepresentativeProof', 'update', '0', '0', '2019-06-26 10:41:18'),
(599, 11, 15, 'attachments', 'requestId', 'update', NULL, '19', '2019-06-26 10:41:18'),
(600, 11, 15, 'attachments', 'isRepresentativeProof', 'update', '0', '0', '2019-06-26 10:41:18');
INSERT INTO `log` (`id`, `RecordId`, `createdByUserId`, `TableName`, `Column`, `Action`, `oldValue`, `newValue`, `createdAt`) VALUES
(601, 10, 10, 'users', NULL, 'Login', NULL, NULL, '2019-06-26 11:09:56'),
(602, 10, 10, 'users', NULL, 'Login', NULL, NULL, '2019-06-26 11:35:18'),
(603, 15, 15, 'users', NULL, 'Login', NULL, NULL, '2019-06-26 12:25:05'),
(604, 10, 10, 'users', NULL, 'Login', NULL, NULL, '2019-06-26 12:25:08'),
(605, 15, 15, 'users', NULL, 'Login', NULL, NULL, '2019-06-26 12:30:14'),
(606, 10, 10, 'users', NULL, 'Login', NULL, NULL, '2019-06-26 13:18:05'),
(607, 11, 11, 'users', NULL, 'Login', NULL, NULL, '2019-06-26 14:09:10'),
(608, 10, 10, 'users', NULL, 'Login', NULL, NULL, '2019-06-26 14:11:26'),
(609, 15, 15, 'users', NULL, 'Login', NULL, NULL, '2019-06-26 14:24:44'),
(610, 9, 9, 'users', NULL, 'Login', NULL, NULL, '2019-06-26 14:30:01'),
(611, 18, 9, 'requests', 'statusId', 'update', '3', '4', '2019-06-26 14:30:07'),
(612, 15, 15, 'users', NULL, 'Login', NULL, NULL, '2019-06-26 14:32:18'),
(613, 17, 17, 'users', NULL, 'Login', NULL, NULL, '2019-06-26 14:54:33'),
(614, 32, 32, 'users', NULL, 'register', NULL, NULL, '2019-06-26 14:56:27'),
(615, 15, 32, 'assessments', NULL, 'create', NULL, NULL, '2019-06-26 14:57:41'),
(616, 11, 32, 'applicants', 'legalEntityIdentifier', 'update', NULL, '12552', '2019-06-26 14:59:01'),
(617, 11, 32, 'applicants', 'managerName', 'update', NULL, 'mohamed', '2019-06-26 14:59:01'),
(618, 11, 32, 'applicants', 'isInsideIndusterialArea', 'update', NULL, '0', '2019-06-26 14:59:01'),
(619, 11, 32, 'applicants', 'governorateId', 'update', NULL, '2', '2019-06-26 14:59:01'),
(620, 11, 32, 'applicants', 'cityId', 'update', NULL, '4', '2019-06-26 14:59:01'),
(621, 11, 32, 'applicants', 'areaOrDistrict', 'update', NULL, 'الدقي', '2019-06-26 14:59:01'),
(622, 11, 32, 'applicants', 'buildingNumber', 'update', NULL, '15', '2019-06-26 14:59:01'),
(623, 11, 32, 'applicants', 'telephone', 'update', NULL, '01021952160', '2019-06-26 14:59:01'),
(624, 11, 32, 'applicants', 'fax', 'update', NULL, '102', '2019-06-26 14:59:01'),
(625, 11, 32, 'applicants', 'authorityAcceptanceNumber', 'update', NULL, '123', '2019-06-26 14:59:02'),
(626, 11, 32, 'applicants', 'commercialRecord', 'update', NULL, '458', '2019-06-26 14:59:02'),
(627, 11, 32, 'applicants', 'licenseNumber', 'update', NULL, '12555', '2019-06-26 14:59:02'),
(628, 11, 32, 'applicants', 'factoryArea', 'update', NULL, '1252', '2019-06-26 14:59:02'),
(629, 11, 32, 'applicants', 'investmentCostAtConstructionTime', 'update', NULL, '22552', '2019-06-26 14:59:02'),
(630, 11, 32, 'applicants', 'currentInvestmentCosts', 'update', NULL, '21545', '2019-06-26 14:59:02'),
(631, 11, 32, 'applicants', 'taxCard', 'update', NULL, '1254456', '2019-06-26 14:59:02'),
(632, 11, 32, 'applicants', 'extentOfEnvironmentalConditionsImplementationAndTrashDisposal', 'update', NULL, '21', '2019-06-26 14:59:02'),
(633, 11, 32, 'applicants', 'extentOfDangerousMaterialsUsage', 'update', NULL, '23', '2019-06-26 14:59:02'),
(634, 11, 32, 'applicants', 'annualInsuranceValue', 'update', NULL, '1235', '2019-06-26 14:59:02'),
(635, 11, 32, 'applicants', 'certificatesAndExtentOfSpecificationsMatching', 'update', NULL, '25', '2019-06-26 14:59:02'),
(636, 11, 32, 'applicants', 'insuredWorkersCount', 'update', NULL, '258', '2019-06-26 14:59:02'),
(637, 11, 32, 'applicants', 'entryNumberInIndusterialRecord', 'update', NULL, '1235', '2019-06-26 14:59:02'),
(638, 11, 32, 'applicants', 'yearOfFirstCertificate', 'update', NULL, '2019', '2019-06-26 14:59:02'),
(639, 11, 32, 'applicants', 'expirationDate', 'update', NULL, '2020-01-01', '2019-06-26 14:59:02'),
(640, 109, 32, 'attachments', NULL, 'create', NULL, NULL, '2019-06-26 15:00:41'),
(641, 20, 32, 'requests', NULL, 'create', NULL, NULL, '2019-06-26 15:04:42'),
(642, 9, 32, 'certificate', NULL, 'create', NULL, NULL, '2019-06-26 15:04:42'),
(643, 10, 32, 'certificate', NULL, 'create', NULL, NULL, '2019-06-26 15:04:42'),
(644, 109, 32, 'attachments', 'requestId', 'update', NULL, '20', '2019-06-26 15:04:42'),
(645, 109, 32, 'attachments', 'isRepresentativeProof', 'update', '0', '0', '2019-06-26 15:04:42'),
(646, 10, 10, 'users', NULL, 'Login', NULL, NULL, '2019-06-26 15:05:05'),
(647, 20, 10, 'requests', 'statusId', 'update', '1', '2', '2019-06-26 15:05:26'),
(648, 20, 10, 'requests', 'employeeId', 'update', NULL, '5', '2019-06-26 15:05:26'),
(649, 9, 9, 'users', NULL, 'Login', NULL, NULL, '2019-06-26 15:05:36'),
(650, 20, 9, 'requests', 'statusId', 'update', '2', '4', '2019-06-26 15:05:43'),
(651, 20, 9, 'requests', 'openedByEmployeeId', 'update', NULL, '5', '2019-06-26 15:05:43'),
(652, 20, 9, 'requests', 'isOriginalsReceived', 'update', '0', '1', '2019-06-26 15:05:55'),
(653, 20, 9, 'requests', 'statusId', 'update', '4', '3', '2019-06-26 15:06:47'),
(654, 20, 9, 'requests', 'isOriginalsReceived', 'update', '1', '1', '2019-06-26 15:06:47'),
(655, 20, 9, 'requests', 'statusId', 'update', '3', '4', '2019-06-26 15:06:52'),
(656, 20, 9, 'requests', 'statusId', 'update', '4', '3', '2019-06-26 15:07:15'),
(657, 20, 9, 'requests', 'isOriginalsReceived', 'update', '1', '1', '2019-06-26 15:07:15'),
(658, 15, 15, 'users', NULL, 'Login', NULL, NULL, '2019-06-26 15:17:05'),
(659, 18, 9, 'requests', 'statusId', 'update', '4', '3', '2019-06-26 15:18:34'),
(660, 18, 9, 'requests', 'isOriginalsReceived', 'update', '1', '1', '2019-06-26 15:18:34'),
(661, 20, 9, 'requests', 'statusId', 'update', '3', '4', '2019-06-26 15:18:46'),
(662, 15, 15, 'users', NULL, 'Login', NULL, NULL, '2019-06-26 15:22:03'),
(663, 16, 15, 'assessments', NULL, 'create', NULL, NULL, '2019-06-26 15:22:40'),
(664, 9, 9, 'users', NULL, 'Login', NULL, NULL, '2019-06-26 15:26:13'),
(665, 20, 9, 'requests', 'statusId', 'update', '4', '5', '2019-06-26 15:30:06'),
(666, 110, 15, 'attachments', NULL, 'create', NULL, NULL, '2019-06-26 15:30:20'),
(667, 32, 32, 'users', NULL, 'Login', NULL, NULL, '2019-06-26 15:32:32'),
(668, 20, 32, 'requests', 'statusId', 'update', '5', '3', '2019-06-26 15:32:40'),
(669, 9, 9, 'users', NULL, 'Login', NULL, NULL, '2019-06-26 15:32:59'),
(670, 20, 9, 'requests', 'statusId', 'update', '3', '4', '2019-06-26 15:33:36'),
(671, 19, 15, 'requests', 'statusId', 'update', '5', '3', '2019-06-26 15:34:03'),
(672, 9, 9, 'users', NULL, 'Login', NULL, NULL, '2019-06-26 15:34:44'),
(673, 20, 9, 'requests', 'isOriginalsReceived', 'update', '1', '1', '2019-06-26 15:36:48'),
(674, 20, 9, 'requests', 'isOriginalsReceived', 'update', '1', '1', '2019-06-26 15:37:09'),
(675, 20, 9, 'requests', 'statusId', 'update', '4', '5', '2019-06-26 15:39:48'),
(676, 32, 32, 'users', NULL, 'Login', NULL, NULL, '2019-06-26 15:40:47'),
(677, 20, 32, 'requests', 'statusId', 'update', '5', '3', '2019-06-26 15:40:59'),
(678, 9, 9, 'users', NULL, 'Login', NULL, NULL, '2019-06-26 15:41:05'),
(679, 20, 9, 'requests', 'statusId', 'update', '3', '4', '2019-06-26 15:41:12'),
(680, 32, 32, 'users', NULL, 'Login', NULL, NULL, '2019-06-26 15:49:57'),
(681, 9, 9, 'users', NULL, 'Login', NULL, NULL, '2019-06-26 15:50:10'),
(682, 20, 9, 'requests', 'statusId', 'update', '4', '5', '2019-06-26 15:50:58'),
(683, 32, 32, 'users', NULL, 'Login', NULL, NULL, '2019-06-26 15:56:54'),
(684, 20, 32, 'requests', 'statusId', 'update', '5', '3', '2019-06-26 15:57:11'),
(685, 9, 9, 'users', NULL, 'Login', NULL, NULL, '2019-06-26 15:57:20'),
(686, 20, 9, 'requests', 'statusId', 'update', '3', '4', '2019-06-26 15:57:28'),
(687, 20, 9, 'requests', 'statusId', 'update', '4', '5', '2019-06-26 15:57:55'),
(688, 15, 15, 'users', NULL, 'Login', NULL, NULL, '2019-06-26 15:57:58'),
(689, 11, 11, 'users', NULL, 'Login', NULL, NULL, '2019-06-26 16:05:42'),
(690, 15, 15, 'users', NULL, 'Login', NULL, NULL, '2019-06-26 16:41:29'),
(691, 10, 10, 'users', NULL, 'Login', NULL, NULL, '2019-06-26 17:00:26'),
(692, 15, 15, 'users', NULL, 'Login', NULL, NULL, '2019-06-26 17:22:43'),
(693, 32, 32, 'users', NULL, 'Login', NULL, NULL, '2019-06-26 17:31:18'),
(694, 20, 32, 'requests', 'statusId', 'update', '5', '3', '2019-06-26 17:39:45'),
(695, 9, 9, 'users', NULL, 'Login', NULL, NULL, '2019-06-26 17:39:53'),
(696, 20, 9, 'requests', 'statusId', 'update', '3', '4', '2019-06-26 17:39:58'),
(697, 20, 9, 'requests', 'statusId', 'update', '4', '5', '2019-06-26 17:40:28'),
(698, 10, 10, 'users', NULL, 'Login', NULL, NULL, '2019-06-26 17:55:57'),
(699, 1, 1, 'users', NULL, 'Login', NULL, NULL, '2019-06-26 18:06:46'),
(700, 1, 1, 'users', NULL, 'Login', NULL, NULL, '2019-06-27 10:43:37'),
(701, 33, 33, 'users', NULL, 'register', NULL, NULL, '2019-06-27 10:44:51'),
(702, 34, 34, 'users', NULL, 'register', NULL, NULL, '2019-06-27 10:45:30'),
(703, 35, 35, 'users', NULL, 'register', NULL, NULL, '2019-06-27 10:47:50'),
(704, 10, 10, 'users', NULL, 'Login', NULL, NULL, '2019-06-27 10:54:56'),
(705, 9, 9, 'users', NULL, 'Login', NULL, NULL, '2019-06-27 10:55:13'),
(706, 19, 9, 'requests', 'statusId', 'update', '3', '4', '2019-06-27 10:55:23'),
(707, 19, 9, 'requests', 'statusId', 'update', '4', '6', '2019-06-27 10:55:45'),
(708, 10, 10, 'users', NULL, 'Login', NULL, NULL, '2019-06-27 10:55:54'),
(709, 11, 11, 'users', NULL, 'Login', NULL, NULL, '2019-06-27 11:00:00'),
(710, 10, 10, 'users', NULL, 'Login', NULL, NULL, '2019-06-27 11:01:12'),
(711, 11, 11, 'users', NULL, 'Login', NULL, NULL, '2019-06-27 11:12:03'),
(712, 11, 11, 'users', NULL, 'Login', NULL, NULL, '2019-06-27 11:16:16'),
(713, 5, 11, 'assessments', 'chamberId', 'update', '4', '2', '2019-06-27 11:28:15'),
(714, 5, 11, 'assessments', 'chamberId', 'update', '2', '4', '2019-06-27 11:28:25'),
(715, 19, 11, 'requests', 'statusId', 'update', '7', '9', '2019-06-27 11:30:51'),
(716, 19, 11, 'requests', 'isChamberMember', 'update', '0', '1', '2019-06-27 11:30:51'),
(717, 19, 11, 'requests', 'isSubscriptionFeesPaid', 'update', '0', '1', '2019-06-27 11:30:51'),
(718, 19, 11, 'requests', 'statusId', 'update', '9', '12', '2019-06-27 11:31:53'),
(719, 7, 11, 'certificates', 'certificateNumber', 'update', NULL, '1', '2019-06-27 11:31:53'),
(720, 7, 11, 'certificates', 'issueDate', 'update', '2019-06-24 08:32:17', '2019-06-27 11:31:53', '2019-06-27 11:31:53'),
(721, 8, 11, 'certificates', 'certificateNumber', 'update', NULL, '1', '2019-06-27 11:31:53'),
(722, 8, 11, 'certificates', 'issueDate', 'update', '2019-06-24 08:32:17', '2019-06-27 11:31:53', '2019-06-27 11:31:53'),
(723, 26, 26, 'users', NULL, 'Login', NULL, NULL, '2019-06-27 12:23:03'),
(724, 26, 26, 'users', NULL, 'Login', NULL, NULL, '2019-06-27 12:30:13'),
(725, 17, 26, 'assessments', NULL, 'create', NULL, NULL, '2019-06-27 12:31:29'),
(726, 5, 26, 'applicants', 'legalEntityIdentifier', 'update', NULL, '123456', '2019-06-27 12:34:34'),
(727, 5, 26, 'applicants', 'managerName', 'update', NULL, 'mohamed khairy', '2019-06-27 12:34:34'),
(728, 5, 26, 'applicants', 'isInsideIndusterialArea', 'update', NULL, '1', '2019-06-27 12:34:34'),
(729, 5, 26, 'applicants', 'governorateId', 'update', NULL, '3', '2019-06-27 12:34:34'),
(730, 5, 26, 'applicants', 'cityId', 'update', NULL, '18', '2019-06-27 12:34:34'),
(731, 5, 26, 'applicants', 'indusrialAreaName', 'update', NULL, 'borj alarab', '2019-06-27 12:34:34'),
(732, 5, 26, 'applicants', 'blockNumber', 'update', NULL, '121', '2019-06-27 12:34:34'),
(733, 5, 26, 'applicants', 'areaNumber', 'update', NULL, '15', '2019-06-27 12:34:34'),
(734, 5, 26, 'applicants', 'telephone', 'update', NULL, '01021952160', '2019-06-27 12:34:34'),
(735, 5, 26, 'applicants', 'fax', 'update', NULL, '123', '2019-06-27 12:34:34'),
(736, 5, 26, 'applicants', 'authorityAcceptanceNumber', 'update', NULL, '1245', '2019-06-27 12:34:34'),
(737, 5, 26, 'applicants', 'commercialRecord', 'update', NULL, '125456', '2019-06-27 12:34:34'),
(738, 5, 26, 'applicants', 'licenseNumber', 'update', NULL, '1245789', '2019-06-27 12:34:34'),
(739, 5, 26, 'applicants', 'factoryArea', 'update', NULL, '12345', '2019-06-27 12:34:34'),
(740, 5, 26, 'applicants', 'investmentCostAtConstructionTime', 'update', NULL, '1245789', '2019-06-27 12:34:34'),
(741, 5, 26, 'applicants', 'currentInvestmentCosts', 'update', NULL, '132558', '2019-06-27 12:34:34'),
(742, 5, 26, 'applicants', 'taxCard', 'update', NULL, '124563', '2019-06-27 12:34:34'),
(743, 5, 26, 'applicants', 'extentOfEnvironmentalConditionsImplementationAndTrashDisposal', 'update', NULL, '23', '2019-06-27 12:34:34'),
(744, 5, 26, 'applicants', 'extentOfDangerousMaterialsUsage', 'update', NULL, '22', '2019-06-27 12:34:34'),
(745, 5, 26, 'applicants', 'annualInsuranceValue', 'update', NULL, '56456', '2019-06-27 12:34:34'),
(746, 5, 26, 'applicants', 'certificatesAndExtentOfSpecificationsMatching', 'update', NULL, '12', '2019-06-27 12:34:34'),
(747, 5, 26, 'applicants', 'insuredWorkersCount', 'update', NULL, '123', '2019-06-27 12:34:34'),
(748, 5, 26, 'applicants', 'entryNumberInIndusterialRecord', 'update', NULL, '1458', '2019-06-27 12:34:34'),
(749, 5, 26, 'applicants', 'yearOfFirstCertificate', 'update', NULL, '2020', '2019-06-27 12:34:34'),
(750, 5, 26, 'applicants', 'expirationDate', 'update', NULL, '2021-01-01', '2019-06-27 12:34:34'),
(751, 111, 26, 'attachments', NULL, 'create', NULL, NULL, '2019-06-27 12:36:02'),
(752, 112, 26, 'attachments', NULL, 'create', NULL, NULL, '2019-06-27 12:36:59'),
(753, 21, 26, 'requests', NULL, 'create', NULL, NULL, '2019-06-27 12:37:02'),
(754, 11, 26, 'certificate', NULL, 'create', NULL, NULL, '2019-06-27 12:37:02'),
(755, 12, 26, 'certificate', NULL, 'create', NULL, NULL, '2019-06-27 12:37:02'),
(756, 112, 26, 'attachments', 'requestId', 'update', NULL, '21', '2019-06-27 12:37:02'),
(757, 112, 26, 'attachments', 'isRepresentativeProof', 'update', '0', '0', '2019-06-27 12:37:02'),
(758, 111, 26, 'attachments', 'requestId', 'update', NULL, '21', '2019-06-27 12:37:02'),
(759, 111, 26, 'attachments', 'isRepresentativeProof', 'update', '0', '1', '2019-06-27 12:37:02'),
(760, 1, 1, 'users', NULL, 'Login', NULL, NULL, '2019-06-27 12:37:28'),
(761, 1, 1, 'settings', 'executiveManagerName', 'update', 'test test test', 'orchtech manager', '2019-06-27 12:37:49'),
(762, 1, 1, 'settings', 'automaticAssignDelay', 'update', '60', '5', '2019-06-27 12:38:04'),
(763, 26, 26, 'users', NULL, 'Login', NULL, NULL, '2019-06-27 12:38:27'),
(764, 1, 1, 'users', NULL, 'Login', NULL, NULL, '2019-06-27 12:40:51'),
(765, 36, 1, 'users', NULL, 'create', NULL, NULL, '2019-06-27 12:41:25'),
(766, 26, 26, 'users', NULL, 'Login', NULL, NULL, '2019-06-27 12:41:40'),
(767, 9, 9, 'users', NULL, 'Login', NULL, NULL, '2019-06-27 12:43:27'),
(768, 36, 36, 'users', NULL, 'Login', NULL, NULL, '2019-06-27 12:43:49'),
(769, 9, 9, 'users', NULL, 'Login', NULL, NULL, '2019-06-27 12:46:21'),
(770, 36, 36, 'users', NULL, 'Login', NULL, NULL, '2019-06-27 12:46:35'),
(771, 21, 36, 'requests', 'statusId', 'update', '2', '4', '2019-06-27 12:47:37'),
(772, 21, 36, 'requests', 'openedByEmployeeId', 'update', NULL, '18', '2019-06-27 12:47:37'),
(773, 21, 36, 'requests', 'isOriginalsReceived', 'update', '0', '1', '2019-06-27 12:48:08'),
(774, 21, 36, 'requests', 'statusId', 'update', '4', '5', '2019-06-27 12:48:33'),
(775, 26, 26, 'users', NULL, 'Login', NULL, NULL, '2019-06-27 12:49:31'),
(776, 11, 11, 'users', NULL, 'Login', NULL, NULL, '2019-06-27 12:49:42'),
(777, 112, 26, 'attachments', 'requestId', 'update', '21', NULL, '2019-06-27 12:50:16'),
(778, 112, 26, 'attachments', 'isRepresentativeProof', 'update', '0', '0', '2019-06-27 12:50:16'),
(779, 112, 26, 'attachments', 'requestId', 'update', NULL, '21', '2019-06-27 12:50:16'),
(780, 112, 26, 'attachments', 'isRepresentativeProof', 'update', '0', '0', '2019-06-27 12:50:16'),
(781, 111, 26, 'attachments', 'requestId', 'update', '21', NULL, '2019-06-27 12:50:16'),
(782, 111, 26, 'attachments', 'isRepresentativeProof', 'update', '1', '1', '2019-06-27 12:50:16'),
(783, 111, 26, 'attachments', 'requestId', 'update', NULL, '21', '2019-06-27 12:50:16'),
(784, 111, 26, 'attachments', 'isRepresentativeProof', 'update', '1', '1', '2019-06-27 12:50:16'),
(785, 21, 26, 'requests', 'statusId', 'update', '5', '3', '2019-06-27 12:50:44'),
(786, 36, 36, 'users', NULL, 'Login', NULL, NULL, '2019-06-27 12:51:20'),
(787, 21, 36, 'requests', 'statusId', 'update', '3', '4', '2019-06-27 12:51:40'),
(788, 21, 36, 'requests', 'statusId', 'update', '4', '6', '2019-06-27 12:52:12'),
(789, 10, 10, 'users', NULL, 'Login', NULL, NULL, '2019-06-27 12:53:24'),
(790, 1, 1, 'users', NULL, 'Login', NULL, NULL, '2019-06-27 12:53:55'),
(791, 1, 1, 'settings', 'automaticIDAApproveDelay', 'update', '60', '3', '2019-06-27 12:54:19'),
(792, 11, 11, 'users', NULL, 'Login', NULL, NULL, '2019-06-27 12:54:31'),
(793, 10, 10, 'users', NULL, 'Login', NULL, NULL, '2019-06-27 12:54:48'),
(794, 11, 11, 'users', NULL, 'Login', NULL, NULL, '2019-06-27 12:59:33'),
(795, 11, 11, 'users', NULL, 'Login', NULL, NULL, '2019-06-27 13:50:44'),
(796, 11, 11, 'users', NULL, 'Login', NULL, NULL, '2019-06-27 14:05:52'),
(797, 10, 10, 'users', NULL, 'Login', NULL, NULL, '2019-06-27 14:06:07'),
(798, 11, 11, 'users', NULL, 'Login', NULL, NULL, '2019-06-27 14:06:46'),
(799, 10, 10, 'users', NULL, 'Login', NULL, NULL, '2019-06-27 14:08:23'),
(800, 11, 11, 'users', NULL, 'Login', NULL, NULL, '2019-06-27 14:10:11'),
(801, 14, 14, 'users', NULL, 'Login', NULL, NULL, '2019-06-27 14:21:32'),
(802, 21, 11, 'requests', 'statusId', 'update', '7', '9', '2019-06-27 14:25:33'),
(803, 21, 11, 'requests', 'isChamberMember', 'update', '0', '1', '2019-06-27 14:25:33'),
(804, 21, 11, 'requests', 'isSubscriptionFeesPaid', 'update', '0', '1', '2019-06-27 14:25:33'),
(805, 21, 11, 'requests', 'statusId', 'update', '9', '12', '2019-06-27 14:26:10'),
(806, 11, 11, 'certificates', 'certificateNumber', 'update', NULL, '2', '2019-06-27 14:26:10'),
(807, 11, 11, 'certificates', 'issueDate', 'update', NULL, '2019-06-27 14:26:10', '2019-06-27 14:26:10'),
(808, 12, 11, 'certificates', 'certificateNumber', 'update', NULL, '2', '2019-06-27 14:26:10'),
(809, 12, 11, 'certificates', 'issueDate', 'update', NULL, '2019-06-27 14:26:10', '2019-06-27 14:26:10'),
(810, 14, 14, 'users', NULL, 'Login', NULL, NULL, '2019-06-27 14:32:38'),
(811, 8, 1, 'sectors', NULL, 'create', NULL, NULL, '2019-06-27 14:47:03'),
(812, 8, 1, 'sectors', 'nameEn', 'update', 'test', 'ttt', '2019-06-27 14:47:30'),
(813, 8, 1, 'sectors', 'nameAr', 'update', 'test', 'ttttt', '2019-06-27 14:47:30'),
(814, 8, 1, 'sectors', NULL, 'delete', NULL, NULL, '2019-06-27 14:47:45'),
(815, 1, 1, 'users', NULL, 'Login', NULL, NULL, '2019-06-27 14:49:16'),
(816, 1, 1, 'units', NULL, 'create', NULL, NULL, '2019-06-27 14:58:06'),
(817, 2, 1, 'units', NULL, 'create', NULL, NULL, '2019-06-27 14:58:34'),
(818, 2, 1, 'units', 'nameEn', 'update', 'unit2', 'test', '2019-06-27 14:59:03'),
(819, 2, 1, 'units', 'nameAr', 'update', 'وحده2', 'test', '2019-06-27 14:59:03'),
(820, 2, 1, 'units', NULL, 'delete', NULL, NULL, '2019-06-27 14:59:13'),
(821, 2, 1, 'sections', NULL, 'create', NULL, NULL, '2019-06-27 15:02:03'),
(822, 2, 1, 'sections', 'nameEn', 'update', 'test', 'wew', '2019-06-27 15:02:24'),
(823, 2, 1, 'sections', 'nameAr', 'update', 'test', 'rere', '2019-06-27 15:02:24'),
(824, 2, 1, 'sections', NULL, 'delete', NULL, NULL, '2019-06-27 15:03:50'),
(825, 1, 1, 'users', NULL, 'Login', NULL, NULL, '2019-06-27 15:21:20'),
(826, 1, 1, 'settings', 'automaticAssignDelay', 'update', '5', '60', '2019-06-27 15:21:28'),
(827, 1, 1, 'settings', 'automaticIDAApproveDelay', 'update', '3', '60', '2019-06-27 15:21:28'),
(828, 28, 28, 'users', NULL, 'Login', NULL, NULL, '2019-06-27 15:42:57'),
(829, 28, 28, 'users', NULL, 'Login', NULL, NULL, '2019-06-27 15:43:21'),
(830, 18, 28, 'assessments', NULL, 'create', NULL, NULL, '2019-06-27 15:57:21'),
(831, 113, 28, 'attachments', NULL, 'create', NULL, NULL, '2019-06-27 15:59:40'),
(832, 22, 28, 'requests', NULL, 'create', NULL, NULL, '2019-06-27 16:24:07'),
(833, 13, 28, 'certificate', NULL, 'create', NULL, NULL, '2019-06-27 16:24:07'),
(834, 14, 28, 'certificate', NULL, 'create', NULL, NULL, '2019-06-27 16:24:07'),
(835, 113, 28, 'attachments', 'requestId', 'update', NULL, '22', '2019-06-27 16:24:07'),
(836, 113, 28, 'attachments', 'isRepresentativeProof', 'update', '0', '0', '2019-06-27 16:24:07'),
(837, 28, 28, 'users', NULL, 'Login', NULL, NULL, '2019-06-27 16:24:25'),
(838, 10, 10, 'users', NULL, 'Login', NULL, NULL, '2019-06-27 16:24:57'),
(839, 28, 28, 'users', NULL, 'Login', NULL, NULL, '2019-06-27 16:28:58'),
(840, 9, 9, 'users', NULL, 'Login', NULL, NULL, '2019-06-27 16:29:39'),
(841, 1, 1, 'users', NULL, 'Login', NULL, NULL, '2019-06-27 16:29:57'),
(842, 10, 10, 'users', NULL, 'Login', NULL, NULL, '2019-06-27 16:30:15'),
(843, 10, 10, 'users', NULL, 'Login', NULL, NULL, '2019-06-27 16:31:29'),
(844, 22, 10, 'requests', 'statusId', 'update', '1', '2', '2019-06-27 16:32:37'),
(845, 22, 10, 'requests', 'employeeId', 'update', NULL, '5', '2019-06-27 16:32:37'),
(846, 9, 9, 'users', NULL, 'Login', NULL, NULL, '2019-06-27 16:33:38'),
(847, 22, 9, 'requests', 'statusId', 'update', '2', '4', '2019-06-27 16:33:46'),
(848, 22, 9, 'requests', 'openedByEmployeeId', 'update', NULL, '5', '2019-06-27 16:33:46'),
(849, 22, 9, 'requests', 'isOriginalsReceived', 'update', '0', '1', '2019-06-27 16:34:06'),
(850, 22, 9, 'requests', 'statusId', 'update', '4', '6', '2019-06-27 16:34:11'),
(851, 10, 10, 'users', NULL, 'Login', NULL, NULL, '2019-06-27 16:44:02'),
(852, 11, 11, 'users', NULL, 'Login', NULL, NULL, '2019-06-27 16:57:57'),
(853, 9, 9, 'users', NULL, 'Login', NULL, NULL, '2019-06-27 18:00:20'),
(854, 10, 10, 'users', NULL, 'Login', NULL, NULL, '2019-06-27 18:00:32'),
(855, 28, 28, 'users', NULL, 'Login', NULL, NULL, '2019-06-27 18:01:18'),
(856, 11, 11, 'users', NULL, 'Login', NULL, NULL, '2019-06-27 18:11:26'),
(857, 11, 11, 'users', NULL, 'Login', NULL, NULL, '2019-07-01 09:22:44'),
(858, 11, 11, 'users', NULL, 'Login', NULL, NULL, '2019-07-01 09:32:50'),
(859, 11, 11, 'users', NULL, 'Login', NULL, NULL, '2019-07-01 09:59:55'),
(860, 15, 15, 'users', NULL, 'Login', NULL, NULL, '2019-07-01 10:01:31'),
(861, 1, 1, 'users', NULL, 'Login', NULL, NULL, '2019-07-01 10:01:59'),
(862, 1, 1, 'users', NULL, 'Login', NULL, NULL, '2019-07-01 10:08:38'),
(863, 1, 1, 'users', NULL, 'Login', NULL, NULL, '2019-07-01 10:18:36'),
(864, 37, 1, 'users', NULL, 'create', NULL, NULL, '2019-07-01 10:19:47'),
(865, 15, 15, 'users', NULL, 'Login', NULL, NULL, '2019-07-01 10:20:01'),
(866, 15, 15, 'users', NULL, 'Login', NULL, NULL, '2019-07-01 10:21:13'),
(867, 37, 37, 'users', NULL, 'Login', NULL, NULL, '2019-07-01 10:25:50'),
(868, 1, 1, 'users', NULL, 'Login', NULL, NULL, '2019-07-01 10:31:45'),
(869, 1, 1, 'users', NULL, 'Login', NULL, NULL, '2019-07-01 10:36:21'),
(870, 38, 1, 'users', NULL, 'create', NULL, NULL, '2019-07-01 10:39:53'),
(871, 28, 28, 'users', NULL, 'Login', NULL, NULL, '2019-07-01 12:16:10'),
(872, 11, 11, 'users', NULL, 'Login', NULL, NULL, '2019-07-01 12:17:40'),
(873, 15, 15, 'users', NULL, 'Login', NULL, NULL, '2019-07-01 12:38:09'),
(874, 11, 11, 'users', NULL, 'Login', NULL, NULL, '2019-07-01 12:42:03'),
(875, 11, 11, 'users', NULL, 'Login', NULL, NULL, '2019-07-01 14:12:15'),
(876, 15, 15, 'users', NULL, 'Login', NULL, NULL, '2019-07-01 14:16:24'),
(877, 114, 15, 'attachments', NULL, 'create', NULL, NULL, '2019-07-01 14:22:57'),
(878, 23, 15, 'requests', NULL, 'create', NULL, NULL, '2019-07-01 14:25:15'),
(879, 15, 15, 'certificate', NULL, 'create', NULL, NULL, '2019-07-01 14:25:15'),
(880, 16, 15, 'certificate', NULL, 'create', NULL, NULL, '2019-07-01 14:25:15'),
(881, 114, 15, 'attachments', 'requestId', 'update', NULL, '23', '2019-07-01 14:25:15'),
(882, 114, 15, 'attachments', 'isRepresentativeProof', 'update', '0', '0', '2019-07-01 14:25:15'),
(883, 1, 1, 'users', NULL, 'Login', NULL, NULL, '2019-07-01 14:26:01'),
(884, 9, 9, 'users', NULL, 'Login', NULL, NULL, '2019-07-01 14:26:56'),
(885, 10, 10, 'users', NULL, 'Login', NULL, NULL, '2019-07-01 14:29:44'),
(886, 23, 10, 'requests', 'statusId', 'update', '1', '2', '2019-07-01 14:29:58'),
(887, 23, 10, 'requests', 'employeeId', 'update', NULL, '5', '2019-07-01 14:29:58'),
(888, 11, 11, 'users', NULL, 'Login', NULL, NULL, '2019-07-01 14:30:26'),
(889, 11, 11, 'users', NULL, 'Login', NULL, NULL, '2019-07-01 14:31:39'),
(890, 14, 14, 'users', NULL, 'Login', NULL, NULL, '2019-07-01 14:40:59'),
(891, 23, 9, 'requests', 'statusId', 'update', '2', '4', '2019-07-01 14:46:02'),
(892, 23, 9, 'requests', 'openedByEmployeeId', 'update', NULL, '5', '2019-07-01 14:46:02'),
(893, 23, 9, 'requests', 'isOriginalsReceived', 'update', '0', '1', '2019-07-01 14:46:06'),
(894, 15, 15, 'users', NULL, 'Login', NULL, NULL, '2019-07-01 14:46:24'),
(895, 9, 9, 'users', NULL, 'Login', NULL, NULL, '2019-07-01 14:47:46'),
(896, 23, 9, 'requests', 'statusId', 'update', '4', '6', '2019-07-01 14:48:16'),
(897, 15, 15, 'users', NULL, 'Login', NULL, NULL, '2019-07-01 14:48:23'),
(898, 10, 10, 'users', NULL, 'Login', NULL, NULL, '2019-07-01 14:48:36'),
(899, 11, 11, 'users', NULL, 'Login', NULL, NULL, '2019-07-01 14:48:51'),
(900, 28, 28, 'users', NULL, 'Login', NULL, NULL, '2019-07-01 14:51:03'),
(901, 19, 28, 'assessments', NULL, 'create', NULL, NULL, '2019-07-01 14:57:11'),
(902, 1, 1, 'users', NULL, 'Login', NULL, NULL, '2019-07-01 14:57:53'),
(903, 115, 28, 'attachments', NULL, 'create', NULL, NULL, '2019-07-01 15:05:15'),
(904, 24, 28, 'requests', NULL, 'create', NULL, NULL, '2019-07-01 15:05:18'),
(905, 17, 28, 'certificate', NULL, 'create', NULL, NULL, '2019-07-01 15:05:18'),
(906, 18, 28, 'certificate', NULL, 'create', NULL, NULL, '2019-07-01 15:05:18'),
(907, 115, 28, 'attachments', 'requestId', 'update', NULL, '24', '2019-07-01 15:05:18'),
(908, 115, 28, 'attachments', 'isRepresentativeProof', 'update', '0', '0', '2019-07-01 15:05:18'),
(909, 10, 10, 'users', NULL, 'Login', NULL, NULL, '2019-07-01 15:05:40'),
(910, 24, 10, 'requests', 'statusId', 'update', '1', '2', '2019-07-01 15:06:15'),
(911, 24, 10, 'requests', 'employeeId', 'update', NULL, '5', '2019-07-01 15:06:15'),
(912, 9, 9, 'users', NULL, 'Login', NULL, NULL, '2019-07-01 15:07:04'),
(913, 24, 9, 'requests', 'statusId', 'update', '2', '4', '2019-07-01 15:07:26'),
(914, 24, 9, 'requests', 'openedByEmployeeId', 'update', NULL, '5', '2019-07-01 15:07:26'),
(915, 11, 11, 'users', NULL, 'Login', NULL, NULL, '2019-07-01 15:07:47'),
(916, 24, 9, 'requests', 'statusId', 'update', '4', '3', '2019-07-01 15:22:26'),
(917, 24, 9, 'requests', 'isOriginalsReceived', 'update', '0', '1', '2019-07-01 15:22:26'),
(918, 11, 11, 'users', NULL, 'Login', NULL, NULL, '2019-07-01 15:28:40'),
(919, 28, 28, 'users', NULL, 'Login', NULL, NULL, '2019-07-01 15:29:14'),
(920, 9, 9, 'users', NULL, 'Login', NULL, NULL, '2019-07-01 15:29:50'),
(921, 10, 10, 'users', NULL, 'Login', NULL, NULL, '2019-07-01 15:30:07'),
(922, 9, 9, 'users', NULL, 'Login', NULL, NULL, '2019-07-01 15:31:55'),
(923, 20, 28, 'assessments', NULL, 'create', NULL, NULL, '2019-07-01 15:34:43'),
(924, 116, 28, 'attachments', NULL, 'create', NULL, NULL, '2019-07-01 15:36:23'),
(925, 11, 11, 'users', NULL, 'Login', NULL, NULL, '2019-07-01 15:38:46'),
(926, 10, 10, 'users', NULL, 'Login', NULL, NULL, '2019-07-01 15:39:38'),
(927, 11, 11, 'users', NULL, 'Login', NULL, NULL, '2019-07-01 15:51:08'),
(928, 25, 28, 'requests', NULL, 'create', NULL, NULL, '2019-07-01 15:52:03'),
(929, 19, 28, 'certificate', NULL, 'create', NULL, NULL, '2019-07-01 15:52:03'),
(930, 20, 28, 'certificate', NULL, 'create', NULL, NULL, '2019-07-01 15:52:03'),
(931, 116, 28, 'attachments', 'requestId', 'update', NULL, '25', '2019-07-01 15:52:03'),
(932, 116, 28, 'attachments', 'isRepresentativeProof', 'update', '0', '0', '2019-07-01 15:52:03'),
(933, 21, 28, 'assessments', NULL, 'create', NULL, NULL, '2019-07-01 15:57:57'),
(934, 28, 28, 'users', NULL, 'Login', NULL, NULL, '2019-07-01 15:58:04'),
(935, 22, 28, 'assessments', NULL, 'create', NULL, NULL, '2019-07-01 15:58:53'),
(936, 117, 28, 'attachments', NULL, 'create', NULL, NULL, '2019-07-01 16:00:03'),
(937, 26, 28, 'requests', NULL, 'create', NULL, NULL, '2019-07-01 16:00:05'),
(938, 21, 28, 'certificate', NULL, 'create', NULL, NULL, '2019-07-01 16:00:05'),
(939, 22, 28, 'certificate', NULL, 'create', NULL, NULL, '2019-07-01 16:00:05'),
(940, 117, 28, 'attachments', 'requestId', 'update', NULL, '26', '2019-07-01 16:00:05'),
(941, 117, 28, 'attachments', 'isRepresentativeProof', 'update', '0', '0', '2019-07-01 16:00:05'),
(942, 26, 26, 'users', NULL, 'Login', NULL, NULL, '2019-07-01 16:03:31'),
(943, 26, 26, 'users', NULL, 'Login', NULL, NULL, '2019-07-01 16:03:34'),
(944, 26, 26, 'users', NULL, 'Login', NULL, NULL, '2019-07-01 16:03:37'),
(945, 26, 26, 'users', NULL, 'Login', NULL, NULL, '2019-07-01 16:27:57'),
(946, 28, 28, 'users', NULL, 'Login', NULL, NULL, '2019-07-01 16:32:38'),
(947, 10, 10, 'users', NULL, 'Login', NULL, NULL, '2019-07-01 16:39:59'),
(948, 26, 10, 'requests', 'statusId', 'update', '1', '2', '2019-07-01 16:40:37'),
(949, 26, 10, 'requests', 'employeeId', 'update', NULL, '5', '2019-07-01 16:40:37'),
(950, 9, 9, 'users', NULL, 'Login', NULL, NULL, '2019-07-01 16:41:05'),
(951, 26, 9, 'requests', 'statusId', 'update', '2', '4', '2019-07-01 16:41:15'),
(952, 26, 9, 'requests', 'openedByEmployeeId', 'update', NULL, '5', '2019-07-01 16:41:15'),
(953, 15, 15, 'users', NULL, 'Login', NULL, NULL, '2019-07-01 16:48:27'),
(954, 11, 11, 'users', NULL, 'Login', NULL, NULL, '2019-07-01 16:49:25'),
(955, 11, 11, 'users', NULL, 'Login', NULL, NULL, '2019-07-01 16:50:26'),
(956, 11, 11, 'users', NULL, 'Login', NULL, NULL, '2019-07-01 16:52:00'),
(957, 26, 9, 'requests', 'statusId', 'update', '4', '3', '2019-07-01 16:52:32'),
(958, 26, 9, 'requests', 'isOriginalsReceived', 'update', '0', '0', '2019-07-01 16:52:32'),
(959, 13, 13, 'users', NULL, 'Login', NULL, NULL, '2019-07-01 16:53:04'),
(960, 11, 11, 'users', NULL, 'Login', NULL, NULL, '2019-07-01 16:53:37'),
(961, 23, 11, 'requests', 'statusId', 'update', '7', '9', '2019-07-01 16:54:19'),
(962, 23, 11, 'requests', 'isChamberMember', 'update', '0', '1', '2019-07-01 16:54:19'),
(963, 23, 11, 'requests', 'isSubscriptionFeesPaid', 'update', '0', '1', '2019-07-01 16:54:19'),
(964, 23, 11, 'requests', 'statusId', 'update', '9', '12', '2019-07-01 16:54:23'),
(965, 15, 11, 'certificates', 'certificateNumber', 'update', NULL, '3', '2019-07-01 16:54:23'),
(966, 15, 11, 'certificates', 'issueDate', 'update', NULL, '2019-07-01 16:54:23', '2019-07-01 16:54:23'),
(967, 16, 11, 'certificates', 'certificateNumber', 'update', NULL, '3', '2019-07-01 16:54:23'),
(968, 16, 11, 'certificates', 'issueDate', 'update', NULL, '2019-07-01 16:54:23', '2019-07-01 16:54:23'),
(969, 20, 20, 'users', NULL, 'Login', NULL, NULL, '2019-07-01 16:58:27'),
(970, 25, 9, 'requests', 'statusId', 'update', '2', '4', '2019-07-01 17:01:20'),
(971, 25, 9, 'requests', 'openedByEmployeeId', 'update', NULL, '5', '2019-07-01 17:01:20'),
(972, 20, 20, 'users', NULL, 'Login', NULL, NULL, '2019-07-01 17:09:35'),
(973, 1, 1, 'users', NULL, 'Login', NULL, NULL, '2019-07-01 17:18:31'),
(974, 1, 1, 'users', NULL, 'Login', NULL, NULL, '2019-07-01 17:18:35'),
(975, 1, 1, 'users', NULL, 'Login', NULL, NULL, '2019-07-01 17:18:50'),
(976, 1, 1, 'users', NULL, 'Login', NULL, NULL, '2019-07-01 17:19:03'),
(977, 1, 1, 'users', NULL, 'Login', NULL, NULL, '2019-07-01 17:19:45'),
(978, 1, 1, 'users', NULL, 'Login', NULL, NULL, '2019-07-01 17:20:13'),
(979, 1, 1, 'users', NULL, 'Login', NULL, NULL, '2019-07-01 17:20:30'),
(980, 1, 1, 'users', NULL, 'Login', NULL, NULL, '2019-07-01 17:22:07'),
(981, 1, 1, 'users', NULL, 'Login', NULL, NULL, '2019-07-01 17:22:15'),
(982, 26, 26, 'users', NULL, 'Login', NULL, NULL, '2019-07-01 17:22:59'),
(983, 16, 16, 'users', NULL, 'Login', NULL, NULL, '2019-07-01 17:24:47'),
(984, 25, 9, 'requests', 'isOriginalsReceived', 'update', '0', '1', '2019-07-01 17:25:22'),
(985, 25, 9, 'requests', 'statusId', 'update', '4', '6', '2019-07-01 17:25:42'),
(986, 15, 15, 'users', NULL, 'Login', NULL, NULL, '2019-07-01 17:28:06'),
(987, 11, 11, 'users', NULL, 'Login', NULL, NULL, '2019-07-01 17:29:21'),
(988, 28, 28, 'users', NULL, 'Login', NULL, NULL, '2019-07-01 17:30:32'),
(989, 10, 10, 'users', NULL, 'Login', NULL, NULL, '2019-07-01 17:32:08'),
(990, 28, 28, 'users', NULL, 'Login', NULL, NULL, '2019-07-01 17:32:19'),
(991, 25, 10, 'requests', 'statusId', 'update', '6', '3', '2019-07-01 17:42:25'),
(992, 9, 9, 'users', NULL, 'Login', NULL, NULL, '2019-07-01 17:42:41'),
(993, 25, 9, 'requests', 'statusId', 'update', '3', '4', '2019-07-01 17:42:50'),
(994, 25, 9, 'requests', 'statusId', 'update', '4', '6', '2019-07-01 17:43:07'),
(995, 15, 15, 'users', NULL, 'Login', NULL, NULL, '2019-07-01 17:43:32'),
(996, 1, 15, 'applicants', 'governorateId', 'update', '6', '27', '2019-07-01 17:45:11'),
(997, 1, 15, 'applicants', 'cityId', 'update', '31', '215', '2019-07-01 17:45:11'),
(998, 11, 11, 'users', NULL, 'Login', NULL, NULL, '2019-07-01 17:45:38'),
(999, 28, 28, 'users', NULL, 'Login', NULL, NULL, '2019-07-01 17:46:16'),
(1000, 20, 20, 'users', NULL, 'Login', NULL, NULL, '2019-07-01 17:48:30'),
(1001, 1, 1, 'users', NULL, 'Login', NULL, NULL, '2019-07-01 18:00:02'),
(1002, 13, 13, 'users', NULL, 'Login', NULL, NULL, '2019-07-01 18:13:48'),
(1003, 20, 20, 'users', NULL, 'Login', NULL, NULL, '2019-07-01 18:16:40'),
(1004, 1, 1, 'users', NULL, 'Login', NULL, NULL, '2019-07-01 18:17:35'),
(1005, 15, 15, 'users', NULL, 'Login', NULL, NULL, '2019-07-01 18:23:44'),
(1006, 1, 1, 'users', NULL, 'Login', NULL, NULL, '2019-07-01 18:25:12'),
(1007, 23, 15, 'assessments', NULL, 'create', NULL, NULL, '2019-07-01 18:25:15'),
(1008, 1, 1, 'users', NULL, 'Login', NULL, NULL, '2019-07-01 18:25:39'),
(1009, 24, 15, 'assessments', NULL, 'create', NULL, NULL, '2019-07-01 18:30:24'),
(1010, 25, 15, 'assessments', NULL, 'create', NULL, NULL, '2019-07-01 18:31:56'),
(1011, 118, 15, 'attachments', NULL, 'create', NULL, NULL, '2019-07-01 18:34:57'),
(1012, 27, 15, 'requests', NULL, 'create', NULL, NULL, '2019-07-01 18:35:04'),
(1013, 23, 15, 'certificate', NULL, 'create', NULL, NULL, '2019-07-01 18:35:04'),
(1014, 24, 15, 'certificate', NULL, 'create', NULL, NULL, '2019-07-01 18:35:04'),
(1015, 118, 15, 'attachments', 'requestId', 'update', NULL, '27', '2019-07-01 18:35:04'),
(1016, 118, 15, 'attachments', 'isRepresentativeProof', 'update', '0', '0', '2019-07-01 18:35:04'),
(1017, 26, 15, 'assessments', NULL, 'create', NULL, NULL, '2019-07-01 18:38:15'),
(1018, 119, 15, 'attachments', NULL, 'create', NULL, NULL, '2019-07-01 18:39:35'),
(1019, 28, 15, 'requests', NULL, 'create', NULL, NULL, '2019-07-01 18:39:36'),
(1020, 25, 15, 'certificate', NULL, 'create', NULL, NULL, '2019-07-01 18:39:36'),
(1021, 26, 15, 'certificate', NULL, 'create', NULL, NULL, '2019-07-01 18:39:36'),
(1022, 119, 15, 'attachments', 'requestId', 'update', NULL, '28', '2019-07-01 18:39:36'),
(1023, 119, 15, 'attachments', 'isRepresentativeProof', 'update', '0', '0', '2019-07-01 18:39:36'),
(1024, 1, 1, 'users', NULL, 'Login', NULL, NULL, '2019-07-02 09:39:35'),
(1025, 11, 11, 'users', NULL, 'Login', NULL, NULL, '2019-07-02 09:51:14'),
(1026, 22, 11, 'requests', 'statusId', 'update', '7', '9', '2019-07-02 09:56:14'),
(1027, 22, 11, 'requests', 'isChamberMember', 'update', '0', '1', '2019-07-02 09:56:14'),
(1028, 22, 11, 'requests', 'isSubscriptionFeesPaid', 'update', '0', '1', '2019-07-02 09:56:14'),
(1029, 22, 11, 'requests', 'statusId', 'update', '9', '12', '2019-07-02 09:56:18'),
(1030, 13, 11, 'certificates', 'certificateNumber', 'update', NULL, '4', '2019-07-02 09:56:18'),
(1031, 13, 11, 'certificates', 'issueDate', 'update', NULL, '2019-07-02 09:56:18', '2019-07-02 09:56:18'),
(1032, 14, 11, 'certificates', 'certificateNumber', 'update', NULL, '4', '2019-07-02 09:56:18'),
(1033, 14, 11, 'certificates', 'issueDate', 'update', NULL, '2019-07-02 09:56:18', '2019-07-02 09:56:18'),
(1034, 1, 1, 'users', NULL, 'Login', NULL, NULL, '2019-07-02 10:02:18'),
(1035, 1, 1, 'users', NULL, 'Login', NULL, NULL, '2019-07-02 10:03:44'),
(1036, 9, 9, 'users', NULL, 'Login', NULL, NULL, '2019-07-02 10:04:07'),
(1037, 28, 9, 'requests', 'statusId', 'update', '2', '4', '2019-07-02 10:04:14'),
(1038, 28, 9, 'requests', 'openedByEmployeeId', 'update', NULL, '5', '2019-07-02 10:04:14'),
(1039, 28, 9, 'requests', 'statusId', 'update', '4', '3', '2019-07-02 10:09:55'),
(1040, 28, 9, 'requests', 'isOriginalsReceived', 'update', '0', '0', '2019-07-02 10:09:55'),
(1041, 28, 9, 'requests', 'statusId', 'update', '3', '4', '2019-07-02 10:10:11'),
(1042, 28, 9, 'requests', 'statusId', 'update', '4', '3', '2019-07-02 10:11:32'),
(1043, 28, 9, 'requests', 'isOriginalsReceived', 'update', '0', '0', '2019-07-02 10:11:32'),
(1044, 15, 15, 'users', NULL, 'Login', NULL, NULL, '2019-07-02 10:11:44'),
(1045, 28, 9, 'requests', 'statusId', 'update', '3', '4', '2019-07-02 10:13:48'),
(1046, 16, 16, 'users', NULL, 'Login', NULL, NULL, '2019-07-02 10:14:11'),
(1047, 28, 9, 'requests', 'statusId', 'update', '4', '3', '2019-07-02 10:14:15'),
(1048, 28, 9, 'requests', 'isOriginalsReceived', 'update', '0', '0', '2019-07-02 10:14:15'),
(1049, 17, 17, 'users', NULL, 'Login', NULL, NULL, '2019-07-02 10:14:20'),
(1050, 9, 9, 'users', NULL, 'Login', NULL, NULL, '2019-07-02 10:15:24'),
(1051, 1, 1, 'users', NULL, 'Login', NULL, NULL, '2019-07-02 10:15:25'),
(1052, 28, 9, 'requests', 'statusId', 'update', '3', '4', '2019-07-02 10:15:39'),
(1053, 9, 9, 'users', NULL, 'Login', NULL, NULL, '2019-07-02 10:15:45'),
(1054, 16, 16, 'users', NULL, 'Login', NULL, NULL, '2019-07-02 10:16:03'),
(1055, 36, 36, 'users', NULL, 'Login', NULL, NULL, '2019-07-02 10:16:28'),
(1056, 27, 36, 'requests', 'statusId', 'update', '2', '4', '2019-07-02 10:16:54'),
(1057, 27, 36, 'requests', 'openedByEmployeeId', 'update', NULL, '18', '2019-07-02 10:16:54'),
(1058, 27, 36, 'requests', 'isOriginalsReceived', 'update', '0', '1', '2019-07-02 10:16:59'),
(1059, 28, 9, 'requests', 'statusId', 'update', '4', '3', '2019-07-02 10:18:06'),
(1060, 28, 9, 'requests', 'isOriginalsReceived', 'update', '0', '0', '2019-07-02 10:18:06'),
(1061, 28, 9, 'requests', 'statusId', 'update', '3', '4', '2019-07-02 10:25:26'),
(1062, 28, 9, 'requests', 'statusId', 'update', '4', '3', '2019-07-02 10:25:43'),
(1063, 28, 9, 'requests', 'isOriginalsReceived', 'update', '0', '0', '2019-07-02 10:25:43'),
(1064, 28, 9, 'requests', 'statusId', 'update', '3', '4', '2019-07-02 10:25:55'),
(1065, 28, 9, 'requests', 'statusId', 'update', '4', '3', '2019-07-02 10:26:03'),
(1066, 28, 9, 'requests', 'isOriginalsReceived', 'update', '0', '0', '2019-07-02 10:26:03'),
(1067, 28, 9, 'requests', 'statusId', 'update', '3', '4', '2019-07-02 10:26:17'),
(1068, 27, 36, 'requests', 'statusId', 'update', '4', '3', '2019-07-02 10:35:32'),
(1069, 27, 36, 'requests', 'isOriginalsReceived', 'update', '1', '1', '2019-07-02 10:35:32'),
(1070, 28, 9, 'requests', 'statusId', 'update', '4', '3', '2019-07-02 10:35:35'),
(1071, 28, 9, 'requests', 'isOriginalsReceived', 'update', '0', '0', '2019-07-02 10:35:35'),
(1072, 28, 9, 'requests', 'statusId', 'update', '3', '4', '2019-07-02 10:35:56'),
(1073, 28, 9, 'requests', 'statusId', 'update', '4', '3', '2019-07-02 10:36:07'),
(1074, 28, 9, 'requests', 'isOriginalsReceived', 'update', '0', '0', '2019-07-02 10:36:07'),
(1075, 28, 9, 'requests', 'statusId', 'update', '3', '4', '2019-07-02 10:37:29'),
(1076, 28, 9, 'requests', 'statusId', 'update', '4', '3', '2019-07-02 10:37:46'),
(1077, 28, 9, 'requests', 'isOriginalsReceived', 'update', '0', '0', '2019-07-02 10:37:46'),
(1078, 28, 9, 'requests', 'statusId', 'update', '3', '4', '2019-07-02 10:38:03'),
(1079, 28, 9, 'requests', 'statusId', 'update', '4', '3', '2019-07-02 10:38:21'),
(1080, 28, 9, 'requests', 'isOriginalsReceived', 'update', '0', '0', '2019-07-02 10:38:21'),
(1081, 27, 36, 'requests', 'statusId', 'update', '3', '4', '2019-07-02 10:38:32'),
(1082, 28, 9, 'requests', 'statusId', 'update', '3', '4', '2019-07-02 10:39:22'),
(1083, 28, 9, 'requests', 'statusId', 'update', '4', '3', '2019-07-02 10:39:40'),
(1084, 28, 9, 'requests', 'isOriginalsReceived', 'update', '0', '0', '2019-07-02 10:39:40'),
(1085, 28, 9, 'requests', 'statusId', 'update', '3', '4', '2019-07-02 10:42:38'),
(1086, 28, 9, 'requests', 'statusId', 'update', '4', '3', '2019-07-02 10:42:50'),
(1087, 28, 9, 'requests', 'isOriginalsReceived', 'update', '0', '0', '2019-07-02 10:42:50'),
(1088, 28, 9, 'requests', 'statusId', 'update', '3', '4', '2019-07-02 10:42:56'),
(1089, 28, 9, 'requests', 'statusId', 'update', '4', '3', '2019-07-02 10:43:06'),
(1090, 28, 9, 'requests', 'isOriginalsReceived', 'update', '0', '0', '2019-07-02 10:43:06'),
(1091, 28, 9, 'requests', 'statusId', 'update', '3', '4', '2019-07-02 10:43:27'),
(1092, 28, 9, 'requests', 'statusId', 'update', '4', '3', '2019-07-02 10:43:44'),
(1093, 28, 9, 'requests', 'isOriginalsReceived', 'update', '0', '0', '2019-07-02 10:43:44'),
(1094, 28, 9, 'requests', 'statusId', 'update', '3', '4', '2019-07-02 10:47:01'),
(1095, 28, 9, 'requests', 'statusId', 'update', '4', '3', '2019-07-02 10:47:26'),
(1096, 28, 9, 'requests', 'isOriginalsReceived', 'update', '0', '0', '2019-07-02 10:47:26'),
(1097, 28, 9, 'requests', 'statusId', 'update', '3', '4', '2019-07-02 10:53:53'),
(1098, 28, 9, 'requests', 'statusId', 'update', '4', '3', '2019-07-02 10:54:58'),
(1099, 28, 9, 'requests', 'isOriginalsReceived', 'update', '0', '0', '2019-07-02 10:54:58'),
(1100, 28, 9, 'requests', 'statusId', 'update', '3', '4', '2019-07-02 11:01:00'),
(1101, 28, 9, 'requests', 'statusId', 'update', '4', '3', '2019-07-02 11:01:17'),
(1102, 28, 9, 'requests', 'isOriginalsReceived', 'update', '0', '0', '2019-07-02 11:01:17'),
(1103, 28, 9, 'requests', 'statusId', 'update', '3', '4', '2019-07-02 11:02:29'),
(1104, 28, 9, 'requests', 'statusId', 'update', '4', '3', '2019-07-02 11:02:46'),
(1105, 28, 9, 'requests', 'isOriginalsReceived', 'update', '0', '0', '2019-07-02 11:02:46'),
(1106, 28, 9, 'requests', 'statusId', 'update', '3', '4', '2019-07-02 11:03:18'),
(1107, 28, 9, 'requests', 'statusId', 'update', '4', '3', '2019-07-02 11:03:27'),
(1108, 28, 9, 'requests', 'isOriginalsReceived', 'update', '0', '0', '2019-07-02 11:03:27'),
(1109, 28, 9, 'requests', 'statusId', 'update', '3', '4', '2019-07-02 11:03:32'),
(1110, 28, 9, 'requests', 'statusId', 'update', '4', '3', '2019-07-02 11:03:49'),
(1111, 28, 9, 'requests', 'isOriginalsReceived', 'update', '0', '0', '2019-07-02 11:03:49'),
(1112, 20, 20, 'users', NULL, 'Login', NULL, NULL, '2019-07-02 11:07:25'),
(1113, 120, 20, 'attachments', NULL, 'create', NULL, NULL, '2019-07-02 11:08:46'),
(1114, 29, 20, 'requests', NULL, 'create', NULL, NULL, '2019-07-02 11:09:45'),
(1115, 27, 20, 'certificate', NULL, 'create', NULL, NULL, '2019-07-02 11:09:45'),
(1116, 28, 20, 'certificate', NULL, 'create', NULL, NULL, '2019-07-02 11:09:45'),
(1117, 120, 20, 'attachments', 'requestId', 'update', NULL, '29', '2019-07-02 11:09:45'),
(1118, 120, 20, 'attachments', 'isRepresentativeProof', 'update', '0', '0', '2019-07-02 11:09:45'),
(1119, 32, 32, 'users', NULL, 'Login', NULL, NULL, '2019-07-02 11:10:53'),
(1120, 16, 16, 'users', NULL, 'Login', NULL, NULL, '2019-07-02 11:11:14'),
(1121, 25, 25, 'users', NULL, 'Login', NULL, NULL, '2019-07-02 11:13:20'),
(1122, 17, 17, 'users', NULL, 'Login', NULL, NULL, '2019-07-02 11:13:30'),
(1123, 16, 16, 'users', NULL, 'Login', NULL, NULL, '2019-07-02 11:16:47'),
(1124, 12, 12, 'users', NULL, 'Login', NULL, NULL, '2019-07-02 11:20:17'),
(1125, 28, 28, 'users', NULL, 'Login', NULL, NULL, '2019-07-02 11:29:24'),
(1126, 9, 9, 'users', NULL, 'Login', NULL, NULL, '2019-07-02 12:02:27'),
(1127, 1, 1, 'users', NULL, 'Login', NULL, NULL, '2019-07-02 12:13:23'),
(1128, 28, 28, 'users', NULL, 'Login', NULL, NULL, '2019-07-02 12:35:51'),
(1129, 9, 9, 'users', NULL, 'Login', NULL, NULL, '2019-07-02 12:40:07'),
(1130, 27, 28, 'assessments', NULL, 'create', NULL, NULL, '2019-07-02 12:44:53'),
(1131, 9, 9, 'users', NULL, 'Login', NULL, NULL, '2019-07-02 13:00:05'),
(1132, 9, 9, 'users', NULL, 'Login', NULL, NULL, '2019-07-02 13:09:42'),
(1133, 9, 9, 'users', NULL, 'Login', NULL, NULL, '2019-07-02 14:06:39'),
(1134, 18, 9, 'requests', 'statusId', 'update', '3', '4', '2019-07-02 14:07:34'),
(1135, 11, 11, 'users', NULL, 'Login', NULL, NULL, '2019-07-02 14:08:51'),
(1136, 25, 11, 'requests', 'statusId', 'update', '7', '9', '2019-07-02 14:08:58'),
(1137, 25, 11, 'requests', 'isChamberMember', 'update', '0', '1', '2019-07-02 14:08:58'),
(1138, 25, 11, 'requests', 'isSubscriptionFeesPaid', 'update', '0', '1', '2019-07-02 14:08:58'),
(1139, 25, 11, 'requests', 'statusId', 'update', '9', '12', '2019-07-02 14:09:00'),
(1140, 19, 11, 'certificates', 'certificateNumber', 'update', NULL, '5', '2019-07-02 14:09:00'),
(1141, 19, 11, 'certificates', 'issueDate', 'update', NULL, '2019-07-02 14:09:00', '2019-07-02 14:09:00'),
(1142, 20, 11, 'certificates', 'certificateNumber', 'update', NULL, '5', '2019-07-02 14:09:00'),
(1143, 20, 11, 'certificates', 'issueDate', 'update', NULL, '2019-07-02 14:09:00', '2019-07-02 14:09:00'),
(1144, 1, 1, 'users', NULL, 'Login', NULL, NULL, '2019-07-02 14:12:06'),
(1145, 11, 11, 'users', NULL, 'Login', NULL, NULL, '2019-07-02 14:20:36'),
(1146, 9, 9, 'users', NULL, 'Login', NULL, NULL, '2019-07-02 14:34:28'),
(1147, 11, 11, 'users', NULL, 'Login', NULL, NULL, '2019-07-02 14:45:57'),
(1148, 11, 11, 'users', NULL, 'Login', NULL, NULL, '2019-07-02 14:52:41'),
(1149, 9, 9, 'users', NULL, 'Login', NULL, NULL, '2019-07-02 15:17:57'),
(1150, 121, 28, 'attachments', NULL, 'create', NULL, NULL, '2019-07-03 10:30:59'),
(1151, 30, 28, 'requests', NULL, 'create', NULL, NULL, '2019-07-03 10:31:11'),
(1152, 29, 28, 'certificate', NULL, 'create', NULL, NULL, '2019-07-03 10:31:11'),
(1153, 30, 28, 'certificate', NULL, 'create', NULL, NULL, '2019-07-03 10:31:11'),
(1154, 121, 28, 'attachments', 'requestId', 'update', NULL, '30', '2019-07-03 10:31:11'),
(1155, 121, 28, 'attachments', 'isRepresentativeProof', 'update', '0', '0', '2019-07-03 10:31:11'),
(1156, 1, 1, 'users', NULL, 'Login', NULL, NULL, '2019-07-03 10:35:08'),
(1157, 9, 9, 'users', NULL, 'Login', NULL, NULL, '2019-07-03 12:28:06'),
(1158, 9, 9, 'users', NULL, 'Login', NULL, NULL, '2019-07-03 12:43:30'),
(1159, 11, 11, 'users', NULL, 'Login', NULL, NULL, '2019-07-03 12:43:41'),
(1160, 39, 1, 'users', NULL, 'create', NULL, NULL, '2019-07-03 12:47:27'),
(1161, 1, 1, 'users', NULL, 'Login', NULL, NULL, '2019-07-03 12:47:34'),
(1162, 20, 11, 'assessments', 'chamberId', 'update', '6', '1', '2019-07-03 12:47:53'),
(1163, 28, 28, 'users', NULL, 'Login', NULL, NULL, '2019-07-03 12:48:22'),
(1164, 10, 10, 'users', NULL, 'Login', NULL, NULL, '2019-07-03 12:49:03'),
(1165, 39, 39, 'users', NULL, 'Login', NULL, NULL, '2019-07-03 12:50:16'),
(1166, 1, 1, 'users', NULL, 'Login', NULL, NULL, '2019-07-03 12:50:35'),
(1167, 1, 1, 'users', NULL, 'Login', NULL, NULL, '2019-07-03 12:50:39'),
(1168, 1, 1, 'users', NULL, 'Login', NULL, NULL, '2019-07-03 12:50:52'),
(1169, 11, 11, 'users', NULL, 'Login', NULL, NULL, '2019-07-03 14:07:50'),
(1170, 1, 1, 'users', NULL, 'Login', NULL, NULL, '2019-07-03 15:06:57'),
(1171, 3, 1, 'sections', NULL, 'create', NULL, NULL, '2019-07-03 15:30:20'),
(1172, 3, 1, 'sections', NULL, 'delete', NULL, NULL, '2019-07-03 15:30:31'),
(1173, 11, 11, 'users', NULL, 'Login', NULL, NULL, '2019-07-03 16:02:06'),
(1174, 40, 1, 'users', NULL, 'create', NULL, NULL, '2019-07-03 16:18:26'),
(1175, 16, 16, 'users', NULL, 'Login', NULL, NULL, '2019-07-03 16:28:38'),
(1176, 25, 16, 'users', 'isActive', 'update', '1', '0', '2019-07-03 16:29:09'),
(1177, 16, 16, 'users', NULL, 'Login', NULL, NULL, '2019-07-03 16:30:10'),
(1178, 25, 16, 'users', 'isActive', 'update', '0', '1', '2019-07-03 16:30:25'),
(1179, 1, 1, 'users', NULL, 'Login', NULL, NULL, '2019-07-04 09:34:57'),
(1180, 39, 1, 'users', 'isActive', 'update', '0', '1', '2019-07-04 09:35:12'),
(1181, 39, 39, 'users', NULL, 'Login', NULL, NULL, '2019-07-04 09:35:24'),
(1182, 11, 11, 'users', NULL, 'Login', NULL, NULL, '2019-07-04 09:38:52'),
(1183, 30, 39, 'requests', 'statusId', 'update', '2', '4', '2019-07-04 09:42:09'),
(1184, 30, 39, 'requests', 'openedByEmployeeId', 'update', NULL, '21', '2019-07-04 09:42:09'),
(1185, 28, 28, 'users', NULL, 'Login', NULL, NULL, '2019-07-04 09:43:47'),
(1186, 30, 39, 'requests', 'isOriginalsReceived', 'update', '0', '1', '2019-07-04 09:48:33'),
(1187, 30, 39, 'requests', 'statusId', 'update', '4', '6', '2019-07-04 09:49:10'),
(1188, 16, 16, 'users', NULL, 'Login', NULL, NULL, '2019-07-04 09:49:38'),
(1189, 10, 10, 'users', NULL, 'Login', NULL, NULL, '2019-07-04 09:49:45'),
(1190, 11, 11, 'users', NULL, 'Login', NULL, NULL, '2019-07-04 09:49:52'),
(1191, 39, 39, 'users', NULL, 'Login', NULL, NULL, '2019-07-04 10:33:27'),
(1192, 10, 10, 'users', NULL, 'Login', NULL, NULL, '2019-07-04 10:34:25'),
(1193, 11, 11, 'users', NULL, 'Login', NULL, NULL, '2019-07-04 10:35:57'),
(1194, 12, 12, 'users', NULL, 'Login', NULL, NULL, '2019-07-04 10:37:51'),
(1195, 1, 1, 'users', NULL, 'Login', NULL, NULL, '2019-07-04 10:38:12'),
(1196, 12, 12, 'users', NULL, 'Login', NULL, NULL, '2019-07-04 10:39:06'),
(1197, 16, 16, 'users', NULL, 'Login', NULL, NULL, '2019-07-04 10:39:10'),
(1198, 30, 12, 'requests', 'isSubscriptionFeesPaid', 'update', '0', '1', '2019-07-04 10:39:17'),
(1199, 11, 11, 'users', NULL, 'Login', NULL, NULL, '2019-07-04 10:39:49'),
(1200, 30, 11, 'requests', 'statusId', 'update', '7', '9', '2019-07-04 10:42:07'),
(1201, 30, 11, 'requests', 'isChamberMember', 'update', '0', '1', '2019-07-04 10:42:07'),
(1202, 30, 11, 'requests', 'isSubscriptionFeesPaid', 'update', '1', '1', '2019-07-04 10:42:07'),
(1203, 30, 11, 'requests', 'statusId', 'update', '9', '12', '2019-07-04 10:42:11'),
(1204, 29, 11, 'certificates', 'certificateNumber', 'update', NULL, '6', '2019-07-04 10:42:11'),
(1205, 29, 11, 'certificates', 'issueDate', 'update', NULL, '2019-07-04 10:42:11', '2019-07-04 10:42:11'),
(1206, 30, 11, 'certificates', 'certificateNumber', 'update', NULL, '6', '2019-07-04 10:42:11'),
(1207, 30, 11, 'certificates', 'issueDate', 'update', NULL, '2019-07-04 10:42:11', '2019-07-04 10:42:11'),
(1208, 14, 14, 'users', NULL, 'Login', NULL, NULL, '2019-07-04 10:49:46'),
(1209, 16, 16, 'users', NULL, 'Login', NULL, NULL, '2019-07-04 11:19:54'),
(1210, 16, 16, 'users', NULL, 'Login', NULL, NULL, '2019-07-04 11:47:29'),
(1211, 1, 16, 'users', 'name', 'update', ' Admin', ' Admin admin ', '2019-07-04 11:48:03'),
(1212, 41, 16, 'users', NULL, 'create', NULL, NULL, '2019-07-04 11:58:27'),
(1213, 42, 16, 'users', NULL, 'create', NULL, NULL, '2019-07-04 11:58:43'),
(1214, 43, 16, 'users', NULL, 'create', NULL, NULL, '2019-07-04 11:58:51'),
(1215, 44, 16, 'users', NULL, 'create', NULL, NULL, '2019-07-04 11:59:48'),
(1216, 16, 16, 'users', NULL, 'Login', NULL, NULL, '2019-07-04 12:01:39'),
(1217, 16, 16, 'users', NULL, 'Login', NULL, NULL, '2019-07-04 12:02:46'),
(1218, 16, 16, 'users', NULL, 'Login', NULL, NULL, '2019-07-04 12:03:56'),
(1219, 12, 16, 'chambers', NULL, 'create', NULL, NULL, '2019-07-04 12:04:16');
INSERT INTO `log` (`id`, `RecordId`, `createdByUserId`, `TableName`, `Column`, `Action`, `oldValue`, `newValue`, `createdAt`) VALUES
(1220, 11, 16, 'chambers', 'nameAr', 'update', 'Arabic', 'عربي', '2019-07-04 12:04:55'),
(1221, 16, 16, 'users', NULL, 'Login', NULL, NULL, '2019-07-04 12:06:53'),
(1222, 45, 16, 'users', NULL, 'create', NULL, NULL, '2019-07-04 12:09:41'),
(1223, 16, 16, 'users', NULL, 'Login', NULL, NULL, '2019-07-04 12:11:01'),
(1224, 26, 26, 'users', NULL, 'Login', NULL, NULL, '2019-07-04 12:35:17'),
(1225, 28, 26, 'assessments', NULL, 'create', NULL, NULL, '2019-07-04 12:36:58'),
(1226, 9, 9, 'users', NULL, 'Login', NULL, NULL, '2019-07-04 12:37:05'),
(1227, 5, 26, 'applicants', 'insuredWorkersCount', 'update', '123', '1235', '2019-07-04 12:40:48'),
(1228, 5, 26, 'applicants', 'fax', 'update', '123', '1235', '2019-07-04 12:41:36'),
(1229, 32, 32, 'users', NULL, 'Login', NULL, NULL, '2019-07-04 12:44:31'),
(1230, 32, 32, 'users', 'resetPasswordCode', 'reset', NULL, NULL, '2019-07-04 12:45:10'),
(1231, 32, 32, 'users', 'password', 'reset', NULL, NULL, '2019-07-04 12:46:06'),
(1232, 32, 32, 'users', NULL, 'Login', NULL, NULL, '2019-07-04 12:46:29'),
(1233, 1, 1, 'users', NULL, 'Login', NULL, NULL, '2019-07-04 12:47:22'),
(1234, 1, 1, 'users', NULL, 'Login', NULL, NULL, '2019-07-04 12:50:27'),
(1235, 13, 1, 'chambers', NULL, 'create', NULL, NULL, '2019-07-04 13:00:37'),
(1236, 13, 1, 'chambers', NULL, 'delete', NULL, NULL, '2019-07-04 13:00:44'),
(1237, 9, 1, 'sectors', NULL, 'create', NULL, NULL, '2019-07-04 13:03:04'),
(1238, 9, 1, 'sectors', NULL, 'delete', NULL, NULL, '2019-07-04 13:04:05'),
(1239, 1, 1, 'users', NULL, 'Login', NULL, NULL, '2019-07-04 13:17:49'),
(1240, 1, 1, 'users', NULL, 'Login', NULL, NULL, '2019-07-04 13:26:26'),
(1241, 1, 1, 'sectors', 'nameAr', 'update', ' الإدارة الغذائية', ' الإدارة الغذائية.', '2019-07-04 13:27:19'),
(1242, 15, 15, 'users', NULL, 'Login', NULL, NULL, '2019-07-04 15:47:21'),
(1243, 29, 15, 'assessments', NULL, 'create', NULL, NULL, '2019-07-04 16:16:02'),
(1244, 15, 15, 'users', NULL, 'Login', NULL, NULL, '2019-07-04 16:16:09'),
(1245, 11, 11, 'users', NULL, 'Login', NULL, NULL, '2019-07-04 16:33:40'),
(1246, 15, 15, 'users', NULL, 'Login', NULL, NULL, '2019-07-04 16:43:13'),
(1247, 30, 15, 'assessments', NULL, 'create', NULL, NULL, '2019-07-04 16:43:29'),
(1248, 26, 26, 'users', NULL, 'Login', NULL, NULL, '2019-07-04 16:43:34'),
(1249, 9, 9, 'users', NULL, 'Login', NULL, NULL, '2019-07-04 17:01:32'),
(1250, 10, 10, 'users', NULL, 'Login', NULL, NULL, '2019-07-04 17:29:36'),
(1251, 1, 1, 'users', NULL, 'Login', NULL, NULL, '2019-07-04 17:50:33'),
(1252, 10, 10, 'users', NULL, 'Login', NULL, NULL, '2019-07-04 17:51:56'),
(1253, 1, 1, 'users', NULL, 'Login', NULL, NULL, '2019-07-04 17:54:38'),
(1254, 14, 1, 'chambers', NULL, 'create', NULL, NULL, '2019-07-04 18:13:37'),
(1255, 4, 1, 'sections', NULL, 'create', NULL, NULL, '2019-07-04 18:32:40'),
(1256, 4, 1, 'sections', NULL, 'delete', NULL, NULL, '2019-07-04 18:48:57'),
(1257, 15, 15, 'users', NULL, 'Login', NULL, NULL, '2019-07-05 01:00:55'),
(1258, 15, 15, 'users', NULL, 'Login', NULL, NULL, '2019-07-05 01:00:55'),
(1259, 15, 15, 'users', NULL, 'Login', NULL, NULL, '2019-07-05 14:27:04'),
(1260, 9, 9, 'users', NULL, 'Login', NULL, NULL, '2019-07-05 14:27:23'),
(1261, 29, 9, 'requests', 'statusId', 'update', '2', '4', '2019-07-05 14:27:58'),
(1262, 29, 9, 'requests', 'openedByEmployeeId', 'update', NULL, '5', '2019-07-05 14:27:58'),
(1263, 29, 9, 'requests', 'statusId', 'update', '4', '5', '2019-07-05 14:28:32'),
(1264, 15, 15, 'users', NULL, 'Login', NULL, NULL, '2019-07-05 14:28:40'),
(1265, 122, 15, 'attachments', NULL, 'create', NULL, NULL, '2019-07-05 14:30:47'),
(1266, 123, 15, 'attachments', NULL, 'create', NULL, NULL, '2019-07-05 14:30:47'),
(1267, 124, 15, 'attachments', NULL, 'create', NULL, NULL, '2019-07-05 14:30:47'),
(1268, 31, 15, 'requests', NULL, 'create', NULL, NULL, '2019-07-05 14:30:49'),
(1269, 31, 15, 'certificate', NULL, 'create', NULL, NULL, '2019-07-05 14:30:49'),
(1270, 32, 15, 'certificate', NULL, 'create', NULL, NULL, '2019-07-05 14:30:49'),
(1271, 124, 15, 'attachments', 'requestId', 'update', NULL, '31', '2019-07-05 14:30:49'),
(1272, 124, 15, 'attachments', 'isRepresentativeProof', 'update', '0', '0', '2019-07-05 14:30:49'),
(1273, 123, 15, 'attachments', 'requestId', 'update', NULL, '31', '2019-07-05 14:30:49'),
(1274, 123, 15, 'attachments', 'isRepresentativeProof', 'update', '0', '0', '2019-07-05 14:30:49'),
(1275, 122, 15, 'attachments', 'requestId', 'update', NULL, '31', '2019-07-05 14:30:49'),
(1276, 122, 15, 'attachments', 'isRepresentativeProof', 'update', '0', '0', '2019-07-05 14:30:49'),
(1277, 10, 10, 'users', NULL, 'Login', NULL, NULL, '2019-07-05 14:30:57'),
(1278, 31, 10, 'requests', 'statusId', 'update', '1', '2', '2019-07-05 14:32:19'),
(1279, 31, 10, 'requests', 'employeeId', 'update', NULL, '5', '2019-07-05 14:32:19'),
(1280, 9, 9, 'users', NULL, 'Login', NULL, NULL, '2019-07-05 14:32:28'),
(1281, 31, 9, 'requests', 'statusId', 'update', '2', '4', '2019-07-05 14:32:34'),
(1282, 31, 9, 'requests', 'openedByEmployeeId', 'update', NULL, '5', '2019-07-05 14:32:34'),
(1283, 31, 9, 'requests', 'statusId', 'update', '4', '5', '2019-07-05 14:32:46'),
(1284, 15, 15, 'users', NULL, 'Login', NULL, NULL, '2019-07-05 14:33:00'),
(1285, 125, 15, 'attachments', NULL, 'create', NULL, NULL, '2019-07-05 14:37:02'),
(1286, 126, 15, 'attachments', NULL, 'create', NULL, NULL, '2019-07-05 14:37:02'),
(1287, 32, 15, 'requests', NULL, 'create', NULL, NULL, '2019-07-05 14:37:21'),
(1288, 33, 15, 'certificate', NULL, 'create', NULL, NULL, '2019-07-05 14:37:21'),
(1289, 34, 15, 'certificate', NULL, 'create', NULL, NULL, '2019-07-05 14:37:21'),
(1290, 126, 15, 'attachments', 'requestId', 'update', NULL, '32', '2019-07-05 14:37:21'),
(1291, 126, 15, 'attachments', 'isRepresentativeProof', 'update', '0', '0', '2019-07-05 14:37:21'),
(1292, 125, 15, 'attachments', 'requestId', 'update', NULL, '32', '2019-07-05 14:37:21'),
(1293, 125, 15, 'attachments', 'isRepresentativeProof', 'update', '0', '0', '2019-07-05 14:37:21'),
(1294, 127, 15, 'attachments', NULL, 'create', NULL, NULL, '2019-07-05 14:37:58'),
(1295, 15, 15, 'users', NULL, 'Login', NULL, NULL, '2019-07-05 14:38:28'),
(1296, 1, 1, 'users', NULL, 'Login', NULL, NULL, '2019-07-05 14:39:03'),
(1297, 9, 9, 'users', NULL, 'Login', NULL, NULL, '2019-07-05 14:39:10'),
(1298, 10, 10, 'users', NULL, 'Login', NULL, NULL, '2019-07-05 14:39:22'),
(1299, 32, 10, 'requests', 'statusId', 'update', '1', '2', '2019-07-05 14:39:36'),
(1300, 32, 10, 'requests', 'employeeId', 'update', NULL, '5', '2019-07-05 14:39:36'),
(1301, 32, 9, 'requests', 'statusId', 'update', '2', '4', '2019-07-05 14:39:56'),
(1302, 32, 9, 'requests', 'openedByEmployeeId', 'update', NULL, '5', '2019-07-05 14:39:56'),
(1303, 32, 9, 'requests', 'isOriginalsReceived', 'update', '0', '1', '2019-07-05 14:40:05'),
(1304, 32, 9, 'requests', 'statusId', 'update', '4', '5', '2019-07-05 14:40:09'),
(1305, 1, 1, 'users', NULL, 'Login', NULL, NULL, '2019-07-05 14:41:38'),
(1306, 1, 1, 'users', NULL, 'Login', NULL, NULL, '2019-07-05 14:45:59'),
(1307, 1, 1, 'users', NULL, 'Login', NULL, NULL, '2019-07-05 15:35:09'),
(1308, 1, 1, 'users', NULL, 'Login', NULL, NULL, '2019-07-05 16:03:37'),
(1309, 9, 9, 'users', NULL, 'Login', NULL, NULL, '2019-07-05 16:52:37'),
(1310, 9, 9, 'users', NULL, 'Login', NULL, NULL, '2019-07-05 17:01:01'),
(1311, 1, 1, 'users', NULL, 'Login', NULL, NULL, '2019-07-05 17:56:28'),
(1312, 1, 1, 'users', NULL, 'Login', NULL, NULL, '2019-07-05 19:05:42'),
(1313, 1, 1, 'users', NULL, 'Login', NULL, NULL, '2019-07-05 20:57:21'),
(1314, 9, 9, 'users', NULL, 'Login', NULL, NULL, '2019-07-05 21:02:05'),
(1315, 46, 46, 'users', NULL, 'register', NULL, NULL, '2019-07-07 10:34:38'),
(1316, 31, 46, 'assessments', NULL, 'create', NULL, NULL, '2019-07-07 10:35:09'),
(1317, 1, 1, 'users', NULL, 'Login', NULL, NULL, '2019-07-07 11:01:00'),
(1318, 10, 1, 'sectors', NULL, 'create', NULL, NULL, '2019-07-07 11:19:01'),
(1319, 10, 1, 'sectors', NULL, 'delete', NULL, NULL, '2019-07-07 11:33:16'),
(1320, 9, 9, 'users', NULL, 'Login', NULL, NULL, '2019-07-07 15:13:02'),
(1321, 1, 1, 'users', NULL, 'Login', NULL, NULL, '2019-07-07 15:22:45'),
(1322, 9, 9, 'users', NULL, 'Login', NULL, NULL, '2019-07-07 15:24:17'),
(1323, 1, 1, 'users', NULL, 'Login', NULL, NULL, '2019-07-07 15:37:50'),
(1324, 9, 9, 'users', NULL, 'Login', NULL, NULL, '2019-07-07 16:14:37'),
(1325, 1, 1, 'users', NULL, 'Login', NULL, NULL, '2019-07-07 16:17:22'),
(1326, 9, 9, 'users', NULL, 'Login', NULL, NULL, '2019-07-07 17:05:01'),
(1327, 1, 1, 'users', NULL, 'Login', NULL, NULL, '2019-07-07 17:24:30'),
(1328, 28, 28, 'users', NULL, 'Login', NULL, NULL, '2019-07-09 09:56:51'),
(1329, 1, 1, 'users', NULL, 'Login', NULL, NULL, '2019-07-09 10:03:47'),
(1330, 1, 1, 'settings', 'exportFundPercentage', 'update', '40', '50', '2019-07-09 10:04:08'),
(1331, 28, 28, 'users', NULL, 'Login', NULL, NULL, '2019-07-09 10:04:49'),
(1332, 1, 1, 'users', NULL, 'Login', NULL, NULL, '2019-07-09 11:49:47'),
(1333, 15, 15, 'users', NULL, 'Login', NULL, NULL, '2019-07-09 12:42:23'),
(1334, 1, 1, 'users', NULL, 'Login', NULL, NULL, '2019-07-13 11:31:52'),
(1335, 9, 9, 'users', NULL, 'Login', NULL, NULL, '2019-07-13 15:00:08'),
(1336, 1, 1, 'users', NULL, 'Login', NULL, NULL, '2019-07-14 10:56:55'),
(1337, 10, 10, 'users', NULL, 'Login', NULL, NULL, '2019-07-14 11:25:47'),
(1338, 1, 1, 'users', NULL, 'Login', NULL, NULL, '2019-07-14 11:28:16'),
(1339, 11, 1, 'users', 'isActive', 'update', '1', '0', '2019-07-14 11:28:39'),
(1340, 11, 1, 'users', 'isActive', 'update', '0', '1', '2019-07-14 11:29:18'),
(1341, 28, 28, 'users', NULL, 'Login', NULL, NULL, '2019-07-14 11:34:41'),
(1342, 1, 1, 'users', NULL, 'Login', NULL, NULL, '2019-07-14 11:45:08'),
(1343, 11, 11, 'users', NULL, 'Login', NULL, NULL, '2019-07-14 12:08:06'),
(1344, 32, 28, 'assessments', NULL, 'create', NULL, NULL, '2019-07-14 12:25:41'),
(1345, 28, 28, 'users', NULL, 'Login', NULL, NULL, '2019-07-14 12:25:47'),
(1346, 28, 28, 'users', NULL, 'Login', NULL, NULL, '2019-07-14 12:31:31'),
(1347, 28, 28, 'users', NULL, 'Login', NULL, NULL, '2019-07-14 12:31:59'),
(1348, 28, 28, 'users', NULL, 'Login', NULL, NULL, '2019-07-14 12:35:33'),
(1349, 28, 28, 'users', NULL, 'Login', NULL, NULL, '2019-07-14 12:41:21'),
(1350, 1, 1, 'users', NULL, 'Login', NULL, NULL, '2019-07-14 14:12:45'),
(1351, 1, 1, 'users', NULL, 'Login', NULL, NULL, '2019-07-14 14:22:01'),
(1352, 28, 28, 'users', NULL, 'Login', NULL, NULL, '2019-07-14 14:22:55'),
(1353, 28, 28, 'users', NULL, 'Login', NULL, NULL, '2019-07-14 14:23:15'),
(1354, 28, 28, 'users', NULL, 'Login', NULL, NULL, '2019-07-14 14:23:45'),
(1355, 28, 28, 'users', NULL, 'Login', NULL, NULL, '2019-07-14 14:28:36'),
(1356, 1, 1, 'users', NULL, 'Login', NULL, NULL, '2019-07-14 14:28:52'),
(1357, 28, 28, 'users', NULL, 'Login', NULL, NULL, '2019-07-14 14:29:01'),
(1358, 1, 1, 'users', NULL, 'Login', NULL, NULL, '2019-07-14 14:30:40'),
(1359, 28, 28, 'users', NULL, 'Login', NULL, NULL, '2019-07-14 14:30:52'),
(1360, 1, 1, 'users', NULL, 'Login', NULL, NULL, '2019-07-14 14:58:08'),
(1361, 11, 11, 'users', NULL, 'Login', NULL, NULL, '2019-07-14 14:58:31'),
(1362, 1, 1, 'users', NULL, 'Login', NULL, NULL, '2019-07-14 14:59:37'),
(1363, 1, 1, 'users', NULL, 'Login', NULL, NULL, '2019-07-14 15:03:58'),
(1364, 1, 1, 'users', NULL, 'Login', NULL, NULL, '2019-07-14 15:12:55'),
(1365, 11, 1, 'sectors', NULL, 'create', NULL, NULL, '2019-07-14 15:13:22'),
(1366, 16, 16, 'users', NULL, 'Login', NULL, NULL, '2019-07-14 15:14:23'),
(1367, 28, 28, 'users', NULL, 'Login', NULL, NULL, '2019-07-14 15:18:40'),
(1368, 128, 28, 'attachments', NULL, 'create', NULL, NULL, '2019-07-14 15:21:55'),
(1369, 129, 28, 'attachments', NULL, 'create', NULL, NULL, '2019-07-14 15:21:55'),
(1370, 130, 28, 'attachments', NULL, 'create', NULL, NULL, '2019-07-14 15:21:55'),
(1371, 131, 28, 'attachments', NULL, 'create', NULL, NULL, '2019-07-14 15:21:55'),
(1372, 132, 28, 'attachments', NULL, 'create', NULL, NULL, '2019-07-14 15:21:55'),
(1373, 33, 28, 'requests', NULL, 'create', NULL, NULL, '2019-07-14 15:22:07'),
(1374, 35, 28, 'certificate', NULL, 'create', NULL, NULL, '2019-07-14 15:22:07'),
(1375, 130, 28, 'attachments', 'requestId', 'update', NULL, '33', '2019-07-14 15:22:07'),
(1376, 130, 28, 'attachments', 'isRepresentativeProof', 'update', '0', '0', '2019-07-14 15:22:07'),
(1377, 129, 28, 'attachments', 'requestId', 'update', NULL, '33', '2019-07-14 15:22:07'),
(1378, 129, 28, 'attachments', 'isRepresentativeProof', 'update', '0', '0', '2019-07-14 15:22:07'),
(1379, 128, 28, 'attachments', 'requestId', 'update', NULL, '33', '2019-07-14 15:22:07'),
(1380, 128, 28, 'attachments', 'isRepresentativeProof', 'update', '0', '0', '2019-07-14 15:22:07'),
(1381, 132, 28, 'attachments', 'requestId', 'update', NULL, '33', '2019-07-14 15:22:07'),
(1382, 132, 28, 'attachments', 'isRepresentativeProof', 'update', '0', '0', '2019-07-14 15:22:07'),
(1383, 131, 28, 'attachments', 'requestId', 'update', NULL, '33', '2019-07-14 15:22:07'),
(1384, 131, 28, 'attachments', 'isRepresentativeProof', 'update', '0', '0', '2019-07-14 15:22:07'),
(1385, 1, 1, 'settings', 'automaticAssignDelay', 'update', '60', '2', '2019-07-14 15:22:24'),
(1386, 10, 10, 'users', NULL, 'Login', NULL, NULL, '2019-07-14 15:27:56'),
(1387, 9, 9, 'users', NULL, 'Login', NULL, NULL, '2019-07-14 15:28:37'),
(1388, 33, 9, 'requests', 'statusId', 'update', '2', '4', '2019-07-14 15:28:46'),
(1389, 33, 9, 'requests', 'openedByEmployeeId', 'update', NULL, '5', '2019-07-14 15:28:46'),
(1390, 33, 9, 'requests', 'statusId', 'update', '4', '5', '2019-07-14 15:29:23'),
(1391, 128, 28, 'attachments', 'requestId', 'update', '33', NULL, '2019-07-14 15:30:22'),
(1392, 128, 28, 'attachments', 'isRepresentativeProof', 'update', '0', '0', '2019-07-14 15:30:22'),
(1393, 129, 28, 'attachments', 'requestId', 'update', '33', NULL, '2019-07-14 15:30:22'),
(1394, 129, 28, 'attachments', 'isRepresentativeProof', 'update', '0', '0', '2019-07-14 15:30:22'),
(1395, 130, 28, 'attachments', 'requestId', 'update', '33', NULL, '2019-07-14 15:30:22'),
(1396, 130, 28, 'attachments', 'isRepresentativeProof', 'update', '0', '0', '2019-07-14 15:30:22'),
(1397, 131, 28, 'attachments', 'requestId', 'update', '33', NULL, '2019-07-14 15:30:22'),
(1398, 131, 28, 'attachments', 'isRepresentativeProof', 'update', '0', '0', '2019-07-14 15:30:22'),
(1399, 132, 28, 'attachments', 'requestId', 'update', '33', NULL, '2019-07-14 15:30:22'),
(1400, 132, 28, 'attachments', 'isRepresentativeProof', 'update', '0', '0', '2019-07-14 15:30:22'),
(1401, 128, 28, 'attachments', 'requestId', 'update', NULL, '33', '2019-07-14 15:30:22'),
(1402, 128, 28, 'attachments', 'isRepresentativeProof', 'update', '0', '0', '2019-07-14 15:30:22'),
(1403, 129, 28, 'attachments', 'requestId', 'update', NULL, '33', '2019-07-14 15:30:22'),
(1404, 129, 28, 'attachments', 'isRepresentativeProof', 'update', '0', '0', '2019-07-14 15:30:22'),
(1405, 130, 28, 'attachments', 'requestId', 'update', NULL, '33', '2019-07-14 15:30:22'),
(1406, 130, 28, 'attachments', 'isRepresentativeProof', 'update', '0', '0', '2019-07-14 15:30:22'),
(1407, 131, 28, 'attachments', 'requestId', 'update', NULL, '33', '2019-07-14 15:30:22'),
(1408, 131, 28, 'attachments', 'isRepresentativeProof', 'update', '0', '0', '2019-07-14 15:30:22'),
(1409, 132, 28, 'attachments', 'requestId', 'update', NULL, '33', '2019-07-14 15:30:22'),
(1410, 132, 28, 'attachments', 'isRepresentativeProof', 'update', '0', '0', '2019-07-14 15:30:22'),
(1411, 128, 28, 'attachments', 'requestId', 'update', '33', NULL, '2019-07-14 15:31:57'),
(1412, 128, 28, 'attachments', 'isRepresentativeProof', 'update', '0', '0', '2019-07-14 15:31:57'),
(1413, 129, 28, 'attachments', 'requestId', 'update', '33', NULL, '2019-07-14 15:31:57'),
(1414, 129, 28, 'attachments', 'isRepresentativeProof', 'update', '0', '0', '2019-07-14 15:31:57'),
(1415, 130, 28, 'attachments', 'requestId', 'update', '33', NULL, '2019-07-14 15:31:57'),
(1416, 130, 28, 'attachments', 'isRepresentativeProof', 'update', '0', '0', '2019-07-14 15:31:57'),
(1417, 131, 28, 'attachments', 'requestId', 'update', '33', NULL, '2019-07-14 15:31:57'),
(1418, 131, 28, 'attachments', 'isRepresentativeProof', 'update', '0', '0', '2019-07-14 15:31:57'),
(1419, 132, 28, 'attachments', 'requestId', 'update', '33', NULL, '2019-07-14 15:31:57'),
(1420, 132, 28, 'attachments', 'isRepresentativeProof', 'update', '0', '0', '2019-07-14 15:31:57'),
(1421, 128, 28, 'attachments', 'requestId', 'update', NULL, '33', '2019-07-14 15:31:57'),
(1422, 128, 28, 'attachments', 'isRepresentativeProof', 'update', '0', '0', '2019-07-14 15:31:57'),
(1423, 129, 28, 'attachments', 'requestId', 'update', NULL, '33', '2019-07-14 15:31:57'),
(1424, 129, 28, 'attachments', 'isRepresentativeProof', 'update', '0', '0', '2019-07-14 15:31:57'),
(1425, 130, 28, 'attachments', 'requestId', 'update', NULL, '33', '2019-07-14 15:31:57'),
(1426, 130, 28, 'attachments', 'isRepresentativeProof', 'update', '0', '0', '2019-07-14 15:31:57'),
(1427, 131, 28, 'attachments', 'requestId', 'update', NULL, '33', '2019-07-14 15:31:57'),
(1428, 131, 28, 'attachments', 'isRepresentativeProof', 'update', '0', '0', '2019-07-14 15:31:57'),
(1429, 132, 28, 'attachments', 'requestId', 'update', NULL, '33', '2019-07-14 15:31:57'),
(1430, 132, 28, 'attachments', 'isRepresentativeProof', 'update', '0', '0', '2019-07-14 15:31:57'),
(1431, 1, 1, 'users', NULL, 'Login', NULL, NULL, '2019-07-14 15:34:07'),
(1432, 33, 28, 'requests', 'statusId', 'update', '5', '3', '2019-07-14 15:36:47'),
(1433, 1, 1, 'users', NULL, 'Login', NULL, NULL, '2019-07-14 15:39:40'),
(1434, 39, 39, 'users', NULL, 'Login', NULL, NULL, '2019-07-14 15:40:16'),
(1435, 1, 1, 'users', NULL, 'Login', NULL, NULL, '2019-07-14 15:40:55'),
(1436, 47, 1, 'users', NULL, 'create', NULL, NULL, '2019-07-14 15:41:28'),
(1437, 33, 39, 'requests', 'statusId', 'update', '3', '4', '2019-07-14 15:43:23'),
(1438, 33, 39, 'requests', 'openedByEmployeeId', 'update', '5', '21', '2019-07-14 15:43:23'),
(1439, 33, 39, 'requests', 'statusId', 'update', '4', '3', '2019-07-14 15:43:36'),
(1440, 33, 39, 'requests', 'openedByEmployeeId', 'update', '21', NULL, '2019-07-14 15:43:36'),
(1441, 12, 12, 'users', NULL, 'Login', NULL, NULL, '2019-07-14 15:43:46'),
(1442, 33, 39, 'requests', 'statusId', 'update', '3', '4', '2019-07-14 15:44:11'),
(1443, 33, 39, 'requests', 'openedByEmployeeId', 'update', NULL, '21', '2019-07-14 15:44:11'),
(1444, 33, 39, 'requests', 'isOriginalsReceived', 'update', '0', '1', '2019-07-14 15:44:27'),
(1445, 33, 39, 'requests', 'statusId', 'update', '4', '6', '2019-07-14 15:44:49'),
(1446, 10, 10, 'users', NULL, 'Login', NULL, NULL, '2019-07-14 15:45:04'),
(1447, 11, 11, 'users', NULL, 'Login', NULL, NULL, '2019-07-14 15:52:28'),
(1448, 33, 11, 'requests', 'statusId', 'update', '7', '9', '2019-07-14 15:52:41'),
(1449, 33, 11, 'requests', 'isChamberMember', 'update', '0', '1', '2019-07-14 15:52:41'),
(1450, 33, 11, 'requests', 'statusId', 'update', '9', '12', '2019-07-14 15:53:28'),
(1451, 35, 11, 'certificates', 'certificateNumber', 'update', NULL, '7', '2019-07-14 15:53:28'),
(1452, 35, 11, 'certificates', 'issueDate', 'update', NULL, '2019-07-14 15:53:28', '2019-07-14 15:53:28'),
(1453, 11, 11, 'users', NULL, 'Login', NULL, NULL, '2019-07-14 16:13:26'),
(1454, 11, 11, 'users', NULL, 'Login', NULL, NULL, '2019-07-14 16:14:20'),
(1455, 11, 11, 'users', NULL, 'Login', NULL, NULL, '2019-07-14 16:16:01'),
(1456, 11, 11, 'users', NULL, 'Login', NULL, NULL, '2019-07-14 16:17:31'),
(1457, 11, 11, 'users', NULL, 'Login', NULL, NULL, '2019-07-14 16:19:39'),
(1458, 11, 11, 'users', NULL, 'Login', NULL, NULL, '2019-07-14 16:22:58'),
(1459, 11, 11, 'users', NULL, 'Login', NULL, NULL, '2019-07-14 16:29:06'),
(1460, 10, 10, 'users', NULL, 'Login', NULL, NULL, '2019-07-14 16:38:43'),
(1461, 10, 10, 'users', NULL, 'Login', NULL, NULL, '2019-07-14 16:42:50'),
(1462, 28, 28, 'users', NULL, 'Login', NULL, NULL, '2019-07-14 16:57:46'),
(1463, 28, 28, 'users', NULL, 'Login', NULL, NULL, '2019-07-14 17:01:59'),
(1464, 15, 15, 'users', NULL, 'Login', NULL, NULL, '2019-07-14 17:02:29'),
(1465, 15, 15, 'users', NULL, 'Login', NULL, NULL, '2019-07-14 17:11:05'),
(1466, 28, 28, 'users', NULL, 'Login', NULL, NULL, '2019-07-14 17:11:24'),
(1467, 28, 28, 'users', NULL, 'Login', NULL, NULL, '2019-07-14 17:11:54'),
(1468, 15, 15, 'users', NULL, 'Login', NULL, NULL, '2019-07-14 17:23:32'),
(1469, 28, 28, 'users', NULL, 'Login', NULL, NULL, '2019-07-14 17:25:17'),
(1470, 26, 26, 'users', NULL, 'Login', NULL, NULL, '2019-07-14 17:31:07'),
(1471, 28, 28, 'users', NULL, 'Login', NULL, NULL, '2019-07-14 17:39:02'),
(1472, 10, 10, 'users', NULL, 'Login', NULL, NULL, '2019-07-14 17:45:48'),
(1473, 28, 28, 'users', NULL, 'Login', NULL, NULL, '2019-07-15 10:17:57'),
(1474, 15, 15, 'users', NULL, 'Login', NULL, NULL, '2019-07-15 10:20:04'),
(1475, 15, 15, 'users', NULL, 'Login', NULL, NULL, '2019-07-15 10:21:31'),
(1476, 1, 1, 'users', NULL, 'Login', NULL, NULL, '2019-07-15 10:23:09'),
(1477, 28, 28, 'users', NULL, 'Login', NULL, NULL, '2019-07-15 10:31:52'),
(1478, 33, 28, 'assessments', NULL, 'create', NULL, NULL, '2019-07-15 10:32:54'),
(1479, 133, 28, 'attachments', NULL, 'create', NULL, NULL, '2019-07-15 11:07:30'),
(1480, 134, 28, 'attachments', NULL, 'create', NULL, NULL, '2019-07-15 11:07:36'),
(1481, 135, 28, 'attachments', NULL, 'create', NULL, NULL, '2019-07-15 11:07:36'),
(1482, 136, 28, 'attachments', NULL, 'create', NULL, NULL, '2019-07-15 11:07:36'),
(1483, 137, 28, 'attachments', NULL, 'create', NULL, NULL, '2019-07-15 11:07:37'),
(1484, 15, 15, 'users', NULL, 'Login', NULL, NULL, '2019-07-15 11:41:31'),
(1485, 28, 28, 'users', NULL, 'Login', NULL, NULL, '2019-07-15 11:41:53'),
(1486, 14, 14, 'users', NULL, 'Login', NULL, NULL, '2019-07-15 11:48:43'),
(1487, 35, 14, 'certificates', 'isWinnedTender', 'update', '0', '1', '2019-07-15 11:49:34'),
(1488, 1, 14, 'tender_winners', NULL, 'create', NULL, NULL, '2019-07-15 11:49:34'),
(1489, 28, 28, 'users', NULL, 'Login', NULL, NULL, '2019-07-15 11:50:05'),
(1490, 1, 1, 'users', NULL, 'Login', NULL, NULL, '2019-07-15 11:57:32'),
(1491, 39, 39, 'users', 'resetPasswordCode', 'reset', NULL, NULL, '2019-07-15 11:59:33'),
(1492, 39, 39, 'users', 'password', 'reset', NULL, NULL, '2019-07-15 12:05:56'),
(1493, 39, 39, 'users', NULL, 'Login', NULL, NULL, '2019-07-15 12:06:23'),
(1494, 39, 39, 'users', NULL, 'Login', NULL, NULL, '2019-07-15 12:14:39'),
(1495, 9, 9, 'users', NULL, 'Login', NULL, NULL, '2019-07-15 12:16:00'),
(1496, 28, 9, 'requests', 'statusId', 'update', '3', '4', '2019-07-15 12:16:07'),
(1497, 28, 9, 'requests', 'statusId', 'update', '4', '3', '2019-07-15 12:27:12'),
(1498, 28, 9, 'requests', 'isOriginalsReceived', 'update', '0', '0', '2019-07-15 12:27:12'),
(1499, 28, 9, 'requests', 'statusId', 'update', '3', '4', '2019-07-15 12:27:52'),
(1500, 39, 39, 'users', 'resetPasswordCode', 'reset', NULL, NULL, '2019-07-15 12:28:31'),
(1501, 16, 16, 'users', 'resetPasswordCode', 'reset', NULL, NULL, '2019-07-15 12:56:03'),
(1502, 16, 16, 'users', 'resetPasswordCode', 'reset', NULL, NULL, '2019-07-15 12:57:34'),
(1503, 16, 16, 'users', 'resetPasswordCode', 'reset', NULL, NULL, '2019-07-15 12:59:05'),
(1504, 16, 16, 'users', 'resetPasswordCode', 'reset', NULL, NULL, '2019-07-15 14:28:59'),
(1505, 16, 16, 'users', 'resetPasswordCode', 'reset', NULL, NULL, '2019-07-15 14:44:51'),
(1506, 16, 16, 'users', 'resetPasswordCode', 'reset', NULL, NULL, '2019-07-15 15:02:05'),
(1507, 16, 16, 'users', 'resetPasswordCode', 'reset', NULL, NULL, '2019-07-15 15:02:48'),
(1508, 16, 16, 'users', 'resetPasswordCode', 'reset', NULL, NULL, '2019-07-15 15:02:48'),
(1509, 16, 16, 'users', 'resetPasswordCode', 'reset', NULL, NULL, '2019-07-15 15:02:56'),
(1510, 1, 1, 'users', NULL, 'Login', NULL, NULL, '2019-07-15 15:04:00'),
(1511, 16, 16, 'users', 'resetPasswordCode', 'reset', NULL, NULL, '2019-07-15 15:04:07'),
(1512, 16, 16, 'users', 'resetPasswordCode', 'reset', NULL, NULL, '2019-07-15 15:04:07'),
(1513, 16, 16, 'users', 'resetPasswordCode', 'reset', NULL, NULL, '2019-07-15 15:05:06'),
(1514, 17, 17, 'users', 'resetPasswordCode', 'reset', NULL, NULL, '2019-07-15 15:05:36'),
(1515, 17, 17, 'users', 'resetPasswordCode', 'reset', NULL, NULL, '2019-07-15 15:05:36'),
(1516, 17, 17, 'users', 'resetPasswordCode', 'reset', NULL, NULL, '2019-07-15 15:10:44'),
(1517, 16, 16, 'users', 'resetPasswordCode', 'reset', NULL, NULL, '2019-07-15 15:12:02'),
(1518, 16, 16, 'users', 'resetPasswordCode', 'reset', NULL, NULL, '2019-07-15 15:12:02'),
(1519, 16, 16, 'users', 'resetPasswordCode', 'reset', NULL, NULL, '2019-07-15 15:13:20'),
(1520, 16, 16, 'users', 'resetPasswordCode', 'reset', NULL, NULL, '2019-07-15 15:16:35'),
(1521, 16, 16, 'users', 'resetPasswordCode', 'reset', NULL, NULL, '2019-07-15 15:22:09'),
(1522, 16, 16, 'users', 'resetPasswordCode', 'reset', NULL, NULL, '2019-07-15 15:25:11'),
(1523, 16, 16, 'users', 'resetPasswordCode', 'reset', NULL, NULL, '2019-07-15 15:28:15'),
(1524, 16, 16, 'users', 'resetPasswordCode', 'reset', NULL, NULL, '2019-07-15 15:30:22'),
(1525, 16, 16, 'users', 'resetPasswordCode', 'reset', NULL, NULL, '2019-07-15 15:31:36'),
(1526, 39, 39, 'users', 'resetPasswordCode', 'reset', NULL, NULL, '2019-07-15 15:32:48'),
(1527, 16, 16, 'users', 'resetPasswordCode', 'reset', NULL, NULL, '2019-07-15 15:47:35'),
(1528, 16, 16, 'users', NULL, 'Login', NULL, NULL, '2019-07-15 15:48:38'),
(1529, 48, 16, 'users', NULL, 'create', NULL, NULL, '2019-07-15 15:49:49'),
(1530, 16, 16, 'users', NULL, 'Login', NULL, NULL, '2019-07-15 16:09:47'),
(1531, 49, 16, 'users', NULL, 'create', NULL, NULL, '2019-07-15 16:12:57'),
(1532, 50, 16, 'users', NULL, 'create', NULL, NULL, '2019-07-15 16:17:34'),
(1533, 51, 16, 'users', NULL, 'create', NULL, NULL, '2019-07-15 16:20:42'),
(1534, 51, 51, 'users', 'resetPasswordCode', 'reset', NULL, NULL, '2019-07-15 16:22:03'),
(1535, 9, 9, 'users', NULL, 'Login', NULL, NULL, '2019-07-15 16:23:31'),
(1536, 32, 32, 'users', NULL, 'Login', NULL, NULL, '2019-07-15 16:24:56'),
(1537, 20, 32, 'requests', 'statusId', 'update', '5', '3', '2019-07-15 16:25:17'),
(1538, 9, 9, 'users', NULL, 'Login', NULL, NULL, '2019-07-15 16:25:24'),
(1539, 20, 9, 'requests', 'statusId', 'update', '3', '4', '2019-07-15 16:25:40'),
(1540, 20, 9, 'requests', 'statusId', 'update', '4', '5', '2019-07-15 16:25:56'),
(1541, 32, 32, 'users', 'resetPasswordCode', 'reset', NULL, NULL, '2019-07-15 16:33:31'),
(1542, 32, 32, 'users', 'resetPasswordCode', 'reset', NULL, NULL, '2019-07-15 16:37:30'),
(1543, 32, 32, 'users', 'resetPasswordCode', 'reset', NULL, NULL, '2019-07-15 16:41:00'),
(1544, 16, 16, 'users', 'resetPasswordCode', 'reset', NULL, NULL, '2019-07-15 16:41:36'),
(1545, 16, 16, 'users', 'resetPasswordCode', 'reset', NULL, NULL, '2019-07-15 16:42:33'),
(1546, 16, 16, 'users', 'resetPasswordCode', 'reset', NULL, NULL, '2019-07-15 16:44:55'),
(1547, 16, 16, 'users', 'resetPasswordCode', 'reset', NULL, NULL, '2019-07-15 16:46:05'),
(1548, 16, 16, 'users', 'resetPasswordCode', 'reset', NULL, NULL, '2019-07-15 16:48:00'),
(1549, 16, 16, 'users', 'resetPasswordCode', 'reset', NULL, NULL, '2019-07-15 16:50:13'),
(1550, 32, 32, 'users', 'resetPasswordCode', 'reset', NULL, NULL, '2019-07-15 16:51:10'),
(1551, 32, 32, 'users', 'resetPasswordCode', 'reset', NULL, NULL, '2019-07-15 16:53:48'),
(1552, 1, 1, 'users', NULL, 'Login', NULL, NULL, '2019-07-15 18:53:41'),
(1553, 16, 16, 'users', 'resetPasswordCode', 'reset', NULL, NULL, '2019-07-16 11:12:55'),
(1554, 16, 16, 'users', 'resetPasswordCode', 'reset', NULL, NULL, '2019-07-16 11:12:56'),
(1555, 16, 16, 'users', 'resetPasswordCode', 'reset', NULL, NULL, '2019-07-16 11:13:05'),
(1556, 16, 16, 'users', 'resetPasswordCode', 'reset', NULL, NULL, '2019-07-16 11:19:01'),
(1557, 16, 16, 'users', 'resetPasswordCode', 'reset', NULL, NULL, '2019-07-16 11:19:53'),
(1558, 16, 16, 'users', 'resetPasswordCode', 'reset', NULL, NULL, '2019-07-16 11:19:54'),
(1559, 40, 40, 'users', 'resetPasswordCode', 'reset', NULL, NULL, '2019-07-16 11:24:34'),
(1560, 40, 40, 'users', 'resetPasswordCode', 'reset', NULL, NULL, '2019-07-16 11:24:34'),
(1561, 16, 16, 'users', 'resetPasswordCode', 'reset', NULL, NULL, '2019-07-16 11:26:31'),
(1562, 15, 15, 'users', NULL, 'Login', NULL, NULL, '2019-07-16 12:03:33'),
(1563, 16, 16, 'users', 'resetPasswordCode', 'reset', NULL, NULL, '2019-07-16 12:44:59'),
(1564, 16, 16, 'users', 'resetPasswordCode', 'reset', NULL, NULL, '2019-07-16 12:45:11'),
(1565, 16, 16, 'users', 'resetPasswordCode', 'reset', NULL, NULL, '2019-07-16 12:51:45'),
(1566, 16, 16, 'users', 'resetPasswordCode', 'reset', NULL, NULL, '2019-07-16 12:52:17'),
(1567, 16, 16, 'users', 'resetPasswordCode', 'reset', NULL, NULL, '2019-07-16 12:52:30'),
(1568, 16, 16, 'users', 'resetPasswordCode', 'reset', NULL, NULL, '2019-07-16 12:57:54'),
(1569, 16, 16, 'users', 'resetPasswordCode', 'reset', NULL, NULL, '2019-07-16 12:58:33'),
(1570, 16, 16, 'users', 'resetPasswordCode', 'reset', NULL, NULL, '2019-07-16 12:58:40'),
(1571, 16, 16, 'users', 'resetPasswordCode', 'reset', NULL, NULL, '2019-07-16 13:10:05'),
(1572, 16, 16, 'users', 'resetPasswordCode', 'reset', NULL, NULL, '2019-07-16 13:10:38'),
(1573, 16, 16, 'users', 'resetPasswordCode', 'reset', NULL, NULL, '2019-07-16 13:10:46'),
(1574, 16, 16, 'users', 'resetPasswordCode', 'reset', NULL, NULL, '2019-07-16 13:12:21'),
(1575, 16, 16, 'users', 'resetPasswordCode', 'reset', NULL, NULL, '2019-07-16 13:13:36'),
(1576, 16, 16, 'users', 'resetPasswordCode', 'reset', NULL, NULL, '2019-07-16 13:13:43'),
(1577, 16, 16, 'users', 'resetPasswordCode', 'reset', NULL, NULL, '2019-07-16 13:14:16'),
(1578, 16, 16, 'users', 'resetPasswordCode', 'reset', NULL, NULL, '2019-07-16 13:18:14'),
(1579, 16, 16, 'users', 'resetPasswordCode', 'reset', NULL, NULL, '2019-07-16 13:18:36'),
(1580, 16, 16, 'users', 'resetPasswordCode', 'reset', NULL, NULL, '2019-07-16 13:19:13'),
(1581, 9, 9, 'users', NULL, 'Login', NULL, NULL, '2019-07-16 13:31:44'),
(1582, 18, 9, 'requests', 'statusId', 'update', '4', '3', '2019-07-16 13:43:18'),
(1583, 18, 9, 'requests', 'isOriginalsReceived', 'update', '1', '1', '2019-07-16 13:43:18'),
(1584, 9, 9, 'users', NULL, 'Login', NULL, NULL, '2019-07-16 14:51:41'),
(1585, 9, 9, 'users', NULL, 'Login', NULL, NULL, '2019-07-16 14:58:20'),
(1586, 1, 1, 'users', NULL, 'Login', NULL, NULL, '2019-07-16 15:11:49'),
(1587, 15, 15, 'users', NULL, 'Login', NULL, NULL, '2019-07-16 15:12:35'),
(1588, 28, 9, 'requests', 'statusId', 'update', '4', '3', '2019-07-16 15:34:13'),
(1589, 28, 9, 'requests', 'isOriginalsReceived', 'update', '0', '0', '2019-07-16 15:34:13'),
(1590, 9, 9, 'users', NULL, 'Login', NULL, NULL, '2019-07-16 15:37:11'),
(1591, 15, 15, 'users', NULL, 'Login', NULL, NULL, '2019-07-16 15:37:50'),
(1592, 11, 11, 'users', NULL, 'Login', NULL, NULL, '2019-07-16 15:44:25'),
(1593, 11, 11, 'users', NULL, 'Login', NULL, NULL, '2019-07-16 15:49:07'),
(1594, 9, 9, 'users', NULL, 'Login', NULL, NULL, '2019-07-16 15:49:54'),
(1595, 11, 11, 'users', NULL, 'Login', NULL, NULL, '2019-07-16 15:50:22'),
(1596, 26, 26, 'users', NULL, 'Login', NULL, NULL, '2019-07-16 15:54:53'),
(1597, 11, 11, 'users', NULL, 'Login', NULL, NULL, '2019-07-16 15:55:10'),
(1598, 34, 26, 'assessments', NULL, 'create', NULL, NULL, '2019-07-16 15:56:09'),
(1599, 9, 9, 'users', NULL, 'Login', NULL, NULL, '2019-07-16 15:56:17'),
(1600, 35, 26, 'assessments', NULL, 'create', NULL, NULL, '2019-07-16 15:56:45'),
(1601, 9, 9, 'users', NULL, 'Login', NULL, NULL, '2019-07-16 15:57:40'),
(1602, 11, 11, 'users', NULL, 'Login', NULL, NULL, '2019-07-16 15:59:35'),
(1603, 11, 11, 'users', NULL, 'Login', NULL, NULL, '2019-07-16 16:00:24'),
(1604, 11, 11, 'users', NULL, 'Login', NULL, NULL, '2019-07-16 16:01:03'),
(1605, 11, 11, 'users', NULL, 'Login', NULL, NULL, '2019-07-16 16:02:49'),
(1606, 1, 1, 'users', NULL, 'Login', NULL, NULL, '2019-07-16 16:03:47'),
(1607, 11, 11, 'users', NULL, 'Login', NULL, NULL, '2019-07-16 16:04:59'),
(1608, 11, 11, 'users', NULL, 'Login', NULL, NULL, '2019-07-16 17:38:01'),
(1609, 20, 20, 'users', NULL, 'Login', NULL, NULL, '2019-07-16 17:39:49'),
(1610, 36, 20, 'assessments', NULL, 'create', NULL, NULL, '2019-07-16 17:41:19'),
(1611, 138, 20, 'attachments', NULL, 'create', NULL, NULL, '2019-07-16 17:45:02'),
(1612, 139, 20, 'attachments', NULL, 'create', NULL, NULL, '2019-07-16 17:45:39'),
(1613, 34, 20, 'requests', NULL, 'create', NULL, NULL, '2019-07-16 17:45:47'),
(1614, 36, 20, 'certificate', NULL, 'create', NULL, NULL, '2019-07-16 17:45:47'),
(1615, 139, 20, 'attachments', 'requestId', 'update', NULL, '34', '2019-07-16 17:45:47'),
(1616, 139, 20, 'attachments', 'isRepresentativeProof', 'update', '0', '0', '2019-07-16 17:45:47'),
(1617, 138, 20, 'attachments', 'requestId', 'update', NULL, '34', '2019-07-16 17:45:47'),
(1618, 138, 20, 'attachments', 'isRepresentativeProof', 'update', '0', '1', '2019-07-16 17:45:47'),
(1619, 10, 10, 'users', NULL, 'Login', NULL, NULL, '2019-07-16 17:46:26'),
(1620, 34, 10, 'requests', 'statusId', 'update', '1', '2', '2019-07-16 17:47:03'),
(1621, 34, 10, 'requests', 'employeeId', 'update', NULL, '5', '2019-07-16 17:47:03'),
(1622, 9, 9, 'users', NULL, 'Login', NULL, NULL, '2019-07-16 17:47:21'),
(1623, 34, 9, 'requests', 'statusId', 'update', '2', '4', '2019-07-16 17:47:27'),
(1624, 34, 9, 'requests', 'openedByEmployeeId', 'update', NULL, '5', '2019-07-16 17:47:27'),
(1625, 34, 9, 'requests', 'isOriginalsReceived', 'update', '0', '1', '2019-07-16 17:47:39'),
(1626, 34, 9, 'requests', 'statusId', 'update', '4', '3', '2019-07-16 17:48:08'),
(1627, 34, 9, 'requests', 'isOriginalsReceived', 'update', '1', '1', '2019-07-16 17:48:08'),
(1628, 34, 9, 'requests', 'statusId', 'update', '3', '4', '2019-07-16 17:48:50'),
(1629, 34, 9, 'requests', 'statusId', 'update', '4', '6', '2019-07-16 17:49:22'),
(1630, 10, 10, 'users', NULL, 'Login', NULL, NULL, '2019-07-16 17:49:54'),
(1631, 10, 10, 'users', NULL, 'Login', NULL, NULL, '2019-07-16 17:50:24'),
(1632, 11, 11, 'users', NULL, 'Login', NULL, NULL, '2019-07-16 17:50:43'),
(1633, 34, 11, 'requests', 'statusId', 'update', '7', '9', '2019-07-16 17:51:25'),
(1634, 34, 11, 'requests', 'isChamberMember', 'update', '0', '1', '2019-07-16 17:51:25'),
(1635, 34, 11, 'requests', 'isSubscriptionFeesPaid', 'update', '0', '1', '2019-07-16 17:51:25'),
(1636, 34, 11, 'requests', 'statusId', 'update', '9', '12', '2019-07-16 17:51:38'),
(1637, 36, 11, 'certificates', 'certificateNumber', 'update', NULL, '8', '2019-07-16 17:51:38'),
(1638, 36, 11, 'certificates', 'issueDate', 'update', NULL, '2019-07-16 17:51:38', '2019-07-16 17:51:38'),
(1639, 15, 15, 'users', NULL, 'Login', NULL, NULL, '2019-07-16 17:56:22'),
(1640, 37, 15, 'assessments', NULL, 'create', NULL, NULL, '2019-07-16 17:59:08'),
(1641, 11, 11, 'users', NULL, 'Login', NULL, NULL, '2019-07-16 18:00:10'),
(1642, 15, 15, 'users', NULL, 'Login', NULL, NULL, '2019-07-18 12:30:38'),
(1643, 10, 10, 'users', NULL, 'Login', NULL, NULL, '2019-07-18 17:15:10'),
(1644, 15, 15, 'users', NULL, 'Login', NULL, NULL, '2019-07-18 17:38:20'),
(1645, 39, 39, 'users', 'resetPasswordCode', 'reset', NULL, NULL, '2019-07-18 17:47:29'),
(1646, 1, 1, 'users', NULL, 'Login', NULL, NULL, '2019-07-18 17:52:18'),
(1647, 10, 10, 'users', NULL, 'Login', NULL, NULL, '2019-07-18 18:14:43'),
(1648, 9, 9, 'users', NULL, 'Login', NULL, NULL, '2019-07-18 18:21:32'),
(1649, 28, 9, 'requests', 'statusId', 'update', '3', '4', '2019-07-18 18:21:49'),
(1650, 28, 9, 'requests', 'isOriginalsReceived', 'update', '0', '1', '2019-07-18 18:22:04'),
(1651, 28, 9, 'requests', 'statusId', 'update', '4', '6', '2019-07-18 18:22:11'),
(1652, 10, 10, 'users', NULL, 'Login', NULL, NULL, '2019-07-18 18:22:35'),
(1653, 11, 11, 'users', NULL, 'Login', NULL, NULL, '2019-07-18 18:23:54'),
(1654, 28, 11, 'requests', 'statusId', 'update', '7', '9', '2019-07-18 18:29:14'),
(1655, 28, 11, 'requests', 'isChamberMember', 'update', '0', '1', '2019-07-18 18:29:14'),
(1656, 28, 11, 'requests', 'statusId', 'update', '9', '12', '2019-07-18 18:29:17'),
(1657, 25, 11, 'certificates', 'certificateNumber', 'update', NULL, '9', '2019-07-18 18:29:17'),
(1658, 25, 11, 'certificates', 'issueDate', 'update', NULL, '2019-07-18 18:29:17', '2019-07-18 18:29:17'),
(1659, 26, 11, 'certificates', 'certificateNumber', 'update', NULL, '9', '2019-07-18 18:29:17'),
(1660, 26, 11, 'certificates', 'issueDate', 'update', NULL, '2019-07-18 18:29:17', '2019-07-18 18:29:17'),
(1661, 28, 28, 'users', NULL, 'Login', NULL, NULL, '2019-07-21 10:02:19'),
(1662, 38, 28, 'assessments', NULL, 'create', NULL, NULL, '2019-07-21 10:02:55'),
(1663, 142, 28, 'attachments', NULL, 'create', NULL, NULL, '2019-07-21 10:05:51'),
(1664, 141, 28, 'attachments', NULL, 'create', NULL, NULL, '2019-07-21 10:05:51'),
(1665, 140, 28, 'attachments', NULL, 'create', NULL, NULL, '2019-07-21 10:05:51'),
(1666, 143, 28, 'attachments', NULL, 'create', NULL, NULL, '2019-07-21 10:05:51'),
(1667, 144, 28, 'attachments', NULL, 'create', NULL, NULL, '2019-07-21 10:05:51'),
(1668, 35, 28, 'requests', NULL, 'create', NULL, NULL, '2019-07-21 10:05:56'),
(1669, 37, 28, 'certificate', NULL, 'create', NULL, NULL, '2019-07-21 10:05:56'),
(1670, 38, 28, 'certificate', NULL, 'create', NULL, NULL, '2019-07-21 10:05:56'),
(1671, 144, 28, 'attachments', 'requestId', 'update', NULL, '35', '2019-07-21 10:05:56'),
(1672, 144, 28, 'attachments', 'isRepresentativeProof', 'update', '0', '0', '2019-07-21 10:05:56'),
(1673, 140, 28, 'attachments', 'requestId', 'update', NULL, '35', '2019-07-21 10:05:56'),
(1674, 140, 28, 'attachments', 'isRepresentativeProof', 'update', '0', '0', '2019-07-21 10:05:56'),
(1675, 141, 28, 'attachments', 'requestId', 'update', NULL, '35', '2019-07-21 10:05:56'),
(1676, 141, 28, 'attachments', 'isRepresentativeProof', 'update', '0', '0', '2019-07-21 10:05:56'),
(1677, 142, 28, 'attachments', 'requestId', 'update', NULL, '35', '2019-07-21 10:05:56'),
(1678, 142, 28, 'attachments', 'isRepresentativeProof', 'update', '0', '0', '2019-07-21 10:05:56'),
(1679, 143, 28, 'attachments', 'requestId', 'update', NULL, '35', '2019-07-21 10:05:56'),
(1680, 143, 28, 'attachments', 'isRepresentativeProof', 'update', '0', '0', '2019-07-21 10:05:56'),
(1681, 10, 10, 'users', NULL, 'Login', NULL, NULL, '2019-07-21 10:06:22'),
(1682, 10, 10, 'users', NULL, 'Login', NULL, NULL, '2019-07-21 10:07:32'),
(1683, 10, 10, 'users', NULL, 'Login', NULL, NULL, '2019-07-21 10:09:44'),
(1684, 1, 1, 'users', NULL, 'Login', NULL, NULL, '2019-07-21 10:09:58'),
(1685, 1, 1, 'settings', 'automaticIDAApproveDelay', 'update', '60', '2', '2019-07-21 10:10:16'),
(1686, 16, 16, 'users', NULL, 'Login', NULL, NULL, '2019-07-21 10:13:39'),
(1687, 25, 25, 'users', NULL, 'Login', NULL, NULL, '2019-07-21 10:13:49'),
(1688, 26, 26, 'users', NULL, 'Login', NULL, NULL, '2019-07-21 10:14:13'),
(1689, 20, 20, 'users', NULL, 'Login', NULL, NULL, '2019-07-21 10:14:24'),
(1690, 120, 20, 'attachments', 'requestId', 'update', '29', NULL, '2019-07-21 10:15:04'),
(1691, 120, 20, 'attachments', 'isRepresentativeProof', 'update', '0', '0', '2019-07-21 10:15:04'),
(1692, 120, 20, 'attachments', 'requestId', 'update', NULL, '29', '2019-07-21 10:15:04'),
(1693, 120, 20, 'attachments', 'isRepresentativeProof', 'update', '0', '0', '2019-07-21 10:15:04'),
(1694, 29, 20, 'requests', 'statusId', 'update', '5', '4', '2019-07-21 10:15:20'),
(1695, 9, 9, 'users', NULL, 'Login', NULL, NULL, '2019-07-21 10:15:44'),
(1696, 29, 9, 'requests', 'isOriginalsReceived', 'update', '0', '1', '2019-07-21 10:16:13'),
(1697, 39, 39, 'users', NULL, 'Login', NULL, NULL, '2019-07-21 10:16:35'),
(1698, 35, 39, 'requests', 'statusId', 'update', '2', '4', '2019-07-21 10:17:12'),
(1699, 35, 39, 'requests', 'openedByEmployeeId', 'update', NULL, '21', '2019-07-21 10:17:12'),
(1700, 15, 15, 'users', NULL, 'Login', NULL, NULL, '2019-07-21 11:14:26'),
(1701, 39, 39, 'users', NULL, 'Login', NULL, NULL, '2019-07-21 11:14:41'),
(1702, 10, 10, 'users', NULL, 'Login', NULL, NULL, '2019-07-21 11:14:51'),
(1703, 28, 28, 'users', NULL, 'Login', NULL, NULL, '2019-07-21 11:22:59'),
(1704, 39, 39, 'users', NULL, 'Login', NULL, NULL, '2019-07-21 11:26:10'),
(1705, 35, 39, 'requests', 'statusId', 'update', '4', '5', '2019-07-21 11:26:45'),
(1706, 140, 28, 'attachments', 'requestId', 'update', '35', NULL, '2019-07-21 11:28:25'),
(1707, 140, 28, 'attachments', 'isRepresentativeProof', 'update', '0', '0', '2019-07-21 11:28:25'),
(1708, 141, 28, 'attachments', 'requestId', 'update', '35', NULL, '2019-07-21 11:28:25'),
(1709, 141, 28, 'attachments', 'isRepresentativeProof', 'update', '0', '0', '2019-07-21 11:28:25'),
(1710, 142, 28, 'attachments', 'requestId', 'update', '35', NULL, '2019-07-21 11:28:25'),
(1711, 142, 28, 'attachments', 'isRepresentativeProof', 'update', '0', '0', '2019-07-21 11:28:25'),
(1712, 143, 28, 'attachments', 'requestId', 'update', '35', NULL, '2019-07-21 11:28:25'),
(1713, 143, 28, 'attachments', 'isRepresentativeProof', 'update', '0', '0', '2019-07-21 11:28:25'),
(1714, 144, 28, 'attachments', 'requestId', 'update', '35', NULL, '2019-07-21 11:28:25'),
(1715, 144, 28, 'attachments', 'isRepresentativeProof', 'update', '0', '0', '2019-07-21 11:28:25'),
(1716, 140, 28, 'attachments', 'requestId', 'update', NULL, '35', '2019-07-21 11:28:25'),
(1717, 140, 28, 'attachments', 'isRepresentativeProof', 'update', '0', '0', '2019-07-21 11:28:25'),
(1718, 141, 28, 'attachments', 'requestId', 'update', NULL, '35', '2019-07-21 11:28:25'),
(1719, 141, 28, 'attachments', 'isRepresentativeProof', 'update', '0', '0', '2019-07-21 11:28:25'),
(1720, 142, 28, 'attachments', 'requestId', 'update', NULL, '35', '2019-07-21 11:28:25'),
(1721, 142, 28, 'attachments', 'isRepresentativeProof', 'update', '0', '0', '2019-07-21 11:28:25'),
(1722, 143, 28, 'attachments', 'requestId', 'update', NULL, '35', '2019-07-21 11:28:25'),
(1723, 143, 28, 'attachments', 'isRepresentativeProof', 'update', '0', '0', '2019-07-21 11:28:25'),
(1724, 144, 28, 'attachments', 'requestId', 'update', NULL, '35', '2019-07-21 11:28:25'),
(1725, 144, 28, 'attachments', 'isRepresentativeProof', 'update', '0', '0', '2019-07-21 11:28:25'),
(1726, 140, 28, 'attachments', 'requestId', 'update', '35', NULL, '2019-07-21 11:28:36'),
(1727, 140, 28, 'attachments', 'isRepresentativeProof', 'update', '0', '0', '2019-07-21 11:28:36'),
(1728, 141, 28, 'attachments', 'requestId', 'update', '35', NULL, '2019-07-21 11:28:36'),
(1729, 141, 28, 'attachments', 'isRepresentativeProof', 'update', '0', '0', '2019-07-21 11:28:36'),
(1730, 142, 28, 'attachments', 'requestId', 'update', '35', NULL, '2019-07-21 11:28:36'),
(1731, 142, 28, 'attachments', 'isRepresentativeProof', 'update', '0', '0', '2019-07-21 11:28:36'),
(1732, 143, 28, 'attachments', 'requestId', 'update', '35', NULL, '2019-07-21 11:28:36'),
(1733, 143, 28, 'attachments', 'isRepresentativeProof', 'update', '0', '0', '2019-07-21 11:28:36'),
(1734, 144, 28, 'attachments', 'requestId', 'update', '35', NULL, '2019-07-21 11:28:36'),
(1735, 144, 28, 'attachments', 'isRepresentativeProof', 'update', '0', '0', '2019-07-21 11:28:36'),
(1736, 140, 28, 'attachments', 'requestId', 'update', NULL, '35', '2019-07-21 11:28:36'),
(1737, 140, 28, 'attachments', 'isRepresentativeProof', 'update', '0', '0', '2019-07-21 11:28:36'),
(1738, 141, 28, 'attachments', 'requestId', 'update', NULL, '35', '2019-07-21 11:28:36'),
(1739, 141, 28, 'attachments', 'isRepresentativeProof', 'update', '0', '0', '2019-07-21 11:28:36'),
(1740, 142, 28, 'attachments', 'requestId', 'update', NULL, '35', '2019-07-21 11:28:36'),
(1741, 142, 28, 'attachments', 'isRepresentativeProof', 'update', '0', '0', '2019-07-21 11:28:36'),
(1742, 143, 28, 'attachments', 'requestId', 'update', NULL, '35', '2019-07-21 11:28:36'),
(1743, 143, 28, 'attachments', 'isRepresentativeProof', 'update', '0', '0', '2019-07-21 11:28:36'),
(1744, 144, 28, 'attachments', 'requestId', 'update', NULL, '35', '2019-07-21 11:28:36'),
(1745, 144, 28, 'attachments', 'isRepresentativeProof', 'update', '0', '0', '2019-07-21 11:28:36'),
(1746, 140, 28, 'attachments', 'requestId', 'update', '35', NULL, '2019-07-21 11:28:47'),
(1747, 140, 28, 'attachments', 'isRepresentativeProof', 'update', '0', '0', '2019-07-21 11:28:47'),
(1748, 141, 28, 'attachments', 'requestId', 'update', '35', NULL, '2019-07-21 11:28:47'),
(1749, 141, 28, 'attachments', 'isRepresentativeProof', 'update', '0', '0', '2019-07-21 11:28:47'),
(1750, 142, 28, 'attachments', 'requestId', 'update', '35', NULL, '2019-07-21 11:28:47'),
(1751, 142, 28, 'attachments', 'isRepresentativeProof', 'update', '0', '0', '2019-07-21 11:28:47'),
(1752, 143, 28, 'attachments', 'requestId', 'update', '35', NULL, '2019-07-21 11:28:47'),
(1753, 143, 28, 'attachments', 'isRepresentativeProof', 'update', '0', '0', '2019-07-21 11:28:47'),
(1754, 144, 28, 'attachments', 'requestId', 'update', '35', NULL, '2019-07-21 11:28:47'),
(1755, 144, 28, 'attachments', 'isRepresentativeProof', 'update', '0', '0', '2019-07-21 11:28:47'),
(1756, 140, 28, 'attachments', 'requestId', 'update', NULL, '35', '2019-07-21 11:28:47'),
(1757, 140, 28, 'attachments', 'isRepresentativeProof', 'update', '0', '0', '2019-07-21 11:28:47'),
(1758, 141, 28, 'attachments', 'requestId', 'update', NULL, '35', '2019-07-21 11:28:47'),
(1759, 141, 28, 'attachments', 'isRepresentativeProof', 'update', '0', '0', '2019-07-21 11:28:47'),
(1760, 142, 28, 'attachments', 'requestId', 'update', NULL, '35', '2019-07-21 11:28:47'),
(1761, 142, 28, 'attachments', 'isRepresentativeProof', 'update', '0', '0', '2019-07-21 11:28:47'),
(1762, 143, 28, 'attachments', 'requestId', 'update', NULL, '35', '2019-07-21 11:28:47'),
(1763, 143, 28, 'attachments', 'isRepresentativeProof', 'update', '0', '0', '2019-07-21 11:28:47'),
(1764, 144, 28, 'attachments', 'requestId', 'update', NULL, '35', '2019-07-21 11:28:47'),
(1765, 144, 28, 'attachments', 'isRepresentativeProof', 'update', '0', '0', '2019-07-21 11:28:47'),
(1766, 35, 28, 'requests', 'statusId', 'update', '5', '4', '2019-07-21 11:28:58'),
(1767, 35, 39, 'requests', 'statusId', 'update', '4', '5', '2019-07-21 11:29:20'),
(1768, 140, 28, 'attachments', 'requestId', 'update', '35', NULL, '2019-07-21 11:29:48'),
(1769, 140, 28, 'attachments', 'isRepresentativeProof', 'update', '0', '0', '2019-07-21 11:29:48'),
(1770, 141, 28, 'attachments', 'requestId', 'update', '35', NULL, '2019-07-21 11:29:48'),
(1771, 141, 28, 'attachments', 'isRepresentativeProof', 'update', '0', '0', '2019-07-21 11:29:48'),
(1772, 142, 28, 'attachments', 'requestId', 'update', '35', NULL, '2019-07-21 11:29:48'),
(1773, 142, 28, 'attachments', 'isRepresentativeProof', 'update', '0', '0', '2019-07-21 11:29:48'),
(1774, 143, 28, 'attachments', 'requestId', 'update', '35', NULL, '2019-07-21 11:29:48'),
(1775, 143, 28, 'attachments', 'isRepresentativeProof', 'update', '0', '0', '2019-07-21 11:29:48'),
(1776, 144, 28, 'attachments', 'requestId', 'update', '35', NULL, '2019-07-21 11:29:48'),
(1777, 144, 28, 'attachments', 'isRepresentativeProof', 'update', '0', '0', '2019-07-21 11:29:48'),
(1778, 140, 28, 'attachments', 'requestId', 'update', NULL, '35', '2019-07-21 11:29:48'),
(1779, 140, 28, 'attachments', 'isRepresentativeProof', 'update', '0', '0', '2019-07-21 11:29:48'),
(1780, 141, 28, 'attachments', 'requestId', 'update', NULL, '35', '2019-07-21 11:29:48'),
(1781, 141, 28, 'attachments', 'isRepresentativeProof', 'update', '0', '0', '2019-07-21 11:29:48'),
(1782, 142, 28, 'attachments', 'requestId', 'update', NULL, '35', '2019-07-21 11:29:48'),
(1783, 142, 28, 'attachments', 'isRepresentativeProof', 'update', '0', '0', '2019-07-21 11:29:48'),
(1784, 143, 28, 'attachments', 'requestId', 'update', NULL, '35', '2019-07-21 11:29:48'),
(1785, 143, 28, 'attachments', 'isRepresentativeProof', 'update', '0', '0', '2019-07-21 11:29:48'),
(1786, 144, 28, 'attachments', 'requestId', 'update', NULL, '35', '2019-07-21 11:29:48'),
(1787, 144, 28, 'attachments', 'isRepresentativeProof', 'update', '0', '0', '2019-07-21 11:29:48'),
(1788, 35, 28, 'requests', 'statusId', 'update', '5', '4', '2019-07-21 11:30:22'),
(1789, 35, 39, 'requests', 'isOriginalsReceived', 'update', '0', '1', '2019-07-21 11:31:50'),
(1790, 11, 11, 'users', NULL, 'Login', NULL, NULL, '2019-07-21 11:35:41'),
(1791, 9, 9, 'users', NULL, 'Login', NULL, NULL, '2019-07-21 11:36:50'),
(1792, 11, 11, 'users', NULL, 'Login', NULL, NULL, '2019-07-21 11:47:13'),
(1793, 35, 39, 'requests', 'isOriginalsReceived', 'update', '1', '1', '2019-07-21 12:01:03'),
(1794, 35, 39, 'requests', 'statusId', 'update', '4', '6', '2019-07-21 12:05:14'),
(1795, 10, 10, 'users', NULL, 'Login', NULL, NULL, '2019-07-21 12:05:32'),
(1796, 35, 10, 'requests', 'statusId', 'update', '6', '3', '2019-07-21 12:05:55'),
(1797, 1, 1, 'users', NULL, 'Login', NULL, NULL, '2019-07-21 12:07:08'),
(1798, 1, 1, 'settings', 'executiveManagerName', 'update', 'orchtech manager', 'FEI Manager', '2019-07-21 12:07:25'),
(1799, 28, 28, 'users', NULL, 'Login', NULL, NULL, '2019-07-21 12:25:29'),
(1800, 11, 11, 'users', NULL, 'Login', NULL, NULL, '2019-07-21 12:27:04'),
(1801, 10, 10, 'users', NULL, 'Login', NULL, NULL, '2019-07-21 12:27:26'),
(1802, 35, 39, 'requests', 'statusId', 'update', '3', '4', '2019-07-21 12:27:38'),
(1803, 9, 9, 'users', NULL, 'Login', NULL, NULL, '2019-07-21 12:33:47'),
(1804, 35, 39, 'requests', 'statusId', 'update', '4', '3', '2019-07-21 12:36:50'),
(1805, 35, 39, 'requests', 'openedByEmployeeId', 'update', '21', NULL, '2019-07-21 12:36:50'),
(1806, 35, 9, 'requests', 'statusId', 'update', '3', '4', '2019-07-21 12:37:02'),
(1807, 35, 9, 'requests', 'openedByEmployeeId', 'update', NULL, '5', '2019-07-21 12:37:02'),
(1808, 35, 9, 'requests', 'statusId', 'update', '4', '6', '2019-07-21 12:37:14'),
(1809, 39, 28, 'assessments', NULL, 'create', NULL, NULL, '2019-07-21 12:46:23'),
(1810, 28, 28, 'users', NULL, 'Login', NULL, NULL, '2019-07-21 12:46:27'),
(1811, 40, 28, 'assessments', NULL, 'create', NULL, NULL, '2019-07-21 12:47:50'),
(1812, 146, 28, 'attachments', NULL, 'create', NULL, NULL, '2019-07-21 12:50:12'),
(1813, 145, 28, 'attachments', NULL, 'create', NULL, NULL, '2019-07-21 12:50:12'),
(1814, 148, 28, 'attachments', NULL, 'create', NULL, NULL, '2019-07-21 12:50:12'),
(1815, 147, 28, 'attachments', NULL, 'create', NULL, NULL, '2019-07-21 12:50:12'),
(1816, 149, 28, 'attachments', NULL, 'create', NULL, NULL, '2019-07-21 12:50:12'),
(1817, 150, 28, 'attachments', NULL, 'create', NULL, NULL, '2019-07-21 12:50:12'),
(1818, 151, 28, 'attachments', NULL, 'create', NULL, NULL, '2019-07-21 12:50:12'),
(1819, 152, 28, 'attachments', NULL, 'create', NULL, NULL, '2019-07-21 12:50:12'),
(1820, 36, 28, 'requests', NULL, 'create', NULL, NULL, '2019-07-21 12:50:15'),
(1821, 39, 28, 'certificate', NULL, 'create', NULL, NULL, '2019-07-21 12:50:15'),
(1822, 40, 28, 'certificate', NULL, 'create', NULL, NULL, '2019-07-21 12:50:15');
INSERT INTO `log` (`id`, `RecordId`, `createdByUserId`, `TableName`, `Column`, `Action`, `oldValue`, `newValue`, `createdAt`) VALUES
(1823, 148, 28, 'attachments', 'requestId', 'update', NULL, '36', '2019-07-21 12:50:15'),
(1824, 148, 28, 'attachments', 'isRepresentativeProof', 'update', '0', '0', '2019-07-21 12:50:15'),
(1825, 145, 28, 'attachments', 'requestId', 'update', NULL, '36', '2019-07-21 12:50:15'),
(1826, 145, 28, 'attachments', 'isRepresentativeProof', 'update', '0', '0', '2019-07-21 12:50:15'),
(1827, 146, 28, 'attachments', 'requestId', 'update', NULL, '36', '2019-07-21 12:50:15'),
(1828, 146, 28, 'attachments', 'isRepresentativeProof', 'update', '0', '0', '2019-07-21 12:50:15'),
(1829, 147, 28, 'attachments', 'requestId', 'update', NULL, '36', '2019-07-21 12:50:15'),
(1830, 147, 28, 'attachments', 'isRepresentativeProof', 'update', '0', '0', '2019-07-21 12:50:15'),
(1831, 149, 28, 'attachments', 'requestId', 'update', NULL, '36', '2019-07-21 12:50:15'),
(1832, 149, 28, 'attachments', 'isRepresentativeProof', 'update', '0', '0', '2019-07-21 12:50:15'),
(1833, 150, 28, 'attachments', 'requestId', 'update', NULL, '36', '2019-07-21 12:50:15'),
(1834, 150, 28, 'attachments', 'isRepresentativeProof', 'update', '0', '0', '2019-07-21 12:50:15'),
(1835, 151, 28, 'attachments', 'requestId', 'update', NULL, '36', '2019-07-21 12:50:15'),
(1836, 151, 28, 'attachments', 'isRepresentativeProof', 'update', '0', '0', '2019-07-21 12:50:15'),
(1837, 152, 28, 'attachments', 'requestId', 'update', NULL, '36', '2019-07-21 12:50:15'),
(1838, 152, 28, 'attachments', 'isRepresentativeProof', 'update', '0', '0', '2019-07-21 12:50:15'),
(1839, 36, 10, 'requests', 'statusId', 'update', '1', '2', '2019-07-21 12:50:39'),
(1840, 36, 10, 'requests', 'employeeId', 'update', NULL, '28', '2019-07-21 12:50:39'),
(1841, 36, 39, 'requests', 'statusId', 'update', '2', '4', '2019-07-21 12:51:03'),
(1842, 36, 39, 'requests', 'openedByEmployeeId', 'update', NULL, '21', '2019-07-21 12:51:03'),
(1843, 36, 39, 'requests', 'isOriginalsReceived', 'update', '0', '1', '2019-07-21 12:51:18'),
(1844, 36, 39, 'requests', 'statusId', 'update', '4', '6', '2019-07-21 12:51:48'),
(1845, 36, 10, 'requests', 'statusId', 'update', '6', '4', '2019-07-21 12:52:05'),
(1846, 36, 39, 'requests', 'statusId', 'update', '4', '3', '2019-07-21 12:52:35'),
(1847, 36, 39, 'requests', 'openedByEmployeeId', 'update', '21', NULL, '2019-07-21 12:52:35'),
(1848, 9, 9, 'users', NULL, 'Login', NULL, NULL, '2019-07-21 14:17:27'),
(1849, 9, 9, 'users', NULL, 'Login', NULL, NULL, '2019-07-21 14:20:49'),
(1850, 9, 9, 'users', NULL, 'Login', NULL, NULL, '2019-07-21 14:24:00'),
(1851, 1, 1, 'users', NULL, 'Login', NULL, NULL, '2019-07-21 14:26:49'),
(1852, 15, 15, 'users', NULL, 'Login', NULL, NULL, '2019-07-21 14:27:52'),
(1853, 28, 28, 'users', NULL, 'Login', NULL, NULL, '2019-07-21 14:30:07'),
(1854, 15, 15, 'users', NULL, 'Login', NULL, NULL, '2019-07-21 14:31:27'),
(1855, 11, 11, 'users', NULL, 'Login', NULL, NULL, '2019-07-21 14:36:17'),
(1856, 10, 10, 'users', NULL, 'Login', NULL, NULL, '2019-07-21 14:36:38'),
(1857, 39, 39, 'users', NULL, 'Login', NULL, NULL, '2019-07-21 14:37:02'),
(1858, 36, 39, 'requests', 'statusId', 'update', '3', '4', '2019-07-21 14:37:07'),
(1859, 36, 39, 'requests', 'openedByEmployeeId', 'update', NULL, '21', '2019-07-21 14:37:07'),
(1860, 36, 39, 'requests', 'statusId', 'update', '4', '6', '2019-07-21 14:37:20'),
(1861, 15, 15, 'users', NULL, 'Login', NULL, NULL, '2019-07-21 14:41:28'),
(1862, 15, 15, 'users', NULL, 'Login', NULL, NULL, '2019-07-21 14:48:12'),
(1863, 41, 15, 'assessments', NULL, 'create', NULL, NULL, '2019-07-21 14:49:27'),
(1864, 153, 15, 'attachments', NULL, 'create', NULL, NULL, '2019-07-21 14:50:33'),
(1865, 37, 15, 'requests', NULL, 'create', NULL, NULL, '2019-07-21 14:50:36'),
(1866, 41, 15, 'certificate', NULL, 'create', NULL, NULL, '2019-07-21 14:50:36'),
(1867, 42, 15, 'certificate', NULL, 'create', NULL, NULL, '2019-07-21 14:50:36'),
(1868, 153, 15, 'attachments', 'requestId', 'update', NULL, '37', '2019-07-21 14:50:36'),
(1869, 153, 15, 'attachments', 'isRepresentativeProof', 'update', '0', '0', '2019-07-21 14:50:36'),
(1870, 10, 10, 'users', NULL, 'Login', NULL, NULL, '2019-07-21 14:51:18'),
(1871, 37, 10, 'requests', 'statusId', 'update', '1', '2', '2019-07-21 14:51:29'),
(1872, 37, 10, 'requests', 'employeeId', 'update', NULL, '5', '2019-07-21 14:51:29'),
(1873, 9, 9, 'users', NULL, 'Login', NULL, NULL, '2019-07-21 14:51:56'),
(1874, 37, 9, 'requests', 'statusId', 'update', '2', '4', '2019-07-21 14:52:01'),
(1875, 37, 9, 'requests', 'openedByEmployeeId', 'update', NULL, '5', '2019-07-21 14:52:01'),
(1876, 37, 9, 'requests', 'isOriginalsReceived', 'update', '0', '1', '2019-07-21 14:52:08'),
(1877, 37, 9, 'requests', 'isOriginalsReceived', 'update', '1', '1', '2019-07-21 15:05:12'),
(1878, 37, 9, 'requests', 'statusId', 'update', '4', '6', '2019-07-21 15:05:19'),
(1879, 10, 10, 'users', NULL, 'Login', NULL, NULL, '2019-07-21 15:05:28'),
(1880, 11, 11, 'users', NULL, 'Login', NULL, NULL, '2019-07-21 15:05:46'),
(1881, 37, 11, 'requests', 'statusId', 'update', '7', '9', '2019-07-21 15:06:13'),
(1882, 37, 11, 'requests', 'isChamberMember', 'update', '0', '1', '2019-07-21 15:06:13'),
(1883, 37, 11, 'requests', 'isSubscriptionFeesPaid', 'update', '0', '1', '2019-07-21 15:06:13'),
(1884, 37, 11, 'requests', 'statusId', 'update', '9', '12', '2019-07-21 15:06:16'),
(1885, 41, 11, 'certificates', 'certificateNumber', 'update', NULL, '10', '2019-07-21 15:06:16'),
(1886, 41, 11, 'certificates', 'issueDate', 'update', NULL, '2019-07-21 15:06:16', '2019-07-21 15:06:16'),
(1887, 42, 11, 'certificates', 'certificateNumber', 'update', NULL, '10', '2019-07-21 15:06:16'),
(1888, 42, 11, 'certificates', 'issueDate', 'update', NULL, '2019-07-21 15:06:16', '2019-07-21 15:06:16'),
(1889, 15, 15, 'users', NULL, 'Login', NULL, NULL, '2019-07-21 15:09:52'),
(1890, 154, 15, 'attachments', NULL, 'create', NULL, NULL, '2019-07-21 15:10:58'),
(1891, 38, 15, 'requests', NULL, 'create', NULL, NULL, '2019-07-21 15:11:10'),
(1892, 43, 15, 'certificate', NULL, 'create', NULL, NULL, '2019-07-21 15:11:10'),
(1893, 44, 15, 'certificate', NULL, 'create', NULL, NULL, '2019-07-21 15:11:10'),
(1894, 154, 15, 'attachments', 'requestId', 'update', NULL, '38', '2019-07-21 15:11:10'),
(1895, 154, 15, 'attachments', 'isRepresentativeProof', 'update', '0', '0', '2019-07-21 15:11:10'),
(1896, 9, 9, 'users', NULL, 'Login', NULL, NULL, '2019-07-21 15:11:29'),
(1897, 10, 10, 'users', NULL, 'Login', NULL, NULL, '2019-07-21 15:11:35'),
(1898, 38, 10, 'requests', 'statusId', 'update', '1', '2', '2019-07-21 15:11:45'),
(1899, 38, 10, 'requests', 'employeeId', 'update', NULL, '5', '2019-07-21 15:11:45'),
(1900, 9, 9, 'users', NULL, 'Login', NULL, NULL, '2019-07-21 15:12:20'),
(1901, 38, 9, 'requests', 'statusId', 'update', '2', '4', '2019-07-21 15:12:28'),
(1902, 38, 9, 'requests', 'openedByEmployeeId', 'update', NULL, '5', '2019-07-21 15:12:28'),
(1903, 38, 9, 'requests', 'isOriginalsReceived', 'update', '0', '1', '2019-07-21 15:12:48'),
(1904, 38, 9, 'requests', 'statusId', 'update', '4', '6', '2019-07-21 15:13:13'),
(1905, 11, 11, 'users', NULL, 'Login', NULL, NULL, '2019-07-21 15:14:09'),
(1906, 38, 11, 'requests', 'statusId', 'update', '7', '9', '2019-07-21 15:14:27'),
(1907, 38, 11, 'requests', 'isChamberMember', 'update', '0', '1', '2019-07-21 15:14:27'),
(1908, 38, 11, 'requests', 'isSubscriptionFeesPaid', 'update', '0', '1', '2019-07-21 15:14:27'),
(1909, 38, 11, 'requests', 'statusId', 'update', '9', '12', '2019-07-21 15:14:52'),
(1910, 43, 11, 'certificates', 'certificateNumber', 'update', NULL, '11', '2019-07-21 15:14:52'),
(1911, 43, 11, 'certificates', 'issueDate', 'update', NULL, '2019-07-21 15:14:52', '2019-07-21 15:14:52'),
(1912, 44, 11, 'certificates', 'certificateNumber', 'update', NULL, '11', '2019-07-21 15:14:52'),
(1913, 44, 11, 'certificates', 'issueDate', 'update', NULL, '2019-07-21 15:14:52', '2019-07-21 15:14:52'),
(1914, 52, 52, 'users', NULL, 'register', NULL, NULL, '2019-07-21 15:21:09'),
(1915, 42, 52, 'assessments', NULL, 'create', NULL, NULL, '2019-07-21 15:22:55'),
(1916, 11, 11, 'users', NULL, 'Login', NULL, NULL, '2019-07-21 15:23:45'),
(1917, 36, 11, 'requests', 'statusId', 'update', '7', '9', '2019-07-21 15:25:43'),
(1918, 36, 11, 'requests', 'isChamberMember', 'update', '0', '1', '2019-07-21 15:25:43'),
(1919, 36, 11, 'requests', 'statusId', 'update', '9', '12', '2019-07-21 15:25:45'),
(1920, 39, 11, 'certificates', 'certificateNumber', 'update', NULL, '12', '2019-07-21 15:25:45'),
(1921, 39, 11, 'certificates', 'issueDate', 'update', NULL, '2019-07-21 15:25:45', '2019-07-21 15:25:45'),
(1922, 40, 11, 'certificates', 'certificateNumber', 'update', NULL, '12', '2019-07-21 15:25:45'),
(1923, 40, 11, 'certificates', 'issueDate', 'update', NULL, '2019-07-21 15:25:45', '2019-07-21 15:25:45'),
(1924, 43, 15, 'assessments', NULL, 'create', NULL, NULL, '2019-07-21 15:29:59'),
(1925, 155, 15, 'attachments', NULL, 'create', NULL, NULL, '2019-07-21 15:31:58'),
(1926, 39, 15, 'requests', NULL, 'create', NULL, NULL, '2019-07-21 15:32:01'),
(1927, 45, 15, 'certificate', NULL, 'create', NULL, NULL, '2019-07-21 15:32:01'),
(1928, 46, 15, 'certificate', NULL, 'create', NULL, NULL, '2019-07-21 15:32:01'),
(1929, 155, 15, 'attachments', 'requestId', 'update', NULL, '39', '2019-07-21 15:32:01'),
(1930, 155, 15, 'attachments', 'isRepresentativeProof', 'update', '0', '0', '2019-07-21 15:32:01'),
(1931, 9, 9, 'users', NULL, 'Login', NULL, NULL, '2019-07-21 15:32:31'),
(1932, 39, 10, 'requests', 'statusId', 'update', '1', '2', '2019-07-21 15:32:52'),
(1933, 39, 10, 'requests', 'employeeId', 'update', NULL, '5', '2019-07-21 15:32:52'),
(1934, 39, 9, 'requests', 'statusId', 'update', '2', '4', '2019-07-21 15:34:02'),
(1935, 39, 9, 'requests', 'openedByEmployeeId', 'update', NULL, '5', '2019-07-21 15:34:02'),
(1936, 39, 9, 'requests', 'statusId', 'update', '4', '5', '2019-07-21 15:38:42'),
(1937, 155, 15, 'attachments', 'requestId', 'update', '39', NULL, '2019-07-21 15:39:13'),
(1938, 155, 15, 'attachments', 'isRepresentativeProof', 'update', '0', '0', '2019-07-21 15:39:13'),
(1939, 155, 15, 'attachments', 'requestId', 'update', NULL, '39', '2019-07-21 15:39:13'),
(1940, 155, 15, 'attachments', 'isRepresentativeProof', 'update', '0', '0', '2019-07-21 15:39:13'),
(1941, 39, 15, 'requests', 'statusId', 'update', '5', '4', '2019-07-21 15:39:21'),
(1942, 39, 9, 'requests', 'isOriginalsReceived', 'update', '0', '1', '2019-07-21 15:39:40'),
(1943, 39, 9, 'requests', 'statusId', 'update', '4', '6', '2019-07-21 15:39:48'),
(1944, 11, 11, 'users', NULL, 'Login', NULL, NULL, '2019-07-21 15:40:58'),
(1945, 39, 11, 'requests', 'statusId', 'update', '7', '9', '2019-07-21 15:41:47'),
(1946, 39, 11, 'requests', 'isChamberMember', 'update', '0', '1', '2019-07-21 15:41:47'),
(1947, 39, 11, 'requests', 'statusId', 'update', '9', '12', '2019-07-21 15:42:27'),
(1948, 45, 11, 'certificates', 'certificateNumber', 'update', NULL, '13', '2019-07-21 15:42:27'),
(1949, 45, 11, 'certificates', 'issueDate', 'update', NULL, '2019-07-21 15:42:27', '2019-07-21 15:42:27'),
(1950, 46, 11, 'certificates', 'certificateNumber', 'update', NULL, '13', '2019-07-21 15:42:27'),
(1951, 46, 11, 'certificates', 'issueDate', 'update', NULL, '2019-07-21 15:42:27', '2019-07-21 15:42:27'),
(1952, 10, 10, 'users', NULL, 'Login', NULL, NULL, '2019-07-21 15:46:33'),
(1953, 9, 9, 'users', NULL, 'Login', NULL, NULL, '2019-07-21 15:46:58'),
(1954, 20, 20, 'users', NULL, 'Login', NULL, NULL, '2019-07-21 15:47:12'),
(1955, 26, 26, 'users', NULL, 'Login', NULL, NULL, '2019-07-21 15:47:39'),
(1956, 44, 26, 'assessments', NULL, 'create', NULL, NULL, '2019-07-21 15:48:28'),
(1957, 156, 26, 'attachments', NULL, 'create', NULL, NULL, '2019-07-21 15:49:39'),
(1958, 40, 26, 'requests', NULL, 'create', NULL, NULL, '2019-07-21 15:49:42'),
(1959, 47, 26, 'certificate', NULL, 'create', NULL, NULL, '2019-07-21 15:49:42'),
(1960, 48, 26, 'certificate', NULL, 'create', NULL, NULL, '2019-07-21 15:49:42'),
(1961, 156, 26, 'attachments', 'requestId', 'update', NULL, '40', '2019-07-21 15:49:42'),
(1962, 156, 26, 'attachments', 'isRepresentativeProof', 'update', '0', '0', '2019-07-21 15:49:42'),
(1963, 9, 9, 'users', NULL, 'Login', NULL, NULL, '2019-07-21 15:49:49'),
(1964, 10, 10, 'users', NULL, 'Login', NULL, NULL, '2019-07-21 15:50:04'),
(1965, 40, 10, 'requests', 'statusId', 'update', '1', '2', '2019-07-21 15:50:13'),
(1966, 40, 10, 'requests', 'employeeId', 'update', NULL, '18', '2019-07-21 15:50:13'),
(1967, 9, 9, 'users', NULL, 'Login', NULL, NULL, '2019-07-21 15:50:28'),
(1968, 40, 9, 'requests', 'statusId', 'update', '2', '4', '2019-07-21 15:50:33'),
(1969, 40, 9, 'requests', 'openedByEmployeeId', 'update', NULL, '5', '2019-07-21 15:50:33'),
(1970, 40, 9, 'requests', 'isOriginalsReceived', 'update', '0', '0', '2019-07-21 15:50:36'),
(1971, 40, 9, 'requests', 'statusId', 'update', '4', '3', '2019-07-21 15:50:51'),
(1972, 40, 9, 'requests', 'openedByEmployeeId', 'update', '5', NULL, '2019-07-21 15:50:51'),
(1973, 40, 9, 'requests', 'statusId', 'update', '3', '4', '2019-07-21 15:51:29'),
(1974, 40, 9, 'requests', 'openedByEmployeeId', 'update', NULL, '5', '2019-07-21 15:51:29'),
(1975, 40, 9, 'requests', 'isOriginalsReceived', 'update', '0', '0', '2019-07-21 15:51:34'),
(1976, 40, 9, 'requests', 'statusId', 'update', '4', '3', '2019-07-21 15:51:46'),
(1977, 40, 9, 'requests', 'openedByEmployeeId', 'update', '5', NULL, '2019-07-21 15:51:46'),
(1978, 40, 9, 'requests', 'statusId', 'update', '3', '4', '2019-07-21 15:53:06'),
(1979, 40, 9, 'requests', 'openedByEmployeeId', 'update', NULL, '5', '2019-07-21 15:53:06'),
(1980, 40, 9, 'requests', 'isOriginalsReceived', 'update', '0', '0', '2019-07-21 15:53:09'),
(1981, 40, 9, 'requests', 'isOriginalsReceived', 'update', '0', '0', '2019-07-21 15:53:43'),
(1982, 40, 9, 'requests', 'statusId', 'update', '4', '3', '2019-07-21 15:55:18'),
(1983, 40, 9, 'requests', 'openedByEmployeeId', 'update', '5', NULL, '2019-07-21 15:55:18'),
(1984, 40, 9, 'requests', 'statusId', 'update', '3', '4', '2019-07-21 15:56:15'),
(1985, 40, 9, 'requests', 'openedByEmployeeId', 'update', NULL, '5', '2019-07-21 15:56:15'),
(1986, 11, 11, 'users', NULL, 'Login', NULL, NULL, '2019-07-21 16:07:39'),
(1987, 11, 11, 'users', NULL, 'Login', NULL, NULL, '2019-07-21 16:12:06'),
(1988, 11, 11, 'users', NULL, 'Login', NULL, NULL, '2019-07-21 16:16:28'),
(1989, 15, 15, 'users', NULL, 'Login', NULL, NULL, '2019-07-21 16:17:45'),
(1990, 9, 9, 'users', NULL, 'Login', NULL, NULL, '2019-07-21 16:31:20'),
(1991, 11, 11, 'users', NULL, 'Login', NULL, NULL, '2019-07-21 16:34:13'),
(1992, 15, 15, 'users', NULL, 'Login', NULL, NULL, '2019-07-21 16:34:15'),
(1993, 45, 15, 'assessments', NULL, 'create', NULL, NULL, '2019-07-21 16:53:25'),
(1994, 157, 15, 'attachments', NULL, 'create', NULL, NULL, '2019-07-21 16:55:56'),
(1995, 41, 15, 'requests', NULL, 'create', NULL, NULL, '2019-07-21 16:56:05'),
(1996, 49, 15, 'certificate', NULL, 'create', NULL, NULL, '2019-07-21 16:56:05'),
(1997, 157, 15, 'attachments', 'requestId', 'update', NULL, '41', '2019-07-21 16:56:05'),
(1998, 157, 15, 'attachments', 'isRepresentativeProof', 'update', '0', '0', '2019-07-21 16:56:05'),
(1999, 10, 10, 'users', NULL, 'Login', NULL, NULL, '2019-07-21 16:56:32'),
(2000, 41, 10, 'requests', 'statusId', 'update', '1', '2', '2019-07-21 16:57:06'),
(2001, 41, 10, 'requests', 'employeeId', 'update', NULL, '5', '2019-07-21 16:57:06'),
(2002, 9, 9, 'users', NULL, 'Login', NULL, NULL, '2019-07-21 16:58:00'),
(2003, 41, 9, 'requests', 'statusId', 'update', '2', '4', '2019-07-21 16:58:27'),
(2004, 41, 9, 'requests', 'openedByEmployeeId', 'update', NULL, '5', '2019-07-21 16:58:27'),
(2005, 41, 9, 'requests', 'isOriginalsReceived', 'update', '0', '1', '2019-07-21 16:59:59'),
(2006, 41, 9, 'requests', 'statusId', 'update', '4', '6', '2019-07-21 17:00:07'),
(2007, 11, 11, 'users', NULL, 'Login', NULL, NULL, '2019-07-21 17:02:34'),
(2008, 41, 11, 'requests', 'statusId', 'update', '7', '9', '2019-07-21 17:03:28'),
(2009, 41, 11, 'requests', 'isChamberMember', 'update', '0', '1', '2019-07-21 17:03:28'),
(2010, 41, 11, 'requests', 'isSubscriptionFeesPaid', 'update', '0', '1', '2019-07-21 17:03:28'),
(2011, 41, 11, 'requests', 'statusId', 'update', '9', '12', '2019-07-21 17:04:35'),
(2012, 49, 11, 'certificates', 'certificateNumber', 'update', NULL, '14', '2019-07-21 17:04:35'),
(2013, 49, 11, 'certificates', 'issueDate', 'update', NULL, '2019-07-21 17:04:35', '2019-07-21 17:04:35'),
(2014, 14, 14, 'users', NULL, 'Login', NULL, NULL, '2019-07-21 17:08:27'),
(2015, 49, 14, 'certificates', 'isWinnedTender', 'update', '0', '1', '2019-07-21 17:09:20'),
(2016, 2, 14, 'tender_winners', NULL, 'create', NULL, NULL, '2019-07-21 17:09:20'),
(2017, 13, 13, 'users', NULL, 'Login', NULL, NULL, '2019-07-21 17:09:47'),
(2018, 1, 1, 'users', NULL, 'Login', NULL, NULL, '2019-07-21 17:10:42'),
(2019, 15, 15, 'users', NULL, 'Login', NULL, NULL, '2019-07-21 17:33:31'),
(2020, 46, 15, 'assessments', NULL, 'create', NULL, NULL, '2019-07-21 17:34:09'),
(2021, 15, 15, 'users', NULL, 'Login', NULL, NULL, '2019-07-21 17:38:11'),
(2022, 15, 15, 'users', NULL, 'Login', NULL, NULL, '2019-07-21 17:40:08'),
(2023, 125, 15, 'attachments', 'requestId', 'update', '32', NULL, '2019-07-21 17:41:51'),
(2024, 125, 15, 'attachments', 'isRepresentativeProof', 'update', '0', '0', '2019-07-21 17:41:51'),
(2025, 126, 15, 'attachments', 'requestId', 'update', '32', NULL, '2019-07-21 17:41:51'),
(2026, 126, 15, 'attachments', 'isRepresentativeProof', 'update', '0', '0', '2019-07-21 17:41:51'),
(2027, 125, 15, 'attachments', 'requestId', 'update', NULL, '32', '2019-07-21 17:41:51'),
(2028, 125, 15, 'attachments', 'isRepresentativeProof', 'update', '0', '0', '2019-07-21 17:41:51'),
(2029, 126, 15, 'attachments', 'requestId', 'update', NULL, '32', '2019-07-21 17:41:51'),
(2030, 126, 15, 'attachments', 'isRepresentativeProof', 'update', '0', '0', '2019-07-21 17:41:51'),
(2031, 32, 15, 'requests', 'statusId', 'update', '5', '4', '2019-07-21 17:41:58'),
(2032, 9, 9, 'users', NULL, 'Login', NULL, NULL, '2019-07-21 17:42:09'),
(2033, 32, 9, 'requests', 'statusId', 'update', '4', '6', '2019-07-21 17:42:37'),
(2034, 10, 10, 'users', NULL, 'Login', NULL, NULL, '2019-07-21 17:42:55'),
(2035, 11, 11, 'users', NULL, 'Login', NULL, NULL, '2019-07-21 17:43:24'),
(2036, 32, 11, 'requests', 'statusId', 'update', '7', '9', '2019-07-21 17:43:42'),
(2037, 32, 11, 'requests', 'isChamberMember', 'update', '0', '1', '2019-07-21 17:43:42'),
(2038, 32, 11, 'requests', 'statusId', 'update', '9', '12', '2019-07-21 17:44:39'),
(2039, 33, 11, 'certificates', 'certificateNumber', 'update', NULL, '15', '2019-07-21 17:44:39'),
(2040, 33, 11, 'certificates', 'issueDate', 'update', NULL, '2019-07-21 17:44:39', '2019-07-21 17:44:39'),
(2041, 34, 11, 'certificates', 'certificateNumber', 'update', NULL, '15', '2019-07-21 17:44:39'),
(2042, 34, 11, 'certificates', 'issueDate', 'update', NULL, '2019-07-21 17:44:39', '2019-07-21 17:44:39'),
(2043, 15, 15, 'users', NULL, 'Login', NULL, NULL, '2019-07-21 17:54:05'),
(2044, 10, 10, 'users', NULL, 'Login', NULL, NULL, '2019-07-21 17:54:20'),
(2045, 1, 1, 'users', NULL, 'Login', NULL, NULL, '2019-07-21 17:54:32'),
(2046, 15, 15, 'users', NULL, 'Login', NULL, NULL, '2019-07-21 18:18:10'),
(2047, 53, 53, 'users', NULL, 'register', NULL, NULL, '2019-07-21 18:34:21'),
(2048, 47, 53, 'assessments', NULL, 'create', NULL, NULL, '2019-07-21 18:35:59'),
(2049, 16, 53, 'applicants', 'legalEntityIdentifier', 'update', NULL, '21', '2019-07-21 18:37:18'),
(2050, 16, 53, 'applicants', 'managerName', 'update', NULL, 'Ahmed', '2019-07-21 18:37:18'),
(2051, 16, 53, 'applicants', 'isInsideIndusterialArea', 'update', NULL, '0', '2019-07-21 18:37:18'),
(2052, 16, 53, 'applicants', 'governorateId', 'update', NULL, '1', '2019-07-21 18:37:18'),
(2053, 16, 53, 'applicants', 'cityId', 'update', NULL, '1', '2019-07-21 18:37:18'),
(2054, 16, 53, 'applicants', 'areaOrDistrict', 'update', NULL, 'giza', '2019-07-21 18:37:18'),
(2055, 16, 53, 'applicants', 'buildingNumber', 'update', NULL, '12', '2019-07-21 18:37:18'),
(2056, 16, 53, 'applicants', 'telephone', 'update', NULL, '012345678976', '2019-07-21 18:37:18'),
(2057, 16, 53, 'applicants', 'authorityAcceptanceNumber', 'update', NULL, '123', '2019-07-21 18:37:18'),
(2058, 16, 53, 'applicants', 'commercialRecord', 'update', NULL, '123', '2019-07-21 18:37:18'),
(2059, 16, 53, 'applicants', 'licenseNumber', 'update', NULL, '12', '2019-07-21 18:37:18'),
(2060, 16, 53, 'applicants', 'factoryArea', 'update', NULL, '1213', '2019-07-21 18:37:18'),
(2061, 16, 53, 'applicants', 'investmentCostAtConstructionTime', 'update', NULL, '234324', '2019-07-21 18:37:18'),
(2062, 16, 53, 'applicants', 'currentInvestmentCosts', 'update', NULL, '4353', '2019-07-21 18:37:18'),
(2063, 16, 53, 'applicants', 'taxCard', 'update', NULL, '121', '2019-07-21 18:37:18'),
(2064, 16, 53, 'applicants', 'extentOfEnvironmentalConditionsImplementationAndTrashDisposal', 'update', NULL, '45', '2019-07-21 18:37:18'),
(2065, 16, 53, 'applicants', 'extentOfDangerousMaterialsUsage', 'update', NULL, '48', '2019-07-21 18:37:18'),
(2066, 16, 53, 'applicants', 'annualInsuranceValue', 'update', NULL, '53453', '2019-07-21 18:37:18'),
(2067, 16, 53, 'applicants', 'certificatesAndExtentOfSpecificationsMatching', 'update', NULL, 'iso', '2019-07-21 18:37:18'),
(2068, 16, 53, 'applicants', 'insuredWorkersCount', 'update', NULL, '45', '2019-07-21 18:37:18'),
(2069, 16, 53, 'applicants', 'entryNumberInIndusterialRecord', 'update', NULL, '1223', '2019-07-21 18:37:18'),
(2070, 16, 53, 'applicants', 'yearOfFirstCertificate', 'update', NULL, '4545', '2019-07-21 18:37:18'),
(2071, 16, 53, 'applicants', 'expirationDate', 'update', NULL, '2019-07-15', '2019-07-21 18:37:18'),
(2072, 47, 53, 'assessments', 'isTotals', 'update', '1', '1', '2019-07-21 18:37:48'),
(2073, 47, 53, 'assessments', 'importedComponentsTotals', 'update', '765', '6765', '2019-07-21 18:37:48'),
(2074, 48, 53, 'assessments', NULL, 'create', NULL, NULL, '2019-07-21 18:41:10'),
(2075, 53, 53, 'users', NULL, 'Login', NULL, NULL, '2019-07-21 18:42:39'),
(2076, 42, 53, 'requests', NULL, 'create', NULL, NULL, '2019-07-21 18:43:02'),
(2077, 50, 53, 'certificate', NULL, 'create', NULL, NULL, '2019-07-21 18:43:02'),
(2078, 158, 53, 'attachments', NULL, 'create', NULL, NULL, '2019-07-21 18:43:05'),
(2079, 10, 10, 'users', NULL, 'Login', NULL, NULL, '2019-07-21 18:43:20'),
(2080, 42, 10, 'requests', 'statusId', 'update', '1', '2', '2019-07-21 18:43:32'),
(2081, 42, 10, 'requests', 'employeeId', 'update', NULL, '5', '2019-07-21 18:43:32'),
(2082, 9, 9, 'users', NULL, 'Login', NULL, NULL, '2019-07-21 18:43:44'),
(2083, 42, 9, 'requests', 'statusId', 'update', '2', '4', '2019-07-21 18:43:51'),
(2084, 42, 9, 'requests', 'openedByEmployeeId', 'update', NULL, '5', '2019-07-21 18:43:51'),
(2085, 42, 9, 'requests', 'statusId', 'update', '4', '5', '2019-07-21 18:43:59'),
(2086, 47, 53, 'assessments', 'manufactoringByOthers', 'update', '0', '1', '2019-07-21 18:45:46'),
(2087, 47, 53, 'assessments', 'isTotals', 'update', '1', '1', '2019-07-21 18:45:46'),
(2088, 47, 53, 'assessments', 'powerResources', 'update', '675655', NULL, '2019-07-21 18:45:46'),
(2089, 47, 53, 'assessments', 'localSpareParts', 'update', '567576', NULL, '2019-07-21 18:45:46'),
(2090, 47, 53, 'assessments', 'importedSpareParts', 'update', '567', NULL, '2019-07-21 18:45:46'),
(2091, 47, 53, 'assessments', 'researchAndDevelopment', 'update', '766', NULL, '2019-07-21 18:45:46'),
(2092, 47, 53, 'assessments', 'wages', 'update', '678', NULL, '2019-07-21 18:45:46'),
(2093, 47, 53, 'assessments', 'annualDepreciation', 'update', '767', NULL, '2019-07-21 18:45:46'),
(2094, 47, 53, 'assessments', 'administrativeExpenses', 'update', '7678', NULL, '2019-07-21 18:45:46'),
(2095, 47, 53, 'assessments', 'marketingExpenses', 'update', '7687', NULL, '2019-07-21 18:45:46'),
(2096, 47, 53, 'assessments', 'localPackagingComponentsTotals', 'update', '6', '3243534', '2019-07-21 18:45:46'),
(2097, 47, 53, 'assessments', 'importedComponentsTotals', 'update', '6765', '6734365', '2019-07-21 18:45:46'),
(2098, 47, 53, 'assessments', 'isTotals', 'update', '1', '1', '2019-07-21 18:47:42'),
(2099, 47, 53, 'assessments', 'isTotals', 'update', '1', '1', '2019-07-21 18:50:20'),
(2100, 49, 15, 'assessments', NULL, 'create', NULL, NULL, '2019-07-21 18:56:39'),
(2101, 15, 15, 'users', NULL, 'Login', NULL, NULL, '2019-07-21 18:56:42'),
(2102, 50, 15, 'assessments', NULL, 'create', NULL, NULL, '2019-07-21 18:57:10'),
(2103, 53, 53, 'users', NULL, 'Login', NULL, NULL, '2019-07-21 18:57:47'),
(2104, 48, 53, 'assessments', 'manufactoringByOthers', 'update', '0', '1', '2019-07-21 18:58:54'),
(2105, 48, 53, 'assessments', 'isTotals', 'update', '1', '1', '2019-07-21 18:58:54'),
(2106, 48, 53, 'assessments', 'powerResources', 'update', '446', NULL, '2019-07-21 18:58:54'),
(2107, 48, 53, 'assessments', 'localSpareParts', 'update', '4646', NULL, '2019-07-21 18:58:54'),
(2108, 48, 53, 'assessments', 'importedSpareParts', 'update', '464', NULL, '2019-07-21 18:58:54'),
(2109, 48, 53, 'assessments', 'researchAndDevelopment', 'update', '464', NULL, '2019-07-21 18:58:54'),
(2110, 48, 53, 'assessments', 'wages', 'update', '5464', NULL, '2019-07-21 18:58:54'),
(2111, 48, 53, 'assessments', 'annualDepreciation', 'update', '4646', NULL, '2019-07-21 18:58:54'),
(2112, 48, 53, 'assessments', 'administrativeExpenses', 'update', '464', NULL, '2019-07-21 18:58:54'),
(2113, 48, 53, 'assessments', 'marketingExpenses', 'update', '4646', NULL, '2019-07-21 18:58:54'),
(2114, 48, 53, 'assessments', 'localComponentsTotals', 'update', '5465', '675656757', '2019-07-21 18:58:54'),
(2115, 159, 53, 'attachments', NULL, 'create', NULL, NULL, '2019-07-21 19:00:07'),
(2116, 43, 53, 'requests', NULL, 'create', NULL, NULL, '2019-07-21 19:00:09'),
(2117, 51, 53, 'certificate', NULL, 'create', NULL, NULL, '2019-07-21 19:00:09'),
(2118, 159, 53, 'attachments', 'requestId', 'update', NULL, '43', '2019-07-21 19:00:09'),
(2119, 159, 53, 'attachments', 'isRepresentativeProof', 'update', '0', '0', '2019-07-21 19:00:09'),
(2120, 52, 53, 'certificate', NULL, 'create', NULL, NULL, '2019-07-21 19:02:10'),
(2121, 160, 53, 'attachments', NULL, 'create', NULL, NULL, '2019-07-21 19:02:11'),
(2122, 42, 53, 'requests', 'statusId', 'update', '5', '4', '2019-07-21 19:02:15'),
(2123, 42, 9, 'requests', 'isOriginalsReceived', 'update', '0', '1', '2019-07-21 19:02:47'),
(2124, 42, 9, 'requests', 'statusId', 'update', '4', '6', '2019-07-21 19:02:50'),
(2125, 11, 11, 'users', NULL, 'Login', NULL, NULL, '2019-07-21 19:03:51'),
(2126, 42, 11, 'requests', 'statusId', 'update', '7', '9', '2019-07-21 19:04:03'),
(2127, 42, 11, 'requests', 'isChamberMember', 'update', '0', '1', '2019-07-21 19:04:03'),
(2128, 42, 11, 'requests', 'statusId', 'update', '9', '12', '2019-07-21 19:04:25'),
(2129, 50, 11, 'certificates', 'certificateNumber', 'update', NULL, '16', '2019-07-21 19:04:25'),
(2130, 50, 11, 'certificates', 'issueDate', 'update', NULL, '2019-07-21 19:04:25', '2019-07-21 19:04:25'),
(2131, 52, 11, 'certificates', 'certificateNumber', 'update', NULL, '16', '2019-07-21 19:04:25'),
(2132, 52, 11, 'certificates', 'issueDate', 'update', NULL, '2019-07-21 19:04:25', '2019-07-21 19:04:25'),
(2133, 15, 15, 'users', NULL, 'Login', NULL, NULL, '2019-07-21 20:06:01'),
(2134, 51, 15, 'assessments', NULL, 'create', NULL, NULL, '2019-07-21 20:11:11'),
(2135, 161, 15, 'attachments', NULL, 'create', NULL, NULL, '2019-07-21 20:12:18'),
(2136, 44, 15, 'requests', NULL, 'create', NULL, NULL, '2019-07-21 20:12:22'),
(2137, 53, 15, 'certificate', NULL, 'create', NULL, NULL, '2019-07-21 20:12:22'),
(2138, 54, 15, 'certificate', NULL, 'create', NULL, NULL, '2019-07-21 20:12:22'),
(2139, 161, 15, 'attachments', 'requestId', 'update', NULL, '44', '2019-07-21 20:12:22'),
(2140, 161, 15, 'attachments', 'isRepresentativeProof', 'update', '0', '0', '2019-07-21 20:12:22'),
(2141, 10, 10, 'users', NULL, 'Login', NULL, NULL, '2019-07-21 20:14:23'),
(2142, 9, 9, 'users', NULL, 'Login', NULL, NULL, '2019-07-21 20:14:40'),
(2143, 44, 9, 'requests', 'statusId', 'update', '2', '4', '2019-07-21 20:14:45'),
(2144, 44, 9, 'requests', 'openedByEmployeeId', 'update', NULL, '5', '2019-07-21 20:14:45'),
(2145, 44, 9, 'requests', 'isOriginalsReceived', 'update', '0', '1', '2019-07-21 20:14:48'),
(2146, 44, 9, 'requests', 'statusId', 'update', '4', '5', '2019-07-21 20:14:58'),
(2147, 53, 53, 'users', NULL, 'Login', NULL, NULL, '2019-07-21 23:33:58'),
(2148, 9, 9, 'users', NULL, 'Login', NULL, NULL, '2019-07-21 23:37:56'),
(2149, 10, 10, 'users', NULL, 'Login', NULL, NULL, '2019-07-21 23:39:20'),
(2150, 53, 53, 'users', NULL, 'Login', NULL, NULL, '2019-07-21 23:48:33'),
(2151, 9, 9, 'users', NULL, 'Login', NULL, NULL, '2019-07-21 23:50:04'),
(2152, 43, 9, 'requests', 'statusId', 'update', '2', '4', '2019-07-21 23:50:57'),
(2153, 43, 9, 'requests', 'openedByEmployeeId', 'update', NULL, '5', '2019-07-21 23:50:57'),
(2154, 43, 9, 'requests', 'statusId', 'update', '4', '5', '2019-07-21 23:51:09'),
(2155, 52, 53, 'assessments', NULL, 'create', NULL, NULL, '2019-07-21 23:53:56'),
(2156, 47, 53, 'assessments', 'isTotals', 'update', '1', '1', '2019-07-21 23:54:55'),
(2157, 47, 53, 'assessments', 'importedComponentsTotals', 'update', '6734365', '673365', '2019-07-21 23:54:55'),
(2158, 47, 53, 'assessments', 'isTotals', 'update', '1', '1', '2019-07-21 23:55:46'),
(2159, 47, 53, 'assessments', 'importedComponentsTotals', 'update', '673365', '6735', '2019-07-21 23:55:46'),
(2160, 55, 53, 'certificate', NULL, 'create', NULL, NULL, '2019-07-21 23:56:18'),
(2161, 159, 53, 'attachments', 'requestId', 'update', '43', NULL, '2019-07-21 23:56:18'),
(2162, 159, 53, 'attachments', 'isRepresentativeProof', 'update', '0', '0', '2019-07-21 23:56:18'),
(2163, 159, 53, 'attachments', 'requestId', 'update', NULL, '43', '2019-07-21 23:56:18'),
(2164, 159, 53, 'attachments', 'isRepresentativeProof', 'update', '0', '0', '2019-07-21 23:56:18'),
(2165, 43, 53, 'requests', 'statusId', 'update', '5', '4', '2019-07-21 23:56:28'),
(2166, 43, 9, 'requests', 'isOriginalsReceived', 'update', '0', '1', '2019-07-21 23:57:01'),
(2167, 43, 9, 'requests', 'statusId', 'update', '4', '6', '2019-07-21 23:57:08'),
(2168, 10, 10, 'users', NULL, 'Login', NULL, NULL, '2019-07-21 23:57:45'),
(2169, 11, 11, 'users', NULL, 'Login', NULL, NULL, '2019-07-21 23:59:09'),
(2170, 12, 12, 'users', NULL, 'Login', NULL, NULL, '2019-07-22 00:00:09'),
(2171, 43, 12, 'requests', 'isSubscriptionFeesPaid', 'update', '0', '1', '2019-07-22 00:00:24'),
(2172, 11, 11, 'users', NULL, 'Login', NULL, NULL, '2019-07-22 00:01:10'),
(2173, 43, 11, 'requests', 'statusId', 'update', '7', '9', '2019-07-22 00:01:33'),
(2174, 43, 11, 'requests', 'isChamberMember', 'update', '0', '1', '2019-07-22 00:01:33'),
(2175, 43, 11, 'requests', 'isSubscriptionFeesPaid', 'update', '1', '1', '2019-07-22 00:01:33'),
(2176, 43, 11, 'requests', 'statusId', 'update', '9', '12', '2019-07-22 00:01:50'),
(2177, 51, 11, 'certificates', 'certificateNumber', 'update', NULL, '17', '2019-07-22 00:01:50'),
(2178, 51, 11, 'certificates', 'issueDate', 'update', NULL, '2019-07-22 00:01:50', '2019-07-22 00:01:50'),
(2179, 55, 11, 'certificates', 'certificateNumber', 'update', NULL, '17', '2019-07-22 00:01:50'),
(2180, 55, 11, 'certificates', 'issueDate', 'update', NULL, '2019-07-22 00:01:50', '2019-07-22 00:01:50'),
(2181, 9, 9, 'users', NULL, 'Login', NULL, NULL, '2019-07-22 09:20:06'),
(2182, 16, 16, 'users', NULL, 'Login', NULL, NULL, '2019-07-22 09:20:30'),
(2183, 1, 1, 'users', NULL, 'Login', NULL, NULL, '2019-07-22 09:22:39'),
(2184, 16, 16, 'users', NULL, 'Login', NULL, NULL, '2019-07-22 09:22:48'),
(2185, 5, 1, 'sections', NULL, 'create', NULL, NULL, '2019-07-22 09:23:33'),
(2186, 6, 1, 'sections', NULL, 'create', NULL, NULL, '2019-07-22 09:24:00'),
(2187, 54, 54, 'users', NULL, 'register', NULL, NULL, '2019-07-22 09:24:16'),
(2188, 55, 1, 'users', NULL, 'create', NULL, NULL, '2019-07-22 09:25:30'),
(2189, 53, 54, 'assessments', NULL, 'create', NULL, NULL, '2019-07-22 09:25:31'),
(2190, 56, 1, 'users', NULL, 'create', NULL, NULL, '2019-07-22 09:25:48'),
(2191, 1, 1, 'users', NULL, 'Login', NULL, NULL, '2019-07-22 09:27:16'),
(2192, 57, 1, 'users', NULL, 'create', NULL, NULL, '2019-07-22 09:27:43'),
(2193, 58, 1, 'users', NULL, 'create', NULL, NULL, '2019-07-22 09:34:02'),
(2194, 1, 1, 'users', NULL, 'Login', NULL, NULL, '2019-07-22 09:35:14'),
(2195, 59, 1, 'users', NULL, 'create', NULL, NULL, '2019-07-22 09:35:49'),
(2196, 1, 1, 'users', NULL, 'Login', NULL, NULL, '2019-07-22 09:37:02'),
(2197, 60, 1, 'users', NULL, 'create', NULL, NULL, '2019-07-22 09:37:29'),
(2198, 1, 1, 'users', NULL, 'Login', NULL, NULL, '2019-07-22 09:38:31'),
(2199, 54, 54, 'users', NULL, 'Login', NULL, NULL, '2019-07-22 09:38:51'),
(2200, 61, 1, 'users', NULL, 'create', NULL, NULL, '2019-07-22 09:39:35'),
(2201, 62, 1, 'users', NULL, 'create', NULL, NULL, '2019-07-22 09:40:29'),
(2202, 54, 54, 'assessments', NULL, 'create', NULL, NULL, '2019-07-22 09:43:08'),
(2203, 17, 54, 'applicants', 'legalEntityIdentifier', 'update', NULL, '12345678900', '2019-07-22 09:44:03'),
(2204, 17, 54, 'applicants', 'managerName', 'update', NULL, 'FEIEmployee@example.com', '2019-07-22 09:44:03'),
(2205, 17, 54, 'applicants', 'isInsideIndusterialArea', 'update', NULL, '1', '2019-07-22 09:44:03'),
(2206, 17, 54, 'applicants', 'governorateId', 'update', NULL, '5', '2019-07-22 09:44:03'),
(2207, 17, 54, 'applicants', 'cityId', 'update', NULL, '201', '2019-07-22 09:44:03'),
(2208, 17, 54, 'applicants', 'indusrialAreaName', 'update', NULL, 'test', '2019-07-22 09:44:03'),
(2209, 17, 54, 'applicants', 'blockNumber', 'update', NULL, '12', '2019-07-22 09:44:03'),
(2210, 17, 54, 'applicants', 'areaNumber', 'update', NULL, '121', '2019-07-22 09:44:03'),
(2211, 17, 54, 'applicants', 'telephone', 'update', NULL, '012154879865', '2019-07-22 09:44:03'),
(2212, 17, 54, 'applicants', 'fax', 'update', NULL, '131', '2019-07-22 09:44:03'),
(2213, 17, 54, 'applicants', 'authorityAcceptanceNumber', 'update', NULL, '2123', '2019-07-22 09:44:03'),
(2214, 17, 54, 'applicants', 'commercialRecord', 'update', NULL, '121', '2019-07-22 09:44:03'),
(2215, 17, 54, 'applicants', 'licenseNumber', 'update', NULL, '2312', '2019-07-22 09:44:03'),
(2216, 17, 54, 'applicants', 'factoryArea', 'update', NULL, '121', '2019-07-22 09:44:03'),
(2217, 17, 54, 'applicants', 'investmentCostAtConstructionTime', 'update', NULL, '3231', '2019-07-22 09:44:03'),
(2218, 17, 54, 'applicants', 'currentInvestmentCosts', 'update', NULL, '32312', '2019-07-22 09:44:03'),
(2219, 17, 54, 'applicants', 'taxCard', 'update', NULL, '12121', '2019-07-22 09:44:03'),
(2220, 17, 54, 'applicants', 'extentOfEnvironmentalConditionsImplementationAndTrashDisposal', 'update', NULL, '21', '2019-07-22 09:44:03'),
(2221, 17, 54, 'applicants', 'extentOfDangerousMaterialsUsage', 'update', NULL, '21', '2019-07-22 09:44:03'),
(2222, 17, 54, 'applicants', 'annualInsuranceValue', 'update', NULL, '212', '2019-07-22 09:44:03'),
(2223, 17, 54, 'applicants', 'certificatesAndExtentOfSpecificationsMatching', 'update', NULL, '3123', '2019-07-22 09:44:03'),
(2224, 17, 54, 'applicants', 'insuredWorkersCount', 'update', NULL, '1212', '2019-07-22 09:44:03'),
(2225, 17, 54, 'applicants', 'entryNumberInIndusterialRecord', 'update', NULL, '211231', '2019-07-22 09:44:03'),
(2226, 17, 54, 'applicants', 'yearOfFirstCertificate', 'update', NULL, '2019', '2019-07-22 09:44:03'),
(2227, 17, 54, 'applicants', 'expirationDate', 'update', NULL, '2020-01-01', '2019-07-22 09:44:03'),
(2228, 162, 54, 'attachments', NULL, 'create', NULL, NULL, '2019-07-22 09:45:15'),
(2229, 45, 54, 'requests', NULL, 'create', NULL, NULL, '2019-07-22 09:45:19'),
(2230, 56, 54, 'certificate', NULL, 'create', NULL, NULL, '2019-07-22 09:45:19'),
(2231, 57, 54, 'certificate', NULL, 'create', NULL, NULL, '2019-07-22 09:45:19'),
(2232, 162, 54, 'attachments', 'requestId', 'update', NULL, '45', '2019-07-22 09:45:19'),
(2233, 162, 54, 'attachments', 'isRepresentativeProof', 'update', '0', '0', '2019-07-22 09:45:19'),
(2234, 10, 10, 'users', NULL, 'Login', NULL, NULL, '2019-07-22 09:45:30'),
(2235, 45, 10, 'requests', 'statusId', 'update', '1', '2', '2019-07-22 09:45:41'),
(2236, 45, 10, 'requests', 'employeeId', 'update', NULL, '5', '2019-07-22 09:45:41'),
(2237, 9, 9, 'users', NULL, 'Login', NULL, NULL, '2019-07-22 09:45:53'),
(2238, 45, 9, 'requests', 'statusId', 'update', '2', '4', '2019-07-22 09:45:58'),
(2239, 45, 9, 'requests', 'openedByEmployeeId', 'update', NULL, '5', '2019-07-22 09:45:58'),
(2240, 45, 9, 'requests', 'statusId', 'update', '4', '5', '2019-07-22 09:46:26'),
(2241, 54, 54, 'users', NULL, 'Login', NULL, NULL, '2019-07-22 09:47:10'),
(2242, 162, 54, 'attachments', 'requestId', 'update', '45', NULL, '2019-07-22 09:47:28'),
(2243, 162, 54, 'attachments', 'isRepresentativeProof', 'update', '0', '0', '2019-07-22 09:47:28'),
(2244, 162, 54, 'attachments', 'requestId', 'update', NULL, '45', '2019-07-22 09:47:28'),
(2245, 162, 54, 'attachments', 'isRepresentativeProof', 'update', '0', '0', '2019-07-22 09:47:28'),
(2246, 163, 54, 'attachments', NULL, 'create', NULL, NULL, '2019-07-22 09:48:05'),
(2247, 45, 54, 'requests', 'chamberMemberNumber', 'update', '21123', '2112365', '2019-07-22 09:48:20'),
(2248, 45, 54, 'requests', 'representativeTypeId', 'update', '1', '2', '2019-07-22 09:48:20'),
(2249, 45, 54, 'requests', 'representativeDelegationNumber', 'update', '', '574545', '2019-07-22 09:48:20'),
(2250, 45, 54, 'requests', 'representativeDelegationIssuedBy', 'update', '', 'test', '2019-07-22 09:48:20'),
(2251, 162, 54, 'attachments', 'requestId', 'update', '45', NULL, '2019-07-22 09:48:20'),
(2252, 162, 54, 'attachments', 'isRepresentativeProof', 'update', '0', '0', '2019-07-22 09:48:20'),
(2253, 162, 54, 'attachments', 'requestId', 'update', NULL, '45', '2019-07-22 09:48:20'),
(2254, 162, 54, 'attachments', 'isRepresentativeProof', 'update', '0', '0', '2019-07-22 09:48:20'),
(2255, 163, 54, 'attachments', 'requestId', 'update', NULL, '45', '2019-07-22 09:48:20'),
(2256, 163, 54, 'attachments', 'isRepresentativeProof', 'update', '0', '1', '2019-07-22 09:48:20'),
(2257, 45, 54, 'requests', 'statusId', 'update', '5', '4', '2019-07-22 09:48:30'),
(2258, 61, 61, 'users', NULL, 'Login', NULL, NULL, '2019-07-22 09:49:14'),
(2259, 62, 62, 'users', NULL, 'Login', NULL, NULL, '2019-07-22 09:50:31'),
(2260, 9, 9, 'users', NULL, 'Login', NULL, NULL, '2019-07-22 09:51:00'),
(2261, 45, 9, 'requests', 'isOriginalsReceived', 'update', '0', '1', '2019-07-22 09:51:21'),
(2262, 45, 9, 'requests', 'statusId', 'update', '4', '6', '2019-07-22 09:51:24'),
(2263, 10, 10, 'users', NULL, 'Login', NULL, NULL, '2019-07-22 09:51:34'),
(2264, 12, 12, 'users', NULL, 'Login', NULL, NULL, '2019-07-22 09:51:50'),
(2265, 53, 53, 'users', NULL, 'Login', NULL, NULL, '2019-07-22 09:52:21'),
(2266, 28, 28, 'users', NULL, 'Login', NULL, NULL, '2019-07-22 09:52:51'),
(2267, 35, 12, 'requests', 'statusId', 'update', '7', '9', '2019-07-22 09:53:07'),
(2268, 35, 12, 'requests', 'isChamberMember', 'update', '0', '1', '2019-07-22 09:53:07'),
(2269, 35, 12, 'requests', 'isSubscriptionFeesPaid', 'update', '0', '1', '2019-07-22 09:53:07'),
(2270, 11, 11, 'users', NULL, 'Login', NULL, NULL, '2019-07-22 09:53:31'),
(2271, 35, 11, 'requests', 'statusId', 'update', '9', '12', '2019-07-22 09:54:40'),
(2272, 37, 11, 'certificates', 'certificateNumber', 'update', NULL, '18', '2019-07-22 09:54:40'),
(2273, 37, 11, 'certificates', 'issueDate', 'update', NULL, '2019-07-22 09:54:40', '2019-07-22 09:54:40'),
(2274, 38, 11, 'certificates', 'certificateNumber', 'update', NULL, '18', '2019-07-22 09:54:40'),
(2275, 38, 11, 'certificates', 'issueDate', 'update', NULL, '2019-07-22 09:54:40', '2019-07-22 09:54:40'),
(2276, 15, 15, 'users', NULL, 'Login', NULL, NULL, '2019-07-22 10:08:16'),
(2277, 1, 1, 'users', NULL, 'Login', NULL, NULL, '2019-07-22 10:12:22'),
(2278, 28, 28, 'users', NULL, 'Login', NULL, NULL, '2019-07-22 11:16:57'),
(2279, 55, 28, 'assessments', NULL, 'create', NULL, NULL, '2019-07-22 11:19:44'),
(2280, 164, 28, 'attachments', NULL, 'create', NULL, NULL, '2019-07-22 11:26:52'),
(2281, 46, 28, 'requests', NULL, 'create', NULL, NULL, '2019-07-22 11:27:16'),
(2282, 58, 28, 'certificate', NULL, 'create', NULL, NULL, '2019-07-22 11:27:16'),
(2283, 59, 28, 'certificate', NULL, 'create', NULL, NULL, '2019-07-22 11:27:16'),
(2284, 164, 28, 'attachments', 'requestId', 'update', NULL, '46', '2019-07-22 11:27:16'),
(2285, 164, 28, 'attachments', 'isRepresentativeProof', 'update', '0', '0', '2019-07-22 11:27:16'),
(2286, 10, 10, 'users', NULL, 'Login', NULL, NULL, '2019-07-22 11:29:06'),
(2287, 9, 9, 'users', NULL, 'Login', NULL, NULL, '2019-07-22 11:35:40'),
(2288, 46, 9, 'requests', 'statusId', 'update', '2', '4', '2019-07-22 11:41:42'),
(2289, 46, 9, 'requests', 'openedByEmployeeId', 'update', NULL, '5', '2019-07-22 11:41:42'),
(2290, 46, 9, 'requests', 'isOriginalsReceived', 'update', '0', '1', '2019-07-22 11:42:56'),
(2291, 46, 9, 'requests', 'statusId', 'update', '4', '6', '2019-07-22 11:43:00'),
(2292, 10, 10, 'users', NULL, 'Login', NULL, NULL, '2019-07-22 11:43:41'),
(2293, 11, 11, 'users', NULL, 'Login', NULL, NULL, '2019-07-22 11:45:44'),
(2294, 46, 11, 'requests', 'statusId', 'update', '7', '9', '2019-07-22 11:51:35'),
(2295, 46, 11, 'requests', 'isChamberMember', 'update', '0', '1', '2019-07-22 11:51:35'),
(2296, 46, 11, 'requests', 'statusId', 'update', '9', '12', '2019-07-22 11:51:45'),
(2297, 58, 11, 'certificates', 'certificateNumber', 'update', NULL, '19', '2019-07-22 11:51:45'),
(2298, 58, 11, 'certificates', 'issueDate', 'update', NULL, '2019-07-22 11:51:45', '2019-07-22 11:51:45'),
(2299, 59, 11, 'certificates', 'certificateNumber', 'update', NULL, '19', '2019-07-22 11:51:45'),
(2300, 59, 11, 'certificates', 'issueDate', 'update', NULL, '2019-07-22 11:51:45', '2019-07-22 11:51:45'),
(2301, 10, 10, 'users', NULL, 'Login', NULL, NULL, '2019-07-22 15:58:25'),
(2302, 15, 15, 'users', NULL, 'Login', NULL, NULL, '2019-07-25 12:56:52'),
(2303, 1, 1, 'users', NULL, 'Login', NULL, NULL, '2019-07-25 14:31:47'),
(2304, 37, 37, 'users', NULL, 'Login', NULL, NULL, '2019-07-25 14:37:25'),
(2305, 63, 63, 'users', NULL, 'register', NULL, NULL, '2019-07-25 14:38:56'),
(2306, 56, 63, 'assessments', NULL, 'create', NULL, NULL, '2019-07-25 14:41:12'),
(2307, 18, 63, 'applicants', 'legalEntityIdentifier', 'update', NULL, '123454', '2019-07-25 14:44:19'),
(2308, 18, 63, 'applicants', 'managerName', 'update', NULL, 'ahmed', '2019-07-25 14:44:19'),
(2309, 18, 63, 'applicants', 'isInsideIndusterialArea', 'update', NULL, '0', '2019-07-25 14:44:19'),
(2310, 18, 63, 'applicants', 'governorateId', 'update', NULL, '1', '2019-07-25 14:44:19'),
(2311, 18, 63, 'applicants', 'cityId', 'update', NULL, '1', '2019-07-25 14:44:19'),
(2312, 18, 63, 'applicants', 'areaOrDistrict', 'update', NULL, 'الدقي', '2019-07-25 14:44:19'),
(2313, 18, 63, 'applicants', 'buildingNumber', 'update', NULL, '1', '2019-07-25 14:44:19'),
(2314, 18, 63, 'applicants', 'telephone', 'update', NULL, '012333333333', '2019-07-25 14:44:19'),
(2315, 18, 63, 'applicants', 'authorityAcceptanceNumber', 'update', NULL, '254', '2019-07-25 14:44:19'),
(2316, 18, 63, 'applicants', 'commercialRecord', 'update', NULL, '75', '2019-07-25 14:44:19'),
(2317, 18, 63, 'applicants', 'licenseNumber', 'update', NULL, '147', '2019-07-25 14:44:19'),
(2318, 18, 63, 'applicants', 'factoryArea', 'update', NULL, '145', '2019-07-25 14:44:19'),
(2319, 18, 63, 'applicants', 'investmentCostAtConstructionTime', 'update', NULL, '45', '2019-07-25 14:44:19'),
(2320, 18, 63, 'applicants', 'currentInvestmentCosts', 'update', NULL, '55', '2019-07-25 14:44:19'),
(2321, 18, 63, 'applicants', 'taxCard', 'update', NULL, '145', '2019-07-25 14:44:19'),
(2322, 18, 63, 'applicants', 'extentOfEnvironmentalConditionsImplementationAndTrashDisposal', 'update', NULL, '100', '2019-07-25 14:44:19'),
(2323, 18, 63, 'applicants', 'extentOfDangerousMaterialsUsage', 'update', NULL, '50', '2019-07-25 14:44:19'),
(2324, 18, 63, 'applicants', 'annualInsuranceValue', 'update', NULL, '145', '2019-07-25 14:44:19'),
(2325, 18, 63, 'applicants', 'certificatesAndExtentOfSpecificationsMatching', 'update', NULL, 'no', '2019-07-25 14:44:19'),
(2326, 18, 63, 'applicants', 'insuredWorkersCount', 'update', NULL, '12', '2019-07-25 14:44:19'),
(2327, 18, 63, 'applicants', 'entryNumberInIndusterialRecord', 'update', NULL, '145', '2019-07-25 14:44:19'),
(2328, 18, 63, 'applicants', 'yearOfFirstCertificate', 'update', NULL, '2018', '2019-07-25 14:44:19'),
(2329, 18, 63, 'applicants', 'expirationDate', 'update', NULL, '2019-07-22', '2019-07-25 14:44:19'),
(2330, 63, 63, 'users', NULL, 'Login', NULL, NULL, '2019-07-25 14:46:31'),
(2331, 63, 63, 'users', NULL, 'Login', NULL, NULL, '2019-07-25 14:54:30'),
(2332, 11, 11, 'users', NULL, 'Login', NULL, NULL, '2019-07-25 15:17:20'),
(2333, 14, 14, 'users', NULL, 'Login', NULL, NULL, '2019-07-25 15:26:53'),
(2334, 1, 1, 'users', NULL, 'Login', NULL, NULL, '2019-07-25 15:28:29'),
(2335, 15, 15, 'users', NULL, 'Login', NULL, NULL, '2019-07-29 10:25:14'),
(2336, 15, 15, 'users', NULL, 'Login', NULL, NULL, '2019-07-30 12:50:22'),
(2337, 9, 9, 'users', NULL, 'Login', NULL, NULL, '2019-08-05 09:40:30'),
(2338, 15, 15, 'users', NULL, 'Login', NULL, NULL, '2019-08-05 12:32:22'),
(2339, 15, 15, 'users', NULL, 'Login', NULL, NULL, '2019-08-05 17:27:35'),
(2340, 15, 15, 'users', NULL, 'Login', NULL, NULL, '2019-08-07 14:49:42'),
(2341, 1, 1, 'users', NULL, 'Login', NULL, NULL, '2019-08-07 19:35:54'),
(2342, 15, 15, 'users', NULL, 'Login', NULL, NULL, '2019-08-08 19:44:58'),
(2343, 11, 11, 'users', NULL, 'Login', NULL, NULL, '2019-08-14 15:58:21'),
(2344, 11, 11, 'users', NULL, 'Login', NULL, NULL, '2019-08-15 09:11:45'),
(2345, 45, 11, 'requests', 'statusId', 'update', '7', '9', '2019-08-15 09:12:27'),
(2346, 45, 11, 'requests', 'isChamberMember', 'update', '0', '1', '2019-08-15 09:12:27'),
(2347, 1, 1, 'users', NULL, 'Login', NULL, NULL, '2019-08-18 10:38:30'),
(2348, 15, 15, 'users', NULL, 'Login', NULL, NULL, '2019-08-18 10:39:15'),
(2349, 15, 15, 'users', NULL, 'Login', NULL, NULL, '2019-08-18 13:09:23'),
(2350, 15, 15, 'users', NULL, 'Login', NULL, NULL, '2019-08-18 15:04:00'),
(2351, 64, 64, 'users', NULL, 'register', NULL, NULL, '2019-08-21 13:26:24'),
(2352, 11, 11, 'users', NULL, 'Login', NULL, NULL, '2019-08-21 14:28:27'),
(2353, 9, 9, 'users', NULL, 'Login', NULL, NULL, '2019-08-21 14:28:35'),
(2354, 1, 1, 'users', NULL, 'Login', NULL, NULL, '2019-08-21 14:33:34'),
(2355, 11, 11, 'users', NULL, 'Login', NULL, NULL, '2019-08-22 14:45:21'),
(2356, 15, 15, 'users', NULL, 'Login', NULL, NULL, '2019-08-22 14:46:33'),
(2357, 9, 9, 'users', NULL, 'Login', NULL, NULL, '2019-08-22 15:03:30'),
(2358, 10, 10, 'users', NULL, 'Login', NULL, NULL, '2019-08-26 11:28:16'),
(2359, 9, 9, 'users', NULL, 'Login', NULL, NULL, '2019-08-26 11:33:37'),
(2360, 64, 64, 'users', NULL, 'Login', NULL, NULL, '2019-08-26 11:35:32'),
(2361, 57, 64, 'assessments', NULL, 'create', NULL, NULL, '2019-08-26 11:38:11'),
(2362, 19, 64, 'applicants', 'legalEntityIdentifier', 'update', NULL, 'sfs', '2019-08-26 11:40:32'),
(2363, 19, 64, 'applicants', 'managerName', 'update', NULL, 'wfdttf', '2019-08-26 11:40:32'),
(2364, 19, 64, 'applicants', 'isInsideIndusterialArea', 'update', NULL, '0', '2019-08-26 11:40:32'),
(2365, 19, 64, 'applicants', 'governorateId', 'update', NULL, '2', '2019-08-26 11:40:32'),
(2366, 19, 64, 'applicants', 'cityId', 'update', NULL, '4', '2019-08-26 11:40:32'),
(2367, 19, 64, 'applicants', 'areaOrDistrict', 'update', NULL, 'hdshf', '2019-08-26 11:40:32'),
(2368, 19, 64, 'applicants', 'buildingNumber', 'update', NULL, '2', '2019-08-26 11:40:32'),
(2369, 19, 64, 'applicants', 'telephone', 'update', NULL, '35534434434', '2019-08-26 11:40:32'),
(2370, 19, 64, 'applicants', 'authorityAcceptanceNumber', 'update', NULL, '5452', '2019-08-26 11:40:32'),
(2371, 19, 64, 'applicants', 'commercialRecord', 'update', NULL, '6564', '2019-08-26 11:40:32'),
(2372, 19, 64, 'applicants', 'licenseNumber', 'update', NULL, '67676', '2019-08-26 11:40:32'),
(2373, 19, 64, 'applicants', 'factoryArea', 'update', NULL, '6767', '2019-08-26 11:40:32'),
(2374, 19, 64, 'applicants', 'investmentCostAtConstructionTime', 'update', NULL, '7676767', '2019-08-26 11:40:32'),
(2375, 19, 64, 'applicants', 'currentInvestmentCosts', 'update', NULL, '67676', '2019-08-26 11:40:32'),
(2376, 19, 64, 'applicants', 'taxCard', 'update', NULL, '7676', '2019-08-26 11:40:32'),
(2377, 19, 64, 'applicants', 'extentOfEnvironmentalConditionsImplementationAndTrashDisposal', 'update', NULL, '65', '2019-08-26 11:40:32'),
(2378, 19, 64, 'applicants', 'extentOfDangerousMaterialsUsage', 'update', NULL, '6', '2019-08-26 11:40:32'),
(2379, 19, 64, 'applicants', 'annualInsuranceValue', 'update', NULL, '6565', '2019-08-26 11:40:32'),
(2380, 19, 64, 'applicants', 'certificatesAndExtentOfSpecificationsMatching', 'update', NULL, 'mjhcdj', '2019-08-26 11:40:32'),
(2381, 19, 64, 'applicants', 'insuredWorkersCount', 'update', NULL, '66556', '2019-08-26 11:40:32'),
(2382, 19, 64, 'applicants', 'entryNumberInIndusterialRecord', 'update', NULL, '56565', '2019-08-26 11:40:32'),
(2383, 19, 64, 'applicants', 'yearOfFirstCertificate', 'update', NULL, '6565', '2019-08-26 11:40:32'),
(2384, 19, 64, 'applicants', 'expirationDate', 'update', NULL, '2056-01-19', '2019-08-26 11:40:32'),
(2385, 165, 64, 'attachments', NULL, 'create', NULL, NULL, '2019-08-26 11:43:21'),
(2386, 47, 64, 'requests', NULL, 'create', NULL, NULL, '2019-08-26 11:43:26'),
(2387, 60, 64, 'certificate', NULL, 'create', NULL, NULL, '2019-08-26 11:43:26'),
(2388, 61, 64, 'certificate', NULL, 'create', NULL, NULL, '2019-08-26 11:43:26'),
(2389, 165, 64, 'attachments', 'requestId', 'update', NULL, '47', '2019-08-26 11:43:26'),
(2390, 165, 64, 'attachments', 'isRepresentativeProof', 'update', '0', '0', '2019-08-26 11:43:26'),
(2391, 10, 10, 'users', NULL, 'Login', NULL, NULL, '2019-08-26 11:44:08'),
(2392, 47, 10, 'requests', 'statusId', 'update', '1', '2', '2019-08-26 11:44:55'),
(2393, 47, 10, 'requests', 'employeeId', 'update', NULL, '5', '2019-08-26 11:44:55'),
(2394, 9, 9, 'users', NULL, 'Login', NULL, NULL, '2019-08-26 11:45:12'),
(2395, 47, 9, 'requests', 'statusId', 'update', '2', '4', '2019-08-26 11:46:16'),
(2396, 47, 9, 'requests', 'openedByEmployeeId', 'update', NULL, '5', '2019-08-26 11:46:16'),
(2397, 47, 9, 'requests', 'isOriginalsReceived', 'update', '0', '1', '2019-08-26 11:47:07'),
(2398, 47, 9, 'requests', 'statusId', 'update', '4', '6', '2019-08-26 11:47:14'),
(2399, 10, 10, 'users', NULL, 'Login', NULL, NULL, '2019-08-26 11:48:20'),
(2400, 11, 11, 'users', NULL, 'Login', NULL, NULL, '2019-08-26 11:50:01');
INSERT INTO `log` (`id`, `RecordId`, `createdByUserId`, `TableName`, `Column`, `Action`, `oldValue`, `newValue`, `createdAt`) VALUES
(2401, 13, 13, 'users', NULL, 'Login', NULL, NULL, '2019-08-26 11:54:15'),
(2402, 14, 14, 'users', NULL, 'Login', NULL, NULL, '2019-08-26 11:54:54'),
(2403, 1, 1, 'users', NULL, 'Login', NULL, NULL, '2019-08-26 11:55:45'),
(2404, 15, 15, 'users', NULL, 'Login', NULL, NULL, '2019-08-26 16:07:05'),
(2405, 15, 15, 'users', NULL, 'Login', NULL, NULL, '2019-08-27 10:13:53'),
(2406, 1, 1, 'users', NULL, 'Login', NULL, NULL, '2019-08-27 11:30:46'),
(2407, 15, 15, 'users', NULL, 'Login', NULL, NULL, '2019-08-27 12:42:11'),
(2408, 15, 15, 'users', NULL, 'Login', NULL, NULL, '2019-08-27 12:44:12'),
(2409, 15, 15, 'users', NULL, 'Login', NULL, NULL, '2019-08-27 13:58:12'),
(2410, 15, 15, 'users', NULL, 'Login', NULL, NULL, '2019-08-27 14:08:32'),
(2411, 11, 11, 'users', NULL, 'Login', NULL, NULL, '2019-08-27 14:20:38'),
(2412, 15, 15, 'users', NULL, 'Login', NULL, NULL, '2019-08-27 14:23:45'),
(2413, 15, 15, 'users', NULL, 'Login', NULL, NULL, '2019-08-27 14:28:27'),
(2414, 15, 15, 'users', NULL, 'Login', NULL, NULL, '2019-08-27 15:59:52'),
(2415, 15, 15, 'users', NULL, 'Login', NULL, NULL, '2019-08-27 16:50:42'),
(2416, 15, 15, 'users', NULL, 'Login', NULL, NULL, '2019-08-27 17:01:12'),
(2417, 1, 1, 'users', NULL, 'Login', NULL, NULL, '2019-08-28 08:41:07'),
(2418, 11, 11, 'users', NULL, 'Login', NULL, NULL, '2019-08-28 10:46:26'),
(2419, 15, 15, 'users', NULL, 'Login', NULL, NULL, '2019-08-28 10:48:33'),
(2420, 11, 11, 'users', NULL, 'Login', NULL, NULL, '2019-08-28 10:55:27'),
(2421, 15, 15, 'users', NULL, 'Login', NULL, NULL, '2019-08-28 10:59:05'),
(2422, 65, 65, 'users', NULL, 'register', NULL, NULL, '2019-08-28 11:02:29'),
(2423, 58, 65, 'assessments', NULL, 'create', NULL, NULL, '2019-08-28 11:04:32'),
(2424, 20, 65, 'applicants', 'legalEntityIdentifier', 'update', NULL, '212112', '2019-08-28 11:07:58'),
(2425, 20, 65, 'applicants', 'managerName', 'update', NULL, 'Soiman', '2019-08-28 11:07:58'),
(2426, 20, 65, 'applicants', 'sectorId', 'update', NULL, '1', '2019-08-28 11:07:58'),
(2427, 20, 65, 'applicants', 'isInsideIndusterialArea', 'update', NULL, '0', '2019-08-28 11:07:58'),
(2428, 20, 65, 'applicants', 'governorateId', 'update', NULL, '1', '2019-08-28 11:07:58'),
(2429, 20, 65, 'applicants', 'cityId', 'update', NULL, '1', '2019-08-28 11:07:58'),
(2430, 20, 65, 'applicants', 'areaOrDistrict', 'update', NULL, 'Cairo', '2019-08-28 11:07:58'),
(2431, 20, 65, 'applicants', 'buildingNumber', 'update', NULL, '1213', '2019-08-28 11:07:58'),
(2432, 20, 65, 'applicants', 'telephone', 'update', NULL, '01214434345', '2019-08-28 11:07:58'),
(2433, 20, 65, 'applicants', 'fax', 'update', NULL, '0212236354', '2019-08-28 11:07:58'),
(2434, 20, 65, 'applicants', 'authorityAcceptanceNumber', 'update', NULL, '132213', '2019-08-28 11:07:58'),
(2435, 20, 65, 'applicants', 'commercialRecord', 'update', NULL, '1323', '2019-08-28 11:07:58'),
(2436, 20, 65, 'applicants', 'licenseNumber', 'update', NULL, '32132', '2019-08-28 11:07:58'),
(2437, 20, 65, 'applicants', 'factoryArea', 'update', NULL, '32123', '2019-08-28 11:07:58'),
(2438, 20, 65, 'applicants', 'investmentCostAtConstructionTime', 'update', NULL, '3213212', '2019-08-28 11:07:58'),
(2439, 20, 65, 'applicants', 'currentInvestmentCosts', 'update', NULL, '32133', '2019-08-28 11:07:58'),
(2440, 20, 65, 'applicants', 'taxCard', 'update', NULL, '2131', '2019-08-28 11:07:58'),
(2441, 20, 65, 'applicants', 'extentOfEnvironmentalConditionsImplementationAndTrashDisposal', 'update', NULL, '90', '2019-08-28 11:07:58'),
(2442, 20, 65, 'applicants', 'extentOfDangerousMaterialsUsage', 'update', NULL, '12', '2019-08-28 11:07:58'),
(2443, 20, 65, 'applicants', 'annualInsuranceValue', 'update', NULL, '1222', '2019-08-28 11:07:58'),
(2444, 20, 65, 'applicants', 'certificatesAndExtentOfSpecificationsMatching', 'update', NULL, '121', '2019-08-28 11:07:58'),
(2445, 20, 65, 'applicants', 'insuredWorkersCount', 'update', NULL, '122', '2019-08-28 11:07:58'),
(2446, 20, 65, 'applicants', 'entryNumberInIndusterialRecord', 'update', NULL, '1321233', '2019-08-28 11:07:58'),
(2447, 20, 65, 'applicants', 'yearOfFirstCertificate', 'update', NULL, '2015', '2019-08-28 11:07:58'),
(2448, 20, 65, 'applicants', 'expirationDate', 'update', NULL, '2020-08-31', '2019-08-28 11:07:58'),
(2449, 166, 65, 'attachments', NULL, 'create', NULL, NULL, '2019-08-28 11:10:05'),
(2450, 48, 65, 'requests', NULL, 'create', NULL, NULL, '2019-08-28 11:10:09'),
(2451, 62, 65, 'certificate', NULL, 'create', NULL, NULL, '2019-08-28 11:10:09'),
(2452, 63, 65, 'certificate', NULL, 'create', NULL, NULL, '2019-08-28 11:10:09'),
(2453, 166, 65, 'attachments', 'requestId', 'update', NULL, '48', '2019-08-28 11:10:09'),
(2454, 166, 65, 'attachments', 'isRepresentativeProof', 'update', '0', '0', '2019-08-28 11:10:09'),
(2455, 9, 9, 'users', NULL, 'Login', NULL, NULL, '2019-08-28 11:11:08'),
(2456, 65, 65, 'users', NULL, 'Login', NULL, NULL, '2019-08-28 11:12:01'),
(2457, 9, 9, 'users', NULL, 'Login', NULL, NULL, '2019-08-28 11:12:39'),
(2458, 48, 9, 'requests', 'statusId', 'update', '2', '4', '2019-08-28 11:12:55'),
(2459, 48, 9, 'requests', 'openedByEmployeeId', 'update', NULL, '5', '2019-08-28 11:12:55'),
(2460, 48, 9, 'requests', 'isOriginalsReceived', 'update', '0', '1', '2019-08-28 11:13:09'),
(2461, 48, 9, 'requests', 'statusId', 'update', '4', '6', '2019-08-28 11:13:15'),
(2462, 10, 10, 'users', NULL, 'Login', NULL, NULL, '2019-08-28 11:13:53'),
(2463, 11, 11, 'users', NULL, 'Login', NULL, NULL, '2019-08-28 11:14:22'),
(2464, 48, 11, 'requests', 'statusId', 'update', '7', '9', '2019-08-28 11:15:28'),
(2465, 48, 11, 'requests', 'isChamberMember', 'update', '0', '1', '2019-08-28 11:15:28'),
(2466, 48, 11, 'requests', 'isSubscriptionFeesPaid', 'update', '0', '1', '2019-08-28 11:15:28'),
(2467, 48, 11, 'requests', 'statusId', 'update', '9', '12', '2019-08-28 11:15:32'),
(2468, 62, 11, 'certificates', 'certificateNumber', 'update', NULL, '20', '2019-08-28 11:15:32'),
(2469, 62, 11, 'certificates', 'issueDate', 'update', NULL, '2019-08-28 11:15:32', '2019-08-28 11:15:32'),
(2470, 63, 11, 'certificates', 'certificateNumber', 'update', NULL, '20', '2019-08-28 11:15:32'),
(2471, 63, 11, 'certificates', 'issueDate', 'update', NULL, '2019-08-28 11:15:32', '2019-08-28 11:15:32'),
(2472, 65, 65, 'users', NULL, 'Login', NULL, NULL, '2019-08-28 11:15:58'),
(2473, 15, 15, 'users', NULL, 'Login', NULL, NULL, '2019-08-28 12:05:50'),
(2474, 11, 11, 'users', NULL, 'Login', NULL, NULL, '2019-08-28 12:06:31'),
(2475, 1, 1, 'users', NULL, 'Login', NULL, NULL, '2019-08-28 12:06:56'),
(2476, 15, 15, 'users', NULL, 'Login', NULL, NULL, '2019-08-28 12:09:04'),
(2477, 15, 15, 'users', NULL, 'Login', NULL, NULL, '2019-08-28 14:18:06'),
(2478, 15, 15, 'users', NULL, 'Login', NULL, NULL, '2019-08-28 15:27:42'),
(2479, 15, 15, 'users', NULL, 'Login', NULL, NULL, '2019-08-28 16:05:10'),
(2480, 65, 65, 'users', NULL, 'Login', NULL, NULL, '2019-08-28 16:18:18'),
(2481, 65, 65, 'users', NULL, 'Login', NULL, NULL, '2019-08-28 17:25:06'),
(2482, 65, 65, 'users', NULL, 'Login', NULL, NULL, '2019-08-28 17:44:20'),
(2483, 65, 65, 'users', NULL, 'Login', NULL, NULL, '2019-08-29 09:17:27'),
(2484, 11, 11, 'users', NULL, 'Login', NULL, NULL, '2019-08-29 09:46:16'),
(2485, 11, 11, 'users', NULL, 'Login', NULL, NULL, '2019-08-29 09:59:52'),
(2486, 65, 65, 'users', NULL, 'Login', NULL, NULL, '2019-08-29 10:00:04'),
(2487, 15, 15, 'users', NULL, 'Login', NULL, NULL, '2019-08-29 10:27:25'),
(2488, 9, 9, 'users', NULL, 'Login', NULL, NULL, '2019-08-29 10:42:00'),
(2489, 1, 1, 'users', NULL, 'Login', NULL, NULL, '2019-08-29 10:43:27'),
(2490, 11, 11, 'users', NULL, 'Login', NULL, NULL, '2019-08-29 10:44:23'),
(2491, 65, 65, 'users', NULL, 'Login', NULL, NULL, '2019-08-29 10:45:31'),
(2492, 11, 11, 'users', NULL, 'Login', NULL, NULL, '2019-08-29 11:29:11'),
(2493, 14, 14, 'users', NULL, 'Login', NULL, NULL, '2019-08-29 11:37:02'),
(2494, 9, 9, 'users', NULL, 'Login', NULL, NULL, '2019-08-29 12:48:30'),
(2495, 11, 11, 'users', NULL, 'Login', NULL, NULL, '2019-08-29 12:48:54'),
(2496, 11, 11, 'users', NULL, 'Login', NULL, NULL, '2019-08-29 13:55:57'),
(2497, 11, 11, 'users', NULL, 'Login', NULL, NULL, '2019-08-29 14:29:54'),
(2498, 11, 11, 'users', NULL, 'Login', NULL, NULL, '2019-08-29 15:10:26'),
(2499, 47, 11, 'requests', 'statusId', 'update', '7', '9', '2019-08-29 15:39:51'),
(2500, 47, 11, 'requests', 'isChamberMember', 'update', '0', '1', '2019-08-29 15:39:51'),
(2501, 11, 11, 'users', NULL, 'Login', NULL, NULL, '2019-08-29 16:51:04'),
(2502, 1, 1, 'users', NULL, 'Login', NULL, NULL, '2019-08-31 10:09:32'),
(2503, 10, 10, 'users', NULL, 'Login', NULL, NULL, '2019-08-31 10:10:31'),
(2504, 1, 1, 'users', NULL, 'Login', NULL, NULL, '2019-09-01 08:07:00'),
(2505, 11, 11, 'users', NULL, 'Login', NULL, NULL, '2019-09-01 09:40:20'),
(2506, 11, 11, 'users', NULL, 'Login', NULL, NULL, '2019-09-01 12:46:52'),
(2507, 11, 11, 'users', NULL, 'Login', NULL, NULL, '2019-09-01 14:24:54'),
(2508, 15, 15, 'users', NULL, 'Login', NULL, NULL, '2019-09-01 14:35:07'),
(2509, 1, 1, 'users', NULL, 'Login', NULL, NULL, '2019-09-01 14:59:37'),
(2510, 66, 66, 'users', NULL, 'register', NULL, NULL, '2019-09-01 15:30:38'),
(2511, 15, 15, 'users', NULL, 'Login', NULL, NULL, '2019-09-01 15:56:50'),
(2512, 10, 10, 'users', NULL, 'Login', NULL, NULL, '2019-09-01 16:00:54'),
(2513, 10, 10, 'users', NULL, 'Login', NULL, NULL, '2019-09-01 16:02:20'),
(2514, 1, 1, 'users', NULL, 'Login', NULL, NULL, '2019-09-01 16:17:49'),
(2515, 15, 15, 'users', NULL, 'Login', NULL, NULL, '2019-09-01 16:36:34'),
(2516, 15, 15, 'users', NULL, 'Login', NULL, NULL, '2019-09-01 16:46:41'),
(2517, 15, 15, 'users', NULL, 'Login', NULL, NULL, '2019-09-01 16:47:10'),
(2518, 15, 15, 'users', NULL, 'Login', NULL, NULL, '2019-09-01 16:54:48'),
(2519, 15, 15, 'users', NULL, 'Login', NULL, NULL, '2019-09-01 17:07:55'),
(2520, 15, 15, 'users', NULL, 'Login', NULL, NULL, '2019-09-01 17:09:14'),
(2521, 11, 11, 'users', NULL, 'Login', NULL, NULL, '2019-09-01 17:12:54'),
(2522, 1, 1, 'users', NULL, 'Login', NULL, NULL, '2019-09-01 17:13:17'),
(2523, 1, 1, 'users', NULL, 'Login', NULL, NULL, '2019-09-01 17:28:32'),
(2524, 1, 1, 'users', NULL, 'Login', NULL, NULL, '2019-09-01 17:38:57'),
(2525, 15, 15, 'users', NULL, 'Login', NULL, NULL, '2019-09-01 19:29:58'),
(2526, 15, 15, 'users', NULL, 'Login', NULL, NULL, '2019-09-01 20:34:39'),
(2527, 59, 15, 'assessments', NULL, 'create', NULL, NULL, '2019-09-01 20:35:14'),
(2528, 60, 15, 'assessments', NULL, 'create', NULL, NULL, '2019-09-01 20:44:30'),
(2529, 61, 15, 'assessments', NULL, 'create', NULL, NULL, '2019-09-01 21:00:21'),
(2530, 64, 65, 'certificate', NULL, 'create', NULL, NULL, '2019-09-01 23:09:21'),
(2531, 65, 65, 'certificate', NULL, 'create', NULL, NULL, '2019-09-01 23:11:11'),
(2532, 49, 65, 'requests', NULL, 'create', NULL, NULL, '2019-09-01 23:25:08'),
(2533, 63, 65, 'assessment', NULL, 'create', NULL, NULL, '2019-09-01 23:25:08'),
(2534, 50, 65, 'requests', NULL, 'create', NULL, NULL, '2019-09-01 23:30:04'),
(2535, 64, 65, 'assessment', NULL, 'create', NULL, NULL, '2019-09-01 23:30:04'),
(2536, 66, 65, 'certificate', NULL, 'create', NULL, NULL, '2019-09-01 23:30:04'),
(2537, 51, 65, 'requests', NULL, 'create', NULL, NULL, '2019-09-01 23:34:14'),
(2538, 65, 65, 'assessment', NULL, 'create', NULL, NULL, '2019-09-01 23:34:14'),
(2539, 67, 65, 'certificate', NULL, 'create', NULL, NULL, '2019-09-01 23:34:14'),
(2540, 52, 65, 'requests', NULL, 'create', NULL, NULL, '2019-09-02 00:36:54'),
(2541, 66, 65, 'assessment', NULL, 'create', NULL, NULL, '2019-09-02 00:36:54'),
(2542, 68, 65, 'certificate', NULL, 'create', NULL, NULL, '2019-09-02 00:36:54'),
(2543, 15, 15, 'users', NULL, 'Login', NULL, NULL, '2019-09-02 08:57:27'),
(2544, 1, 1, 'users', NULL, 'Login', NULL, NULL, '2019-09-02 09:24:55'),
(2545, 1, 1, 'users', NULL, 'Login', NULL, NULL, '2019-09-02 11:22:17'),
(2546, 1, 1, 'users', NULL, 'Login', NULL, NULL, '2019-09-02 11:43:11'),
(2547, 15, 15, 'users', NULL, 'Login', NULL, NULL, '2019-09-02 12:05:47'),
(2548, 15, 15, 'users', NULL, 'Login', NULL, NULL, '2019-09-02 12:48:55'),
(2549, 53, 65, 'requests', NULL, 'create', NULL, NULL, '2019-09-02 19:42:39'),
(2550, 67, 65, 'assessment', NULL, 'create', NULL, NULL, '2019-09-02 19:42:39'),
(2551, 69, 65, 'certificate', NULL, 'create', NULL, NULL, '2019-09-02 19:42:39'),
(2552, 11, 11, 'users', NULL, 'Login', NULL, NULL, '2019-09-02 21:18:56'),
(2553, 67, 67, 'users', NULL, 'register', NULL, NULL, '2019-09-03 10:13:19'),
(2554, 67, 67, 'users', 'resetPasswordCode', 'reset', NULL, NULL, '2019-09-03 10:13:58'),
(2555, 10, 10, 'users', NULL, 'Login', NULL, NULL, '2019-09-03 15:06:32'),
(2556, 12, 12, 'users', NULL, 'Login', NULL, NULL, '2019-09-03 15:10:51'),
(2557, 11, 11, 'users', NULL, 'Login', NULL, NULL, '2019-09-03 15:11:29'),
(2558, 10, 10, 'users', NULL, 'Login', NULL, NULL, '2019-09-03 15:13:17'),
(2559, 9, 9, 'users', NULL, 'Login', NULL, NULL, '2019-09-03 15:14:28'),
(2560, 40, 9, 'requests', 'isOriginalsReceived', 'update', '0', '1', '2019-09-03 15:14:57'),
(2561, 40, 9, 'requests', 'statusId', 'update', '4', '6', '2019-09-03 15:15:09'),
(2562, 10, 10, 'users', NULL, 'Login', NULL, NULL, '2019-09-03 15:15:28'),
(2563, 10, 10, 'users', NULL, 'Login', NULL, NULL, '2019-09-03 15:21:42'),
(2564, 9, 9, 'users', NULL, 'Login', NULL, NULL, '2019-09-03 15:28:29'),
(2565, 1, 1, 'users', NULL, 'Login', NULL, NULL, '2019-09-03 15:28:58'),
(2566, 13, 13, 'users', NULL, 'Login', NULL, NULL, '2019-09-03 15:31:46'),
(2567, 13, 13, 'users', NULL, 'Login', NULL, NULL, '2019-09-03 15:32:32'),
(2568, 14, 14, 'users', NULL, 'Login', NULL, NULL, '2019-09-03 15:33:45'),
(2569, 11, 11, 'users', NULL, 'Login', NULL, NULL, '2019-09-03 16:22:05'),
(2570, 1, 1, 'users', NULL, 'Login', NULL, NULL, '2019-09-03 16:22:43'),
(2571, 11, 11, 'users', NULL, 'Login', NULL, NULL, '2019-09-03 16:25:45'),
(2572, 1, 1, 'users', NULL, 'Login', NULL, NULL, '2019-09-03 16:28:10'),
(2573, 1, 1, 'users', NULL, 'Login', NULL, NULL, '2019-09-03 17:33:03'),
(2574, 4, 10, 'assessments', 'productName', 'update', 'test from swagger', 'test for change', '2019-09-03 21:32:19'),
(2575, 11, 11, 'users', NULL, 'Login', NULL, NULL, '2019-09-03 21:36:49'),
(2576, 10, 10, 'users', NULL, 'Login', NULL, NULL, '2019-09-03 21:37:27'),
(2577, 1, 1, 'users', NULL, 'Login', NULL, NULL, '2019-09-03 21:38:31'),
(2578, 10, 10, 'users', NULL, 'Login', NULL, NULL, '2019-09-04 09:01:51'),
(2579, 11, 11, 'users', NULL, 'Login', NULL, NULL, '2019-09-04 09:08:34'),
(2580, 10, 10, 'users', NULL, 'Login', NULL, NULL, '2019-09-04 09:10:00'),
(2581, 11, 11, 'users', NULL, 'Login', NULL, NULL, '2019-09-04 09:14:29'),
(2582, 10, 10, 'users', NULL, 'Login', NULL, NULL, '2019-09-04 09:21:43'),
(2583, 1, 1, 'users', NULL, 'Login', NULL, NULL, '2019-09-04 09:34:41'),
(2584, 1, 1, 'users', NULL, 'Login', NULL, NULL, '2019-09-04 09:51:14'),
(2585, 1, 1, 'users', NULL, 'Login', NULL, NULL, '2019-09-04 09:53:00'),
(2586, 10, 10, 'users', NULL, 'Login', NULL, NULL, '2019-09-04 10:25:15'),
(2587, 15, 15, 'users', NULL, 'Login', NULL, NULL, '2019-09-04 11:03:31'),
(2588, 15, 15, 'users', NULL, 'Login', NULL, NULL, '2019-09-04 11:21:32'),
(2589, 1, 1, 'users', NULL, 'Login', NULL, NULL, '2019-09-04 11:34:07'),
(2590, 14, 1, 'chambers', 'assessmentMethod', 'update', '1', '2', '2019-09-04 11:37:51'),
(2591, 14, 10, 'assessments', 'productName', 'update', 'ملابس جاهزه', 'ملابس جاهزه 1', '2019-09-04 11:40:05'),
(2592, 14, 10, 'assessments', 'productName', 'update', 'ملابس جاهزه 1', 'ملابس جاهزه 2', '2019-09-04 11:40:30'),
(2593, 14, 10, 'assessments', 'productName', 'update', 'ملابس جاهزه 2', 'ملابس جاهزه 3', '2019-09-04 11:40:37'),
(2594, 22, 10, 'assessments', 'productName', 'update', '1988', '19888', '2019-09-04 11:41:17'),
(2595, 1, 1, 'users', NULL, 'Login', NULL, NULL, '2019-09-04 11:53:52'),
(2596, 9, 9, 'users', NULL, 'Login', NULL, NULL, '2019-09-04 11:54:03'),
(2597, 29, 9, 'requests', 'statusId', 'update', '4', '6', '2019-09-04 11:54:32'),
(2598, 10, 10, 'users', NULL, 'Login', NULL, NULL, '2019-09-04 11:54:47'),
(2599, 9, 9, 'users', NULL, 'Login', NULL, NULL, '2019-09-04 12:22:09'),
(2600, 26, 9, 'requests', 'statusId', 'update', '3', '4', '2019-09-04 12:22:32'),
(2601, 26, 9, 'requests', 'isOriginalsReceived', 'update', '0', '1', '2019-09-04 12:23:05'),
(2602, 26, 9, 'requests', 'statusId', 'update', '4', '6', '2019-09-04 12:23:22'),
(2603, 10, 10, 'users', NULL, 'Login', NULL, NULL, '2019-09-04 12:24:30'),
(2604, 22, 10, 'assessments', 'productName', 'update', '19888', '1988', '2019-09-04 12:25:06'),
(2605, 1, 1, 'users', NULL, 'Login', NULL, NULL, '2019-09-04 12:30:28'),
(2606, 15, 15, 'users', NULL, 'Login', NULL, NULL, '2019-09-04 12:31:53'),
(2607, 1, 1, 'users', NULL, 'Login', NULL, NULL, '2019-09-04 12:36:43'),
(2608, 1, 1, 'users', NULL, 'Login', NULL, NULL, '2019-09-04 12:40:43'),
(2609, 1, 1, 'users', NULL, 'Login', NULL, NULL, '2019-09-04 12:46:29'),
(2610, 15, 15, 'users', NULL, 'Login', NULL, NULL, '2019-09-04 12:50:06'),
(2611, 1, 1, 'users', NULL, 'Login', NULL, NULL, '2019-09-04 14:20:15'),
(2612, 15, 15, 'users', NULL, 'Login', NULL, NULL, '2019-09-04 14:55:38'),
(2613, 65, 65, 'users', NULL, 'Login', NULL, NULL, '2019-09-04 15:08:58'),
(2614, 15, 15, 'users', NULL, 'Login', NULL, NULL, '2019-09-04 15:29:23'),
(2615, 15, 15, 'users', NULL, 'Login', NULL, NULL, '2019-09-04 16:14:26'),
(2616, 10, 10, 'users', NULL, 'Login', NULL, NULL, '2019-09-06 10:12:55'),
(2617, 9, 9, 'users', NULL, 'Login', NULL, NULL, '2019-09-06 11:24:52'),
(2618, 11, 11, 'users', NULL, 'Login', NULL, NULL, '2019-09-06 11:28:12'),
(2619, 29, 11, 'requests', 'statusId', 'update', '7', '9', '2019-09-06 11:30:50'),
(2620, 29, 11, 'requests', 'isChamberMember', 'update', '0', '1', '2019-09-06 11:30:50'),
(2621, 29, 11, 'requests', 'isSubscriptionFeesPaid', 'update', '0', '1', '2019-09-06 11:30:50'),
(2622, 29, 11, 'requests', 'statusId', 'update', '9', '12', '2019-09-06 11:30:53'),
(2623, 27, 11, 'certificates', 'certificateNumber', 'update', NULL, '21', '2019-09-06 11:30:53'),
(2624, 27, 11, 'certificates', 'issueDate', 'update', NULL, '2019-09-06 11:30:53', '2019-09-06 11:30:53'),
(2625, 28, 11, 'certificates', 'certificateNumber', 'update', '0', '21', '2019-09-06 11:30:53'),
(2626, 28, 11, 'certificates', 'issueDate', 'update', NULL, '2019-09-06 11:30:53', '2019-09-06 11:30:53'),
(2627, 11, 11, 'users', NULL, 'Login', NULL, NULL, '2019-09-06 15:13:25'),
(2628, 15, 15, 'users', NULL, 'Login', NULL, NULL, '2019-09-08 09:38:03'),
(2629, 11, 11, 'users', NULL, 'Login', NULL, NULL, '2019-09-08 09:46:07'),
(2630, 1, 1, 'users', NULL, 'Login', NULL, NULL, '2019-09-08 09:57:11'),
(2631, 11, 11, 'users', NULL, 'Login', NULL, NULL, '2019-09-08 10:06:33'),
(2632, 15, 15, 'users', NULL, 'Login', NULL, NULL, '2019-09-08 10:11:27'),
(2633, 54, 15, 'requests', NULL, 'create', NULL, NULL, '2019-09-08 10:14:30'),
(2634, 68, 15, 'assessment', NULL, 'create', NULL, NULL, '2019-09-08 10:14:30'),
(2635, 70, 15, 'certificate', NULL, 'create', NULL, NULL, '2019-09-08 10:14:30'),
(2636, 55, 15, 'requests', NULL, 'create', NULL, NULL, '2019-09-08 10:22:12'),
(2637, 69, 15, 'assessment', NULL, 'create', NULL, NULL, '2019-09-08 10:22:12'),
(2638, 71, 15, 'certificate', NULL, 'create', NULL, NULL, '2019-09-08 10:22:12'),
(2639, 56, 15, 'requests', NULL, 'create', NULL, NULL, '2019-09-08 10:22:29'),
(2640, 70, 15, 'assessment', NULL, 'create', NULL, NULL, '2019-09-08 10:22:29'),
(2641, 72, 15, 'certificate', NULL, 'create', NULL, NULL, '2019-09-08 10:22:29'),
(2642, 15, 15, 'users', NULL, 'Login', NULL, NULL, '2019-09-08 10:34:09'),
(2643, 57, 15, 'requests', NULL, 'create', NULL, NULL, '2019-09-08 10:34:27'),
(2644, 71, 15, 'assessment', NULL, 'create', NULL, NULL, '2019-09-08 10:34:27'),
(2645, 73, 15, 'certificate', NULL, 'create', NULL, NULL, '2019-09-08 10:34:27'),
(2646, 58, 15, 'requests', NULL, 'create', NULL, NULL, '2019-09-08 10:38:20'),
(2647, 72, 15, 'assessment', NULL, 'create', NULL, NULL, '2019-09-08 10:38:20'),
(2648, 74, 15, 'certificate', NULL, 'create', NULL, NULL, '2019-09-08 10:38:20'),
(2649, 59, 15, 'requests', NULL, 'create', NULL, NULL, '2019-09-08 10:39:11'),
(2650, 73, 15, 'assessment', NULL, 'create', NULL, NULL, '2019-09-08 10:39:11'),
(2651, 75, 15, 'certificate', NULL, 'create', NULL, NULL, '2019-09-08 10:39:11'),
(2652, 60, 15, 'requests', NULL, 'create', NULL, NULL, '2019-09-08 10:41:47'),
(2653, 74, 15, 'assessment', NULL, 'create', NULL, NULL, '2019-09-08 10:41:47'),
(2654, 76, 15, 'certificate', NULL, 'create', NULL, NULL, '2019-09-08 10:41:47'),
(2655, 61, 15, 'requests', NULL, 'create', NULL, NULL, '2019-09-08 10:48:25'),
(2656, 75, 15, 'assessment', NULL, 'create', NULL, NULL, '2019-09-08 10:48:25'),
(2657, 77, 15, 'certificate', NULL, 'create', NULL, NULL, '2019-09-08 10:48:25'),
(2658, 62, 15, 'requests', NULL, 'create', NULL, NULL, '2019-09-08 10:49:33'),
(2659, 76, 15, 'assessment', NULL, 'create', NULL, NULL, '2019-09-08 10:49:33'),
(2660, 78, 15, 'certificate', NULL, 'create', NULL, NULL, '2019-09-08 10:49:33'),
(2661, 63, 15, 'requests', NULL, 'create', NULL, NULL, '2019-09-08 10:55:45'),
(2662, 77, 15, 'assessment', NULL, 'create', NULL, NULL, '2019-09-08 10:55:45'),
(2663, 79, 15, 'certificate', NULL, 'create', NULL, NULL, '2019-09-08 10:55:45'),
(2664, 64, 15, 'requests', NULL, 'create', NULL, NULL, '2019-09-08 11:06:21'),
(2665, 78, 15, 'assessment', NULL, 'create', NULL, NULL, '2019-09-08 11:06:21'),
(2666, 80, 15, 'certificate', NULL, 'create', NULL, NULL, '2019-09-08 11:06:21'),
(2667, 65, 15, 'requests', NULL, 'create', NULL, NULL, '2019-09-08 11:21:13'),
(2668, 79, 15, 'assessment', NULL, 'create', NULL, NULL, '2019-09-08 11:21:13'),
(2669, 81, 15, 'certificate', NULL, 'create', NULL, NULL, '2019-09-08 11:21:13'),
(2670, 66, 15, 'requests', NULL, 'create', NULL, NULL, '2019-09-08 11:21:50'),
(2671, 80, 15, 'assessment', NULL, 'create', NULL, NULL, '2019-09-08 11:21:50'),
(2672, 82, 15, 'certificate', NULL, 'create', NULL, NULL, '2019-09-08 11:21:50'),
(2673, 67, 15, 'requests', NULL, 'create', NULL, NULL, '2019-09-08 11:24:39'),
(2674, 81, 15, 'assessment', NULL, 'create', NULL, NULL, '2019-09-08 11:24:39'),
(2675, 83, 15, 'certificate', NULL, 'create', NULL, NULL, '2019-09-08 11:24:39'),
(2676, 15, 15, 'users', NULL, 'Login', NULL, NULL, '2019-09-08 12:07:07'),
(2677, 68, 15, 'requests', NULL, 'create', NULL, NULL, '2019-09-08 12:08:26'),
(2678, 82, 15, 'assessment', NULL, 'create', NULL, NULL, '2019-09-08 12:08:26'),
(2679, 84, 15, 'certificate', NULL, 'create', NULL, NULL, '2019-09-08 12:08:26'),
(2680, 11, 11, 'users', NULL, 'Login', NULL, NULL, '2019-09-08 12:08:58'),
(2681, 15, 15, 'users', NULL, 'Login', NULL, NULL, '2019-09-08 12:10:41'),
(2682, 69, 15, 'requests', NULL, 'create', NULL, NULL, '2019-09-08 12:10:53'),
(2683, 83, 15, 'assessment', NULL, 'create', NULL, NULL, '2019-09-08 12:10:53'),
(2684, 85, 15, 'certificate', NULL, 'create', NULL, NULL, '2019-09-08 12:10:53'),
(2685, 186, 15, 'attachments', NULL, 'create', NULL, NULL, '2019-09-08 12:15:33'),
(2686, 70, 15, 'requests', NULL, 'create', NULL, NULL, '2019-09-08 12:17:03'),
(2687, 84, 15, 'assessment', NULL, 'create', NULL, NULL, '2019-09-08 12:17:03'),
(2688, 86, 15, 'certificate', NULL, 'create', NULL, NULL, '2019-09-08 12:17:03'),
(2689, 71, 15, 'requests', NULL, 'create', NULL, NULL, '2019-09-08 12:18:31'),
(2690, 85, 15, 'assessment', NULL, 'create', NULL, NULL, '2019-09-08 12:18:31'),
(2691, 87, 15, 'certificate', NULL, 'create', NULL, NULL, '2019-09-08 12:18:31'),
(2692, 72, 15, 'requests', NULL, 'create', NULL, NULL, '2019-09-08 12:26:17'),
(2693, 86, 15, 'assessment', NULL, 'create', NULL, NULL, '2019-09-08 12:26:17'),
(2694, 88, 15, 'certificate', NULL, 'create', NULL, NULL, '2019-09-08 12:26:17'),
(2695, 1, 1, 'users', NULL, 'Login', NULL, NULL, '2019-09-08 12:32:00'),
(2696, 73, 15, 'requests', NULL, 'create', NULL, NULL, '2019-09-08 12:43:50'),
(2697, 87, 15, 'assessment', NULL, 'create', NULL, NULL, '2019-09-08 12:43:50'),
(2698, 89, 15, 'certificate', NULL, 'create', NULL, NULL, '2019-09-08 12:43:50'),
(2699, 191, 15, 'attachments', NULL, 'create', NULL, NULL, '2019-09-08 12:44:09'),
(2700, 73, 15, 'requests', 'statusId', 'update', '13', '1', '2019-09-08 12:44:12'),
(2701, 190, 15, 'attachments', 'requestId', 'update', '73', NULL, '2019-09-08 12:44:12'),
(2702, 190, 15, 'attachments', 'isRepresentativeProof', 'update', '0', '0', '2019-09-08 12:44:12'),
(2703, 190, 15, 'attachments', 'requestId', 'update', NULL, '73', '2019-09-08 12:44:12'),
(2704, 190, 15, 'attachments', 'isRepresentativeProof', 'update', '0', '0', '2019-09-08 12:44:12'),
(2705, 191, 15, 'attachments', 'requestId', 'update', NULL, '73', '2019-09-08 12:44:12'),
(2706, 191, 15, 'attachments', 'isRepresentativeProof', 'update', '0', '0', '2019-09-08 12:44:12'),
(2707, 74, 15, 'requests', NULL, 'create', NULL, NULL, '2019-09-08 12:44:39'),
(2708, 88, 15, 'assessment', NULL, 'create', NULL, NULL, '2019-09-08 12:44:39'),
(2709, 90, 15, 'certificate', NULL, 'create', NULL, NULL, '2019-09-08 12:44:39'),
(2710, 74, 15, 'requests', 'statusId', 'update', '13', '1', '2019-09-08 12:44:44'),
(2711, 192, 15, 'attachments', 'requestId', 'update', '74', NULL, '2019-09-08 12:44:44'),
(2712, 192, 15, 'attachments', 'isRepresentativeProof', 'update', '0', '0', '2019-09-08 12:44:44'),
(2713, 192, 15, 'attachments', 'requestId', 'update', NULL, '74', '2019-09-08 12:44:44'),
(2714, 192, 15, 'attachments', 'isRepresentativeProof', 'update', '0', '0', '2019-09-08 12:44:44'),
(2715, 75, 15, 'requests', NULL, 'create', NULL, NULL, '2019-09-08 12:45:18'),
(2716, 89, 15, 'assessment', NULL, 'create', NULL, NULL, '2019-09-08 12:45:18'),
(2717, 91, 15, 'certificate', NULL, 'create', NULL, NULL, '2019-09-08 12:45:18'),
(2718, 11, 11, 'users', NULL, 'Login', NULL, NULL, '2019-09-08 12:46:17'),
(2719, 11, 11, 'users', NULL, 'Login', NULL, NULL, '2019-09-08 13:08:39'),
(2720, 10, 10, 'users', NULL, 'Login', NULL, NULL, '2019-09-08 13:15:27'),
(2721, 11, 11, 'users', NULL, 'Login', NULL, NULL, '2019-09-08 14:20:52'),
(2722, 11, 11, 'users', NULL, 'Login', NULL, NULL, '2019-09-08 14:21:08'),
(2723, 11, 11, 'users', NULL, 'Login', NULL, NULL, '2019-09-08 14:21:28'),
(2724, 11, 11, 'users', NULL, 'Login', NULL, NULL, '2019-09-08 14:22:45'),
(2725, 11, 11, 'users', NULL, 'Login', NULL, NULL, '2019-09-08 14:24:31'),
(2726, 11, 11, 'users', NULL, 'Login', NULL, NULL, '2019-09-08 14:25:32'),
(2727, 10, 10, 'users', NULL, 'Login', NULL, NULL, '2019-09-08 14:44:21'),
(2728, 5, 15, 'assessments', 'isPackaging', 'update', '0', '0', '2019-09-08 14:50:01'),
(2729, 5, 15, 'assessments', 'isImported', 'update', '0', '0', '2019-09-08 14:50:01'),
(2730, 11, 11, 'users', NULL, 'Login', NULL, NULL, '2019-09-08 15:28:14'),
(2731, 9, 9, 'users', NULL, 'Login', NULL, NULL, '2019-09-08 15:30:35'),
(2732, 74, 9, 'requests', 'statusId', 'update', '2', '4', '2019-09-08 15:30:44'),
(2733, 74, 9, 'requests', 'statusId', 'update', '4', '6', '2019-09-08 15:31:05'),
(2734, 11, 11, 'users', NULL, 'Login', NULL, NULL, '2019-09-08 15:31:43'),
(2735, 10, 10, 'users', NULL, 'Login', NULL, NULL, '2019-09-08 15:33:00'),
(2736, 11, 11, 'users', NULL, 'Login', NULL, NULL, '2019-09-08 15:41:02'),
(2737, 10, 10, 'users', NULL, 'Login', NULL, NULL, '2019-09-08 15:41:34'),
(2738, 9, 9, 'users', NULL, 'Login', NULL, NULL, '2019-09-08 15:41:56'),
(2739, 15, 15, 'users', NULL, 'Login', NULL, NULL, '2019-09-08 15:44:33'),
(2740, 76, 15, 'requests', NULL, 'create', NULL, NULL, '2019-09-08 15:46:01'),
(2741, 90, 15, 'assessment', NULL, 'create', NULL, NULL, '2019-09-08 15:46:01'),
(2742, 92, 15, 'certificate', NULL, 'create', NULL, NULL, '2019-09-08 15:46:01'),
(2743, 11, 11, 'users', NULL, 'Login', NULL, NULL, '2019-09-08 15:47:46'),
(2744, 10, 10, 'users', NULL, 'Login', NULL, NULL, '2019-09-08 15:50:15'),
(2745, 11, 11, 'users', NULL, 'Login', NULL, NULL, '2019-09-08 15:53:03'),
(2746, 10, 10, 'users', NULL, 'Login', NULL, NULL, '2019-09-08 16:12:31'),
(2747, 15, 15, 'users', NULL, 'Login', NULL, NULL, '2019-09-08 16:17:30'),
(2748, 11, 11, 'users', NULL, 'Login', NULL, NULL, '2019-09-08 16:18:59'),
(2749, 10, 10, 'users', NULL, 'Login', NULL, NULL, '2019-09-08 16:19:39'),
(2750, 9, 9, 'users', NULL, 'Login', NULL, NULL, '2019-09-08 16:19:50'),
(2751, 15, 15, 'users', NULL, 'Login', NULL, NULL, '2019-09-08 16:20:08'),
(2752, 11, 11, 'users', NULL, 'Login', NULL, NULL, '2019-09-08 16:20:37'),
(2753, 15, 15, 'users', NULL, 'Login', NULL, NULL, '2019-09-08 17:02:13'),
(2754, 11, 11, 'users', NULL, 'Login', NULL, NULL, '2019-09-08 17:03:01'),
(2755, 15, 15, 'users', NULL, 'Login', NULL, NULL, '2019-09-08 17:25:10'),
(2756, 11, 11, 'users', NULL, 'Login', NULL, NULL, '2019-09-08 17:25:32'),
(2757, 15, 15, 'users', NULL, 'Login', NULL, NULL, '2019-09-08 17:29:38'),
(2758, 11, 11, 'users', NULL, 'Login', NULL, NULL, '2019-09-08 17:30:05'),
(2759, 15, 15, 'users', NULL, 'Login', NULL, NULL, '2019-09-08 21:48:17'),
(2760, 15, 15, 'users', NULL, 'Login', NULL, NULL, '2019-09-09 09:27:52'),
(2761, 15, 15, 'users', NULL, 'Login', NULL, NULL, '2019-09-09 09:59:40'),
(2762, 11, 11, 'users', NULL, 'Login', NULL, NULL, '2019-09-09 10:10:35'),
(2763, 11, 11, 'users', NULL, 'Login', NULL, NULL, '2019-09-09 10:51:31'),
(2764, 11, 11, 'users', NULL, 'Login', NULL, NULL, '2019-09-09 12:07:58'),
(2765, 1, 1, 'users', NULL, 'Login', NULL, NULL, '2019-09-09 12:11:11'),
(2766, 1, 1, 'users', NULL, 'Login', NULL, NULL, '2019-09-09 12:11:14'),
(2767, 15, 15, 'users', NULL, 'Login', NULL, NULL, '2019-09-09 12:11:31'),
(2768, 15, 15, 'users', NULL, 'Login', NULL, NULL, '2019-09-09 12:17:02'),
(2769, 1, 15, 'applicants', 'legalEntityIdentifier', 'update', '122445', '122446', '2019-09-09 12:17:59'),
(2770, 1, 1, 'users', NULL, 'Login', NULL, NULL, '2019-09-09 12:22:56'),
(2771, 15, 15, 'users', NULL, 'Login', NULL, NULL, '2019-09-09 12:43:24'),
(2772, 11, 11, 'users', NULL, 'Login', NULL, NULL, '2019-09-09 12:45:14'),
(2773, 15, 15, 'users', NULL, 'Login', NULL, NULL, '2019-09-09 12:47:58'),
(2774, 195, 15, 'attachments', NULL, 'create', NULL, NULL, '2019-09-09 12:49:30'),
(2775, 77, 15, 'requests', NULL, 'create', NULL, NULL, '2019-09-09 12:49:33'),
(2776, 93, 15, 'certificate', NULL, 'create', NULL, NULL, '2019-09-09 12:49:33'),
(2777, 94, 15, 'certificate', NULL, 'create', NULL, NULL, '2019-09-09 12:49:33'),
(2778, 195, 15, 'attachments', 'requestId', 'update', NULL, '77', '2019-09-09 12:49:33'),
(2779, 195, 15, 'attachments', 'isRepresentativeProof', 'update', '0', '0', '2019-09-09 12:49:33'),
(2780, 9, 9, 'users', NULL, 'Login', NULL, NULL, '2019-09-09 12:49:47'),
(2781, 10, 10, 'users', NULL, 'Login', NULL, NULL, '2019-09-09 12:50:30'),
(2782, 77, 10, 'requests', 'statusId', 'update', '1', '2', '2019-09-09 12:50:54'),
(2783, 77, 10, 'requests', 'employeeId', 'update', NULL, '5', '2019-09-09 12:50:54'),
(2784, 9, 9, 'users', NULL, 'Login', NULL, NULL, '2019-09-09 12:51:07'),
(2785, 77, 9, 'requests', 'statusId', 'update', '2', '4', '2019-09-09 12:51:16'),
(2786, 77, 9, 'requests', 'openedByEmployeeId', 'update', NULL, '5', '2019-09-09 12:51:16'),
(2787, 77, 9, 'requests', 'isOriginalsReceived', 'update', '0', '1', '2019-09-09 12:51:28'),
(2788, 77, 9, 'requests', 'statusId', 'update', '4', '6', '2019-09-09 12:51:42'),
(2789, 10, 10, 'users', NULL, 'Login', NULL, NULL, '2019-09-09 12:51:54'),
(2790, 11, 11, 'users', NULL, 'Login', NULL, NULL, '2019-09-09 12:52:31'),
(2791, 77, 11, 'requests', 'statusId', 'update', '7', '9', '2019-09-09 12:52:57'),
(2792, 77, 11, 'requests', 'isChamberMember', 'update', '0', '1', '2019-09-09 12:52:57'),
(2793, 77, 11, 'requests', 'statusId', 'update', '9', '12', '2019-09-09 13:01:15'),
(2794, 93, 11, 'certificates', 'certificateNumber', 'update', NULL, '22', '2019-09-09 13:01:15'),
(2795, 93, 11, 'certificates', 'issueDate', 'update', NULL, '2019-09-09 13:01:15', '2019-09-09 13:01:15'),
(2796, 94, 11, 'certificates', 'certificateNumber', 'update', NULL, '22', '2019-09-09 13:01:15'),
(2797, 94, 11, 'certificates', 'issueDate', 'update', NULL, '2019-09-09 13:01:15', '2019-09-09 13:01:15'),
(2798, 11, 11, 'users', NULL, 'Login', NULL, NULL, '2019-09-09 14:20:44'),
(2799, 1, 1, 'users', NULL, 'Login', NULL, NULL, '2019-09-09 14:23:42'),
(2800, 11, 11, 'users', NULL, 'Login', NULL, NULL, '2019-09-09 14:44:02'),
(2801, 15, 15, 'users', NULL, 'Login', NULL, NULL, '2019-09-09 14:53:25'),
(2802, 1, 1, 'users', NULL, 'Login', NULL, NULL, '2019-09-09 14:53:35'),
(2803, 1, 1, 'users', NULL, 'Login', NULL, NULL, '2019-09-09 15:35:25'),
(2804, 11, 11, 'users', NULL, 'Login', NULL, NULL, '2019-09-09 15:52:58'),
(2805, 11, 11, 'users', NULL, 'Login', NULL, NULL, '2019-09-09 15:53:03'),
(2806, 11, 11, 'users', NULL, 'Login', NULL, NULL, '2019-09-09 15:53:25'),
(2807, 10, 10, 'users', NULL, 'Login', NULL, NULL, '2019-09-09 16:42:56'),
(2808, 15, 15, 'users', NULL, 'Login', NULL, NULL, '2019-09-09 16:54:53'),
(2809, 10, 10, 'users', NULL, 'Login', NULL, NULL, '2019-09-09 16:55:36'),
(2810, 87, 10, 'assessments', 'productName', 'update', 'product', 'منتج جديد', '2019-09-09 16:56:19'),
(2811, 11, 11, 'users', NULL, 'Login', NULL, NULL, '2019-09-09 17:05:13'),
(2812, 9, 9, 'users', NULL, 'Login', NULL, NULL, '2019-09-09 17:21:41'),
(2813, 73, 9, 'requests', 'statusId', 'update', '2', '4', '2019-09-09 17:29:41'),
(2814, 73, 9, 'requests', 'isOriginalsReceived', 'update', '1', '1', '2019-09-09 17:32:49'),
(2815, 73, 9, 'requests', 'isOriginalsReceived', 'update', '1', '1', '2019-09-09 17:33:10'),
(2816, 11, 11, 'users', NULL, 'Login', NULL, NULL, '2019-09-09 17:46:00'),
(2817, 11, 11, 'users', NULL, 'Login', NULL, NULL, '2019-09-10 09:30:55'),
(2818, 11, 11, 'users', NULL, 'Login', NULL, NULL, '2019-09-10 10:32:34'),
(2819, 11, 11, 'users', NULL, 'Login', NULL, NULL, '2019-09-10 10:44:28'),
(2820, 15, 15, 'users', NULL, 'Login', NULL, NULL, '2019-09-10 11:02:04'),
(2821, 10, 10, 'users', NULL, 'Login', NULL, NULL, '2019-09-10 11:02:35'),
(2822, 11, 11, 'users', NULL, 'Login', NULL, NULL, '2019-09-10 11:02:46'),
(2823, 15, 15, 'users', NULL, 'Login', NULL, NULL, '2019-09-10 11:15:56'),
(2824, 11, 11, 'users', NULL, 'Login', NULL, NULL, '2019-09-10 11:17:04'),
(2825, 26, 11, 'requests', 'statusId', 'update', '7', '9', '2019-09-10 11:17:54'),
(2826, 26, 11, 'requests', 'isChamberMember', 'update', '0', '1', '2019-09-10 11:17:54'),
(2827, 26, 11, 'requests', 'isSubscriptionFeesPaid', 'update', '0', '1', '2019-09-10 11:17:54'),
(2828, 26, 11, 'requests', 'statusId', 'update', '9', '12', '2019-09-10 11:21:15'),
(2829, 21, 11, 'certificates', 'certificateNumber', 'update', NULL, '23', '2019-09-10 11:21:15'),
(2830, 21, 11, 'certificates', 'issueDate', 'update', NULL, '2019-09-10 11:21:15', '2019-09-10 11:21:15'),
(2831, 22, 11, 'certificates', 'certificateNumber', 'update', NULL, '23', '2019-09-10 11:21:15'),
(2832, 22, 11, 'certificates', 'issueDate', 'update', NULL, '2019-09-10 11:21:15', '2019-09-10 11:21:15'),
(2833, 1, 1, 'users', NULL, 'Login', NULL, NULL, '2019-09-10 11:24:23'),
(2834, 1, 1, 'settings', 'executiveManagerName', 'update', 'FEI Manager', 'مدير الاتحاد', '2019-09-10 11:24:41'),
(2835, 11, 11, 'users', NULL, 'Login', NULL, NULL, '2019-09-10 11:24:53'),
(2836, 11, 11, 'users', NULL, 'Login', NULL, NULL, '2019-09-10 11:26:00'),
(2837, 11, 11, 'users', NULL, 'Login', NULL, NULL, '2019-09-10 11:26:41'),
(2838, 11, 11, 'users', NULL, 'Login', NULL, NULL, '2019-09-10 11:29:27'),
(2839, 11, 11, 'users', NULL, 'Login', NULL, NULL, '2019-09-10 11:30:51'),
(2840, 11, 11, 'users', NULL, 'Login', NULL, NULL, '2019-09-10 11:33:59'),
(2841, 11, 11, 'users', NULL, 'Login', NULL, NULL, '2019-09-10 11:34:46'),
(2842, 11, 11, 'users', NULL, 'Login', NULL, NULL, '2019-09-10 11:38:50'),
(2843, 12, 12, 'users', NULL, 'Login', NULL, NULL, '2019-09-10 11:39:02'),
(2844, 13, 13, 'users', NULL, 'Login', NULL, NULL, '2019-09-10 11:44:01'),
(2845, 14, 14, 'users', NULL, 'Login', NULL, NULL, '2019-09-10 11:51:52'),
(2846, 15, 15, 'users', NULL, 'Login', NULL, NULL, '2019-09-10 12:12:27'),
(2847, 11, 11, 'users', NULL, 'Login', NULL, NULL, '2019-09-10 12:13:13'),
(2848, 11, 11, 'users', NULL, 'Login', NULL, NULL, '2019-09-10 12:36:40'),
(2849, 11, 11, 'users', NULL, 'Login', NULL, NULL, '2019-09-10 14:45:27'),
(2850, 15, 15, 'users', NULL, 'Login', NULL, NULL, '2019-09-10 15:55:17'),
(2851, 11, 11, 'users', NULL, 'Login', NULL, NULL, '2019-09-10 15:56:11'),
(2852, 11, 11, 'users', NULL, 'Login', NULL, NULL, '2019-09-10 17:02:34'),
(2853, 11, 11, 'users', NULL, 'Login', NULL, NULL, '2019-09-10 17:54:38'),
(2854, 15, 15, 'users', NULL, 'Login', NULL, NULL, '2019-09-10 18:09:59'),
(2855, 11, 11, 'users', NULL, 'Login', NULL, NULL, '2019-09-10 18:11:40'),
(2856, 11, 11, 'users', NULL, 'Login', NULL, NULL, '2019-09-11 09:25:11'),
(2857, 11, 11, 'users', NULL, 'Login', NULL, NULL, '2019-09-11 09:55:13'),
(2858, 11, 11, 'users', NULL, 'Login', NULL, NULL, '2019-09-11 10:23:40'),
(2859, 1, 1, 'users', NULL, 'Login', NULL, NULL, '2019-09-11 10:33:02'),
(2860, 15, 15, 'users', NULL, 'Login', NULL, NULL, '2019-09-11 16:30:00'),
(2861, 91, 15, 'assessments', NULL, 'create', NULL, NULL, '2019-09-12 09:37:01'),
(2862, 15, 15, 'users', NULL, 'Login', NULL, NULL, '2019-09-12 09:37:06'),
(2863, 92, 15, 'assessments', NULL, 'create', NULL, NULL, '2019-09-12 09:38:47'),
(2864, 11, 11, 'users', NULL, 'Login', NULL, NULL, '2019-09-12 09:54:58'),
(2865, 15, 15, 'users', NULL, 'Login', NULL, NULL, '2019-09-12 09:57:49'),
(2866, 11, 11, 'users', NULL, 'Login', NULL, NULL, '2019-09-12 10:04:43'),
(2867, 15, 15, 'users', NULL, 'Login', NULL, NULL, '2019-09-12 10:38:06'),
(2868, 1, 1, 'users', NULL, 'Login', NULL, NULL, '2019-09-12 11:03:28'),
(2869, 1, 1, 'users', NULL, 'Login', NULL, NULL, '2019-09-12 11:42:23'),
(2870, 11, 11, 'users', NULL, 'Login', NULL, NULL, '2019-09-12 13:19:25'),
(2871, 1, 1, 'users', NULL, 'Login', NULL, NULL, '2019-09-12 13:19:38'),
(2872, 1, 1, 'users', NULL, 'Login', NULL, NULL, '2019-09-12 14:47:44'),
(2873, 1, 1, 'users', NULL, 'Login', NULL, NULL, '2019-09-12 15:58:08'),
(2874, 1, 1, 'users', NULL, 'Login', NULL, NULL, '2019-09-15 09:35:52'),
(2875, 15, 15, 'users', NULL, 'Login', NULL, NULL, '2019-09-15 11:56:33'),
(2876, 1, 15, 'applicants', 'legalEntityIdentifier', 'update', '122446', '7122446', '2019-09-15 11:56:53'),
(2877, 10, 10, 'users', NULL, 'Login', NULL, NULL, '2019-09-15 11:58:04'),
(2878, 10, 10, 'users', NULL, 'Login', NULL, NULL, '2019-09-15 12:01:25'),
(2879, 10, 10, 'users', NULL, 'Login', NULL, NULL, '2019-09-15 12:01:26'),
(2880, 15, 15, 'users', NULL, 'Login', NULL, NULL, '2019-09-15 12:03:21'),
(2881, 68, 68, 'users', NULL, 'register', NULL, NULL, '2019-09-15 14:22:47'),
(2882, 1, 1, 'users', NULL, 'Login', NULL, NULL, '2019-09-15 14:23:27'),
(2883, 68, 68, 'users', NULL, 'Login', NULL, NULL, '2019-09-15 14:24:46'),
(2884, 1, 1, 'users', NULL, 'Login', NULL, NULL, '2019-09-15 14:27:50'),
(2885, 1, 1, 'users', NULL, 'Login', NULL, NULL, '2019-09-15 14:31:42'),
(2886, 69, 69, 'users', NULL, 'register', NULL, NULL, '2019-09-15 14:31:46'),
(2887, 70, 70, 'users', NULL, 'register', NULL, NULL, '2019-09-15 14:33:44'),
(2888, 15, 15, 'users', NULL, 'Login', NULL, NULL, '2019-09-15 14:34:40'),
(2889, 71, 71, 'users', NULL, 'register', NULL, NULL, '2019-09-15 14:36:52'),
(2890, 70, 70, 'users', NULL, 'Login', NULL, NULL, '2019-09-15 14:45:00'),
(2891, 68, 68, 'users', NULL, 'Login', NULL, NULL, '2019-09-15 14:54:36'),
(2892, 71, 71, 'users', NULL, 'Login', NULL, NULL, '2019-09-15 15:03:55'),
(2893, 11, 11, 'users', NULL, 'Login', NULL, NULL, '2019-09-15 16:12:10'),
(2894, 93, 68, 'assessments', NULL, 'create', NULL, NULL, '2019-09-15 16:29:18'),
(2895, 68, 68, 'users', NULL, 'Login', NULL, NULL, '2019-09-15 16:29:29'),
(2896, 64, 64, 'users', NULL, 'Login', NULL, NULL, '2019-09-15 16:32:10'),
(2897, 68, 68, 'users', NULL, 'Login', NULL, NULL, '2019-09-15 16:33:46'),
(2898, 94, 68, 'assessments', NULL, 'create', NULL, NULL, '2019-09-15 16:34:00'),
(2899, 23, 68, 'applicants', 'legalEntityIdentifier', 'update', NULL, 'A113', '2019-09-15 16:37:31'),
(2900, 23, 68, 'applicants', 'managerName', 'update', NULL, 'Hisham Mohamed', '2019-09-15 16:37:31'),
(2901, 23, 68, 'applicants', 'isInsideIndusterialArea', 'update', NULL, '0', '2019-09-15 16:37:31'),
(2902, 23, 68, 'applicants', 'governorateId', 'update', NULL, '2', '2019-09-15 16:37:31'),
(2903, 23, 68, 'applicants', 'cityId', 'update', NULL, '2', '2019-09-15 16:37:31'),
(2904, 23, 68, 'applicants', 'areaOrDistrict', 'update', NULL, 'الجيزه', '2019-09-15 16:37:31'),
(2905, 23, 68, 'applicants', 'buildingNumber', 'update', NULL, '14', '2019-09-15 16:37:31'),
(2906, 23, 68, 'applicants', 'telephone', 'update', NULL, '01234567893', '2019-09-15 16:37:31'),
(2907, 23, 68, 'applicants', 'fax', 'update', NULL, '002', '2019-09-15 16:37:31'),
(2908, 23, 68, 'applicants', 'authorityAcceptanceNumber', 'update', NULL, '1098', '2019-09-15 16:37:31'),
(2909, 23, 68, 'applicants', 'commercialRecord', 'update', NULL, '4567', '2019-09-15 16:37:31'),
(2910, 23, 68, 'applicants', 'licenseNumber', 'update', NULL, '1234', '2019-09-15 16:37:31'),
(2911, 23, 68, 'applicants', 'factoryArea', 'update', NULL, '1024', '2019-09-15 16:37:31'),
(2912, 23, 68, 'applicants', 'investmentCostAtConstructionTime', 'update', NULL, '1000000', '2019-09-15 16:37:31'),
(2913, 23, 68, 'applicants', 'currentInvestmentCosts', 'update', NULL, '4000000', '2019-09-15 16:37:31'),
(2914, 23, 68, 'applicants', 'taxCard', 'update', NULL, '123', '2019-09-15 16:37:31'),
(2915, 23, 68, 'applicants', 'extentOfEnvironmentalConditionsImplementationAndTrashDisposal', 'update', NULL, '90', '2019-09-15 16:37:31'),
(2916, 23, 68, 'applicants', 'extentOfDangerousMaterialsUsage', 'update', NULL, '0', '2019-09-15 16:37:31'),
(2917, 23, 68, 'applicants', 'annualInsuranceValue', 'update', NULL, '120000', '2019-09-15 16:37:31'),
(2918, 23, 68, 'applicants', 'certificatesAndExtentOfSpecificationsMatching', 'update', NULL, 'ISO', '2019-09-15 16:37:31'),
(2919, 23, 68, 'applicants', 'insuredWorkersCount', 'update', NULL, '1024', '2019-09-15 16:37:31'),
(2920, 23, 68, 'applicants', 'entryNumberInIndusterialRecord', 'update', NULL, '1234', '2019-09-15 16:37:31'),
(2921, 23, 68, 'applicants', 'yearOfFirstCertificate', 'update', NULL, '2018', '2019-09-15 16:37:31'),
(2922, 23, 68, 'applicants', 'expirationDate', 'update', NULL, '2019-09-15', '2019-09-15 16:37:31'),
(2923, 196, 68, 'attachments', NULL, 'create', NULL, NULL, '2019-09-15 16:53:40'),
(2924, 78, 68, 'requests', NULL, 'create', NULL, NULL, '2019-09-15 16:53:54'),
(2925, 95, 68, 'certificate', NULL, 'create', NULL, NULL, '2019-09-15 16:53:54'),
(2926, 96, 68, 'certificate', NULL, 'create', NULL, NULL, '2019-09-15 16:53:54'),
(2927, 196, 68, 'attachments', 'requestId', 'update', NULL, '78', '2019-09-15 16:53:54'),
(2928, 196, 68, 'attachments', 'isRepresentativeProof', 'update', '0', '0', '2019-09-15 16:53:54'),
(2929, 10, 10, 'users', NULL, 'Login', NULL, NULL, '2019-09-15 16:55:58'),
(2930, 94, 10, 'assessments', 'productName', 'update', 'Krispy Kreme', 'Krispy Kreme.', '2019-09-15 16:56:54'),
(2931, 39, 39, 'users', NULL, 'Login', NULL, NULL, '2019-09-15 17:03:58'),
(2932, 78, 39, 'requests', 'statusId', 'update', '2', '4', '2019-09-15 17:05:08'),
(2933, 78, 39, 'requests', 'openedByEmployeeId', 'update', NULL, '21', '2019-09-15 17:05:08'),
(2934, 1, 1, 'users', NULL, 'Login', NULL, NULL, '2019-09-15 17:08:07'),
(2935, 78, 39, 'requests', 'isOriginalsReceived', 'update', '0', '0', '2019-09-15 17:09:14'),
(2936, 78, 39, 'requests', 'statusId', 'update', '4', '5', '2019-09-15 17:09:21'),
(2937, 197, 68, 'attachments', NULL, 'create', NULL, NULL, '2019-09-15 17:09:48'),
(2938, 196, 68, 'attachments', 'requestId', 'update', '78', NULL, '2019-09-15 17:09:54'),
(2939, 196, 68, 'attachments', 'isRepresentativeProof', 'update', '0', '0', '2019-09-15 17:09:54'),
(2940, 196, 68, 'attachments', 'requestId', 'update', NULL, '78', '2019-09-15 17:09:54'),
(2941, 196, 68, 'attachments', 'isRepresentativeProof', 'update', '0', '0', '2019-09-15 17:09:54'),
(2942, 197, 68, 'attachments', 'requestId', 'update', NULL, '78', '2019-09-15 17:09:54'),
(2943, 197, 68, 'attachments', 'isRepresentativeProof', 'update', '0', '0', '2019-09-15 17:09:54'),
(2944, 78, 68, 'requests', 'statusId', 'update', '5', '4', '2019-09-15 17:10:13'),
(2945, 78, 39, 'requests', 'isOriginalsReceived', 'update', '0', '1', '2019-09-15 17:10:54'),
(2946, 78, 39, 'requests', 'statusId', 'update', '4', '6', '2019-09-15 17:10:59'),
(2947, 10, 10, 'users', NULL, 'Login', NULL, NULL, '2019-09-15 17:13:44'),
(2948, 1, 1, 'users', NULL, 'Login', NULL, NULL, '2019-09-15 17:30:59'),
(2949, 64, 64, 'users', NULL, 'Login', NULL, NULL, '2019-09-16 08:55:07'),
(2950, 9, 9, 'users', NULL, 'Login', NULL, NULL, '2019-09-16 08:56:06'),
(2951, 71, 71, 'users', NULL, 'Login', NULL, NULL, '2019-09-16 08:56:54'),
(2952, 10, 10, 'users', NULL, 'Login', NULL, NULL, '2019-09-16 08:57:05'),
(2953, 73, 9, 'requests', 'statusId', 'update', '4', '6', '2019-09-16 08:57:51'),
(2954, 68, 68, 'users', NULL, 'Login', NULL, NULL, '2019-09-16 08:59:47'),
(2955, 95, 68, 'assessments', NULL, 'create', NULL, NULL, '2019-09-16 09:01:21'),
(2956, 198, 68, 'attachments', NULL, 'create', NULL, NULL, '2019-09-16 09:02:45'),
(2957, 79, 68, 'requests', NULL, 'create', NULL, NULL, '2019-09-16 09:02:47'),
(2958, 97, 68, 'certificate', NULL, 'create', NULL, NULL, '2019-09-16 09:02:47'),
(2959, 98, 68, 'certificate', NULL, 'create', NULL, NULL, '2019-09-16 09:02:47'),
(2960, 198, 68, 'attachments', 'requestId', 'update', NULL, '79', '2019-09-16 09:02:47'),
(2961, 198, 68, 'attachments', 'isRepresentativeProof', 'update', '0', '0', '2019-09-16 09:02:47'),
(2962, 9, 9, 'users', NULL, 'Login', NULL, NULL, '2019-09-16 09:03:17'),
(2963, 10, 10, 'users', NULL, 'Login', NULL, NULL, '2019-09-16 09:04:05'),
(2964, 79, 9, 'requests', 'statusId', 'update', '2', '4', '2019-09-16 09:04:41'),
(2965, 79, 9, 'requests', 'openedByEmployeeId', 'update', NULL, '5', '2019-09-16 09:04:41'),
(2966, 79, 9, 'requests', 'statusId', 'update', '4', '5', '2019-09-16 09:04:55'),
(2967, 199, 68, 'attachments', NULL, 'create', NULL, NULL, '2019-09-16 09:05:29'),
(2968, 198, 68, 'attachments', 'requestId', 'update', '79', NULL, '2019-09-16 09:05:35'),
(2969, 198, 68, 'attachments', 'isRepresentativeProof', 'update', '0', '0', '2019-09-16 09:05:35'),
(2970, 198, 68, 'attachments', 'requestId', 'update', NULL, '79', '2019-09-16 09:05:35'),
(2971, 198, 68, 'attachments', 'isRepresentativeProof', 'update', '0', '0', '2019-09-16 09:05:35'),
(2972, 199, 68, 'attachments', 'requestId', 'update', NULL, '79', '2019-09-16 09:05:35'),
(2973, 199, 68, 'attachments', 'isRepresentativeProof', 'update', '0', '0', '2019-09-16 09:05:35'),
(2974, 79, 68, 'requests', 'statusId', 'update', '5', '4', '2019-09-16 09:05:41'),
(2975, 79, 9, 'requests', 'isOriginalsReceived', 'update', '0', '1', '2019-09-16 09:05:57'),
(2976, 79, 9, 'requests', 'statusId', 'update', '4', '6', '2019-09-16 09:05:58'),
(2977, 11, 11, 'users', NULL, 'Login', NULL, NULL, '2019-09-16 09:10:15'),
(2978, 1, 1, 'users', NULL, 'Login', NULL, NULL, '2019-09-16 09:11:32'),
(2979, 12, 12, 'users', NULL, 'Login', NULL, NULL, '2019-09-16 09:12:16'),
(2980, 14, 14, 'users', NULL, 'Login', NULL, NULL, '2019-09-16 09:25:59'),
(2981, 79, 12, 'requests', 'statusId', 'update', '7', '9', '2019-09-16 09:28:07'),
(2982, 79, 12, 'requests', 'isChamberMember', 'update', '0', '1', '2019-09-16 09:28:07'),
(2983, 79, 12, 'requests', 'isSubscriptionFeesPaid', 'update', '0', '1', '2019-09-16 09:28:07'),
(2984, 11, 11, 'users', NULL, 'Login', NULL, NULL, '2019-09-16 09:30:45'),
(2985, 79, 11, 'requests', 'statusId', 'update', '9', '12', '2019-09-16 09:31:08'),
(2986, 78, 11, 'requests', 'statusId', 'update', '7', '9', '2019-09-16 09:31:43'),
(2987, 78, 11, 'requests', 'isChamberMember', 'update', '0', '1', '2019-09-16 09:31:43'),
(2988, 78, 11, 'requests', 'isSubscriptionFeesPaid', 'update', '0', '1', '2019-09-16 09:31:43'),
(2989, 78, 11, 'requests', 'statusId', 'update', '9', '12', '2019-09-16 09:31:45'),
(2990, 11, 11, 'users', NULL, 'Login', NULL, NULL, '2019-09-16 09:33:45'),
(2991, 11, 11, 'users', NULL, 'Login', NULL, NULL, '2019-09-16 09:34:11'),
(2992, 10, 10, 'users', NULL, 'Login', NULL, NULL, '2019-09-16 09:35:10'),
(2993, 96, 68, 'assessments', NULL, 'create', NULL, NULL, '2019-09-16 09:36:29'),
(2994, 200, 68, 'attachments', NULL, 'create', NULL, NULL, '2019-09-16 09:37:12'),
(2995, 80, 68, 'requests', NULL, 'create', NULL, NULL, '2019-09-16 09:37:13'),
(2996, 99, 68, 'certificate', NULL, 'create', NULL, NULL, '2019-09-16 09:37:13'),
(2997, 100, 68, 'certificate', NULL, 'create', NULL, NULL, '2019-09-16 09:37:13'),
(2998, 200, 68, 'attachments', 'requestId', 'update', NULL, '80', '2019-09-16 09:37:13'),
(2999, 200, 68, 'attachments', 'isRepresentativeProof', 'update', '0', '0', '2019-09-16 09:37:13'),
(3000, 10, 10, 'users', NULL, 'Login', NULL, NULL, '2019-09-16 09:37:28'),
(3001, 80, 10, 'requests', 'statusId', 'update', '1', '2', '2019-09-16 09:37:45'),
(3002, 80, 10, 'requests', 'employeeId', 'update', NULL, '21', '2019-09-16 09:37:45'),
(3003, 74, 11, 'requests', 'statusId', 'update', '7', '9', '2019-09-16 09:38:09'),
(3004, 74, 11, 'requests', 'isChamberMember', 'update', '1', '1', '2019-09-16 09:38:09'),
(3005, 74, 11, 'requests', 'isSubscriptionFeesPaid', 'update', '1', '1', '2019-09-16 09:38:09'),
(3006, 74, 11, 'requests', 'statusId', 'update', '9', '12', '2019-09-16 09:38:48'),
(3007, 15, 15, 'users', NULL, 'Login', NULL, NULL, '2019-09-16 09:41:04'),
(3008, 122, 15, 'attachments', 'requestId', 'update', '31', NULL, '2019-09-16 09:41:20'),
(3009, 122, 15, 'attachments', 'isRepresentativeProof', 'update', '0', '0', '2019-09-16 09:41:20'),
(3010, 123, 15, 'attachments', 'requestId', 'update', '31', NULL, '2019-09-16 09:41:20'),
(3011, 123, 15, 'attachments', 'isRepresentativeProof', 'update', '0', '0', '2019-09-16 09:41:20'),
(3012, 124, 15, 'attachments', 'requestId', 'update', '31', NULL, '2019-09-16 09:41:20'),
(3013, 124, 15, 'attachments', 'isRepresentativeProof', 'update', '0', '0', '2019-09-16 09:41:20'),
(3014, 122, 15, 'attachments', 'requestId', 'update', NULL, '31', '2019-09-16 09:41:20'),
(3015, 122, 15, 'attachments', 'isRepresentativeProof', 'update', '0', '0', '2019-09-16 09:41:20'),
(3016, 123, 15, 'attachments', 'requestId', 'update', NULL, '31', '2019-09-16 09:41:20'),
(3017, 123, 15, 'attachments', 'isRepresentativeProof', 'update', '0', '0', '2019-09-16 09:41:20'),
(3018, 124, 15, 'attachments', 'requestId', 'update', NULL, '31', '2019-09-16 09:41:20'),
(3019, 124, 15, 'attachments', 'isRepresentativeProof', 'update', '0', '0', '2019-09-16 09:41:20'),
(3020, 31, 15, 'requests', 'statusId', 'update', '5', '4', '2019-09-16 09:41:25'),
(3021, 9, 9, 'users', NULL, 'Login', NULL, NULL, '2019-09-16 09:41:46');
INSERT INTO `log` (`id`, `RecordId`, `createdByUserId`, `TableName`, `Column`, `Action`, `oldValue`, `newValue`, `createdAt`) VALUES
(3022, 31, 9, 'requests', 'isOriginalsReceived', 'update', '0', '1', '2019-09-16 09:42:23'),
(3023, 31, 9, 'requests', 'statusId', 'update', '4', '6', '2019-09-16 09:42:31'),
(3024, 10, 10, 'users', NULL, 'Login', NULL, NULL, '2019-09-16 09:42:41'),
(3025, 9, 9, 'users', NULL, 'Login', NULL, NULL, '2019-09-16 09:43:25'),
(3026, 80, 9, 'requests', 'statusId', 'update', '2', '4', '2019-09-16 09:43:43'),
(3027, 80, 9, 'requests', 'openedByEmployeeId', 'update', NULL, '5', '2019-09-16 09:43:43'),
(3028, 80, 9, 'requests', 'isOriginalsReceived', 'update', '0', '1', '2019-09-16 09:43:46'),
(3029, 80, 9, 'requests', 'statusId', 'update', '4', '6', '2019-09-16 09:43:52'),
(3030, 11, 11, 'users', NULL, 'Login', NULL, NULL, '2019-09-16 09:45:07'),
(3031, 80, 11, 'requests', 'statusId', 'update', '7', '9', '2019-09-16 09:45:34'),
(3032, 80, 11, 'requests', 'isChamberMember', 'update', '0', '1', '2019-09-16 09:45:34'),
(3033, 80, 11, 'requests', 'isSubscriptionFeesPaid', 'update', '0', '1', '2019-09-16 09:45:34'),
(3034, 80, 11, 'requests', 'statusId', 'update', '9', '12', '2019-09-16 09:48:28'),
(3035, 99, 11, 'certificates', 'certificateNumber', 'update', NULL, '24', '2019-09-16 09:48:28'),
(3036, 99, 11, 'certificates', 'issueDate', 'update', NULL, '2019-09-16 09:44:15', '2019-09-16 09:48:28'),
(3037, 100, 11, 'certificates', 'certificateNumber', 'update', NULL, '24', '2019-09-16 09:48:28'),
(3038, 100, 11, 'certificates', 'issueDate', 'update', NULL, '2019-09-16 09:44:15', '2019-09-16 09:48:28'),
(3039, 11, 11, 'users', NULL, 'Login', NULL, NULL, '2019-09-16 09:50:14'),
(3040, 31, 11, 'requests', 'statusId', 'update', '7', '9', '2019-09-16 09:50:36'),
(3041, 31, 11, 'requests', 'isChamberMember', 'update', '0', '1', '2019-09-16 09:50:36'),
(3042, 31, 11, 'requests', 'isSubscriptionFeesPaid', 'update', '0', '1', '2019-09-16 09:50:36'),
(3043, 31, 11, 'requests', 'statusId', 'update', '9', '12', '2019-09-16 09:50:43'),
(3044, 31, 11, 'certificates', 'certificateNumber', 'update', NULL, '25', '2019-09-16 09:50:43'),
(3045, 31, 11, 'certificates', 'issueDate', 'update', NULL, '2019-09-16 09:42:54', '2019-09-16 09:50:43'),
(3046, 32, 11, 'certificates', 'certificateNumber', 'update', NULL, '25', '2019-09-16 09:50:43'),
(3047, 32, 11, 'certificates', 'issueDate', 'update', NULL, '2019-09-16 09:42:54', '2019-09-16 09:50:43'),
(3048, 11, 11, 'users', NULL, 'Login', NULL, NULL, '2019-09-16 09:52:31'),
(3049, 68, 68, 'users', NULL, 'Login', NULL, NULL, '2019-09-16 09:53:24'),
(3050, 97, 68, 'assessments', NULL, 'create', NULL, NULL, '2019-09-16 09:54:25'),
(3051, 201, 68, 'attachments', NULL, 'create', NULL, NULL, '2019-09-16 09:55:02'),
(3052, 81, 68, 'requests', NULL, 'create', NULL, NULL, '2019-09-16 09:55:04'),
(3053, 101, 68, 'certificate', NULL, 'create', NULL, NULL, '2019-09-16 09:55:04'),
(3054, 102, 68, 'certificate', NULL, 'create', NULL, NULL, '2019-09-16 09:55:04'),
(3055, 201, 68, 'attachments', 'requestId', 'update', NULL, '81', '2019-09-16 09:55:04'),
(3056, 201, 68, 'attachments', 'isRepresentativeProof', 'update', '0', '0', '2019-09-16 09:55:04'),
(3057, 9, 9, 'users', NULL, 'Login', NULL, NULL, '2019-09-16 09:55:35'),
(3058, 10, 10, 'users', NULL, 'Login', NULL, NULL, '2019-09-16 09:56:21'),
(3059, 81, 10, 'requests', 'statusId', 'update', '1', '2', '2019-09-16 09:56:32'),
(3060, 81, 10, 'requests', 'employeeId', 'update', NULL, '21', '2019-09-16 09:56:32'),
(3061, 81, 9, 'requests', 'statusId', 'update', '2', '4', '2019-09-16 09:56:46'),
(3062, 81, 9, 'requests', 'openedByEmployeeId', 'update', NULL, '5', '2019-09-16 09:56:46'),
(3063, 81, 9, 'requests', 'isOriginalsReceived', 'update', '0', '1', '2019-09-16 09:56:55'),
(3064, 81, 9, 'requests', 'statusId', 'update', '4', '6', '2019-09-16 09:56:58'),
(3065, 11, 11, 'users', NULL, 'Login', NULL, NULL, '2019-09-16 09:57:33'),
(3066, 11, 11, 'users', NULL, 'Login', NULL, NULL, '2019-09-16 09:58:37'),
(3067, 81, 11, 'requests', 'statusId', 'update', '7', '9', '2019-09-16 09:58:48'),
(3068, 81, 11, 'requests', 'isChamberMember', 'update', '0', '1', '2019-09-16 09:58:48'),
(3069, 81, 11, 'requests', 'isSubscriptionFeesPaid', 'update', '0', '1', '2019-09-16 09:58:48'),
(3070, 81, 11, 'requests', 'statusId', 'update', '9', '12', '2019-09-16 09:58:50'),
(3071, 101, 11, 'certificates', 'certificateNumber', 'update', NULL, '25', '2019-09-16 09:58:50'),
(3072, 101, 11, 'certificates', 'issueDate', 'update', NULL, '2019-09-16 09:57:09', '2019-09-16 09:58:50'),
(3073, 102, 11, 'certificates', 'certificateNumber', 'update', NULL, '25', '2019-09-16 09:58:50'),
(3074, 102, 11, 'certificates', 'issueDate', 'update', NULL, '2019-09-16 09:57:09', '2019-09-16 09:58:50'),
(3075, 11, 11, 'users', NULL, 'Login', NULL, NULL, '2019-09-16 10:05:20'),
(3076, 11, 11, 'users', NULL, 'Login', NULL, NULL, '2019-09-16 10:55:05'),
(3077, 11, 11, 'users', NULL, 'Login', NULL, NULL, '2019-09-16 10:56:14'),
(3078, 11, 11, 'users', NULL, 'Login', NULL, NULL, '2019-09-16 10:56:35'),
(3079, 11, 11, 'users', NULL, 'Login', NULL, NULL, '2019-09-16 10:57:00'),
(3080, 11, 11, 'users', NULL, 'Login', NULL, NULL, '2019-09-16 10:58:10'),
(3081, 11, 11, 'users', NULL, 'Login', NULL, NULL, '2019-09-16 10:59:00'),
(3082, 1, 1, 'users', NULL, 'Login', NULL, NULL, '2019-09-16 11:13:15'),
(3083, 15, 15, 'users', NULL, 'Login', NULL, NULL, '2019-09-16 11:33:00'),
(3084, 11, 11, 'users', NULL, 'Login', NULL, NULL, '2019-09-16 11:33:19'),
(3085, 1, 1, 'users', NULL, 'Login', NULL, NULL, '2019-09-16 12:40:34'),
(3086, 72, 72, 'users', NULL, 'register', NULL, NULL, '2019-09-16 12:40:54'),
(3087, 98, 72, 'assessments', NULL, 'create', NULL, NULL, '2019-09-16 12:41:15'),
(3088, 11, 11, 'users', NULL, 'Login', NULL, NULL, '2019-09-16 12:41:45'),
(3089, 27, 72, 'applicants', 'legalEntityIdentifier', 'update', NULL, '1234', '2019-09-16 12:45:01'),
(3090, 27, 72, 'applicants', 'managerName', 'update', NULL, 'Ahmed Mohamed Salah', '2019-09-16 12:45:01'),
(3091, 27, 72, 'applicants', 'isInsideIndusterialArea', 'update', NULL, '0', '2019-09-16 12:45:01'),
(3092, 27, 72, 'applicants', 'governorateId', 'update', NULL, '1', '2019-09-16 12:45:01'),
(3093, 27, 72, 'applicants', 'cityId', 'update', NULL, '1', '2019-09-16 12:45:01'),
(3094, 27, 72, 'applicants', 'areaOrDistrict', 'update', NULL, 'New Cairo', '2019-09-16 12:45:01'),
(3095, 27, 72, 'applicants', 'buildingNumber', 'update', NULL, '14 A', '2019-09-16 12:45:01'),
(3096, 27, 72, 'applicants', 'telephone', 'update', NULL, '05678934', '2019-09-16 12:45:01'),
(3097, 27, 72, 'applicants', 'authorityAcceptanceNumber', 'update', NULL, '1024', '2019-09-16 12:45:01'),
(3098, 27, 72, 'applicants', 'commercialRecord', 'update', NULL, '6788', '2019-09-16 12:45:01'),
(3099, 27, 72, 'applicants', 'licenseNumber', 'update', NULL, '8765', '2019-09-16 12:45:01'),
(3100, 27, 72, 'applicants', 'factoryArea', 'update', NULL, '2000', '2019-09-16 12:45:01'),
(3101, 27, 72, 'applicants', 'investmentCostAtConstructionTime', 'update', NULL, '2000000', '2019-09-16 12:45:01'),
(3102, 27, 72, 'applicants', 'currentInvestmentCosts', 'update', NULL, '6000000', '2019-09-16 12:45:01'),
(3103, 27, 72, 'applicants', 'taxCard', 'update', NULL, '1234', '2019-09-16 12:45:01'),
(3104, 27, 72, 'applicants', 'extentOfEnvironmentalConditionsImplementationAndTrashDisposal', 'update', NULL, '90', '2019-09-16 12:45:01'),
(3105, 27, 72, 'applicants', 'extentOfDangerousMaterialsUsage', 'update', NULL, '5', '2019-09-16 12:45:01'),
(3106, 27, 72, 'applicants', 'annualInsuranceValue', 'update', NULL, '4000', '2019-09-16 12:45:01'),
(3107, 27, 72, 'applicants', 'certificatesAndExtentOfSpecificationsMatching', 'update', NULL, 'ISO', '2019-09-16 12:45:01'),
(3108, 27, 72, 'applicants', 'insuredWorkersCount', 'update', NULL, '2000', '2019-09-16 12:45:01'),
(3109, 27, 72, 'applicants', 'entryNumberInIndusterialRecord', 'update', NULL, '12345', '2019-09-16 12:45:01'),
(3110, 27, 72, 'applicants', 'yearOfFirstCertificate', 'update', NULL, '2019', '2019-09-16 12:45:01'),
(3111, 27, 72, 'applicants', 'expirationDate', 'update', NULL, '2019-09-16', '2019-09-16 12:45:01'),
(3112, 202, 72, 'attachments', NULL, 'create', NULL, NULL, '2019-09-16 14:51:55'),
(3113, 82, 72, 'requests', NULL, 'create', NULL, NULL, '2019-09-16 14:51:58'),
(3114, 103, 72, 'certificate', NULL, 'create', NULL, NULL, '2019-09-16 14:51:58'),
(3115, 104, 72, 'certificate', NULL, 'create', NULL, NULL, '2019-09-16 14:51:58'),
(3116, 202, 72, 'attachments', 'requestId', 'update', NULL, '82', '2019-09-16 14:51:58'),
(3117, 202, 72, 'attachments', 'isRepresentativeProof', 'update', '0', '0', '2019-09-16 14:51:58'),
(3118, 1, 1, 'users', NULL, 'Login', NULL, NULL, '2019-09-16 15:01:08'),
(3119, 9, 9, 'users', NULL, 'Login', NULL, NULL, '2019-09-16 16:02:15'),
(3120, 1, 1, 'users', NULL, 'Login', NULL, NULL, '2019-09-16 16:02:49'),
(3121, 72, 72, 'users', NULL, 'Login', NULL, NULL, '2019-09-16 16:03:54'),
(3122, 82, 9, 'requests', 'statusId', 'update', '2', '4', '2019-09-16 16:04:11'),
(3123, 82, 9, 'requests', 'openedByEmployeeId', 'update', NULL, '5', '2019-09-16 16:04:11'),
(3124, 82, 9, 'requests', 'statusId', 'update', '4', '5', '2019-09-16 16:04:52'),
(3125, 15, 15, 'users', NULL, 'Login', NULL, NULL, '2019-09-16 16:16:45'),
(3126, 19, 15, 'assessments', 'isPackaging', 'update', '0', '0', '2019-09-16 16:18:56'),
(3127, 19, 15, 'assessments', 'isImported', 'update', '0', '0', '2019-09-16 16:18:56'),
(3128, 98, 72, 'assessments', 'manufactoringCompanyTaxId', 'update', '1324', '123', '2019-09-16 16:20:07'),
(3129, 98, 72, 'assessments', 'manufactoringCompanyCommercialRegistry', 'update', '2267', '1234', '2019-09-16 16:20:07'),
(3130, 98, 72, 'assessments', 'isTotals', 'update', '1', '1', '2019-09-16 16:20:07'),
(3131, 19, 15, 'assessments', 'isPackaging', 'update', '0', '0', '2019-09-16 16:20:27'),
(3132, 19, 15, 'assessments', 'isImported', 'update', '0', '0', '2019-09-16 16:20:27'),
(3133, 19, 15, 'assessments', 'isPackaging', 'update', '0', '0', '2019-09-16 16:22:44'),
(3134, 19, 15, 'assessments', 'isImported', 'update', '0', '0', '2019-09-16 16:22:44'),
(3135, 202, 72, 'attachments', 'requestId', 'update', '82', NULL, '2019-09-16 16:27:09'),
(3136, 202, 72, 'attachments', 'isRepresentativeProof', 'update', '0', '0', '2019-09-16 16:27:09'),
(3137, 202, 72, 'attachments', 'requestId', 'update', NULL, '82', '2019-09-16 16:27:09'),
(3138, 202, 72, 'attachments', 'isRepresentativeProof', 'update', '0', '0', '2019-09-16 16:27:09'),
(3139, 82, 72, 'requests', 'statusId', 'update', '5', '4', '2019-09-16 16:27:28'),
(3140, 15, 15, 'users', NULL, 'Login', NULL, NULL, '2019-09-16 16:27:37'),
(3141, 1, 1, 'users', NULL, 'Login', NULL, NULL, '2019-09-16 16:39:50'),
(3142, 9, 9, 'users', NULL, 'Login', NULL, NULL, '2019-09-16 16:41:09'),
(3143, 82, 9, 'requests', 'isOriginalsReceived', 'update', '0', '1', '2019-09-16 16:43:24'),
(3144, 82, 9, 'requests', 'statusId', 'update', '4', '6', '2019-09-16 16:43:36'),
(3145, 10, 10, 'users', NULL, 'Login', NULL, NULL, '2019-09-16 16:44:15'),
(3146, 18, 9, 'requests', 'statusId', 'update', '3', '4', '2019-09-16 16:47:23'),
(3147, 18, 9, 'requests', 'statusId', 'update', '4', '6', '2019-09-16 16:47:32'),
(3148, 18, 10, 'requests', 'statusId', 'update', '6', '4', '2019-09-16 16:48:11'),
(3149, 11, 11, 'users', NULL, 'Login', NULL, NULL, '2019-09-16 16:49:30'),
(3150, 18, 9, 'requests', 'statusId', 'update', '4', '3', '2019-09-16 16:51:42'),
(3151, 18, 9, 'requests', 'openedByEmployeeId', 'update', '5', NULL, '2019-09-16 16:51:42'),
(3152, 18, 9, 'requests', 'statusId', 'update', '3', '4', '2019-09-16 16:51:53'),
(3153, 18, 9, 'requests', 'openedByEmployeeId', 'update', NULL, '5', '2019-09-16 16:51:53'),
(3154, 18, 9, 'requests', 'statusId', 'update', '4', '6', '2019-09-16 16:52:04'),
(3155, 10, 10, 'users', NULL, 'Login', NULL, NULL, '2019-09-16 16:56:40'),
(3156, 9, 9, 'users', NULL, 'Login', NULL, NULL, '2019-09-16 16:57:51'),
(3157, 9, 9, 'users', NULL, 'Login', NULL, NULL, '2019-09-16 16:59:14'),
(3158, 10, 10, 'users', NULL, 'Login', NULL, NULL, '2019-09-16 16:59:33'),
(3159, 11, 11, 'users', NULL, 'Login', NULL, NULL, '2019-09-16 17:22:19'),
(3160, 12, 12, 'users', NULL, 'Login', NULL, NULL, '2019-09-16 17:23:55'),
(3161, 1, 1, 'users', NULL, 'Login', NULL, NULL, '2019-09-16 17:24:31'),
(3162, 11, 11, 'users', NULL, 'Login', NULL, NULL, '2019-09-16 17:24:57'),
(3163, 1, 1, 'users', NULL, 'Login', NULL, NULL, '2019-09-16 17:27:26'),
(3164, 41, 41, 'users', NULL, 'Login', NULL, NULL, '2019-09-16 17:31:27'),
(3165, 18, 41, 'requests', 'statusId', 'update', '7', '9', '2019-09-16 17:31:47'),
(3166, 18, 41, 'requests', 'isChamberMember', 'update', '0', '1', '2019-09-16 17:31:47'),
(3167, 18, 41, 'requests', 'isSubscriptionFeesPaid', 'update', '0', '1', '2019-09-16 17:31:47'),
(3168, 18, 11, 'requests', 'statusId', 'update', '9', '12', '2019-09-16 17:33:16'),
(3169, 5, 11, 'certificates', 'certificateNumber', 'update', NULL, '26', '2019-09-16 17:33:16'),
(3170, 5, 11, 'certificates', 'issueDate', 'update', '2017-07-17 14:23:11', '2019-09-16 16:52:59', '2019-09-16 17:33:16'),
(3171, 6, 11, 'certificates', 'certificateNumber', 'update', NULL, '26', '2019-09-16 17:33:16'),
(3172, 6, 11, 'certificates', 'issueDate', 'update', '2019-06-20 14:23:11', '2019-09-16 16:52:59', '2019-09-16 17:33:16'),
(3173, 1, 1, 'users', NULL, 'Login', NULL, NULL, '2019-09-16 17:33:21'),
(3174, 15, 15, 'users', NULL, 'Login', NULL, NULL, '2019-09-16 17:50:12'),
(3175, 16, 15, 'assessments', 'manufactoringCompanyName', 'update', NULL, '54455', '2019-09-16 17:50:39'),
(3176, 16, 15, 'assessments', 'manufactoringCompanyIndustrialRegistry', 'update', NULL, '5454', '2019-09-16 17:50:39'),
(3177, 16, 15, 'assessments', 'manufactoringCompanyTaxId', 'update', NULL, '54545', '2019-09-16 17:50:39'),
(3178, 16, 15, 'assessments', 'manufactoringCompanyCommercialRegistry', 'update', NULL, '5445', '2019-09-16 17:50:39'),
(3179, 16, 15, 'assessments', 'isTotals', 'update', '1', '1', '2019-09-16 17:50:39'),
(3180, 1, 1, 'users', NULL, 'Login', NULL, NULL, '2019-09-16 17:54:57'),
(3181, 11, 11, 'users', NULL, 'Login', NULL, NULL, '2019-09-17 11:12:32'),
(3182, 9, 9, 'users', NULL, 'Login', NULL, NULL, '2019-09-17 11:29:01'),
(3183, 10, 10, 'users', NULL, 'Login', NULL, NULL, '2019-09-17 11:29:47'),
(3184, 1, 1, 'users', NULL, 'Login', NULL, NULL, '2019-09-17 11:34:13'),
(3185, 1, 1, 'users', NULL, 'Login', NULL, NULL, '2019-09-17 14:31:43'),
(3186, 72, 72, 'users', NULL, 'Login', NULL, NULL, '2019-09-17 15:51:30'),
(3187, 99, 72, 'assessments', NULL, 'create', NULL, NULL, '2019-09-17 15:51:51'),
(3188, 203, 72, 'attachments', NULL, 'create', NULL, NULL, '2019-09-17 15:53:28'),
(3189, 15, 15, 'users', NULL, 'Login', NULL, NULL, '2019-09-17 15:54:51'),
(3190, 100, 15, 'assessments', NULL, 'create', NULL, NULL, '2019-09-17 15:55:19'),
(3191, 204, 15, 'attachments', NULL, 'create', NULL, NULL, '2019-09-17 15:55:58'),
(3192, 205, 15, 'attachments', NULL, 'create', NULL, NULL, '2019-09-17 15:56:07'),
(3193, 206, 15, 'attachments', NULL, 'create', NULL, NULL, '2019-09-17 15:56:20'),
(3194, 207, 15, 'attachments', NULL, 'create', NULL, NULL, '2019-09-17 15:57:19'),
(3195, 208, 15, 'attachments', NULL, 'create', NULL, NULL, '2019-09-17 15:57:25'),
(3196, 209, 72, 'attachments', NULL, 'create', NULL, NULL, '2019-09-17 16:05:49'),
(3197, 210, 72, 'attachments', NULL, 'create', NULL, NULL, '2019-09-17 16:07:11'),
(3198, 83, 72, 'requests', NULL, 'create', NULL, NULL, '2019-09-17 16:07:17'),
(3199, 105, 72, 'certificate', NULL, 'create', NULL, NULL, '2019-09-17 16:07:17'),
(3200, 106, 72, 'certificate', NULL, 'create', NULL, NULL, '2019-09-17 16:07:17'),
(3201, 209, 72, 'attachments', 'requestId', 'update', NULL, '83', '2019-09-17 16:07:17'),
(3202, 209, 72, 'attachments', 'isRepresentativeProof', 'update', '0', '0', '2019-09-17 16:07:17'),
(3203, 210, 72, 'attachments', 'requestId', 'update', NULL, '83', '2019-09-17 16:07:17'),
(3204, 210, 72, 'attachments', 'isRepresentativeProof', 'update', '0', '0', '2019-09-17 16:07:17'),
(3205, 15, 15, 'users', NULL, 'Login', NULL, NULL, '2019-09-17 16:07:36'),
(3206, 101, 15, 'assessments', NULL, 'create', NULL, NULL, '2019-09-17 16:08:02'),
(3207, 10, 10, 'users', NULL, 'Login', NULL, NULL, '2019-09-17 16:08:16'),
(3208, 211, 15, 'attachments', NULL, 'create', NULL, NULL, '2019-09-17 16:08:17'),
(3209, 212, 15, 'attachments', NULL, 'create', NULL, NULL, '2019-09-17 16:08:22'),
(3210, 213, 15, 'attachments', NULL, 'create', NULL, NULL, '2019-09-17 16:08:37'),
(3211, 83, 10, 'requests', 'statusId', 'update', '1', '2', '2019-09-17 16:08:43'),
(3212, 83, 10, 'requests', 'employeeId', 'update', NULL, '21', '2019-09-17 16:08:43'),
(3213, 9, 9, 'users', NULL, 'Login', NULL, NULL, '2019-09-17 16:10:13'),
(3214, 83, 9, 'requests', 'statusId', 'update', '2', '4', '2019-09-17 16:10:26'),
(3215, 83, 9, 'requests', 'openedByEmployeeId', 'update', NULL, '5', '2019-09-17 16:10:26'),
(3216, 83, 9, 'requests', 'statusId', 'update', '4', '5', '2019-09-17 16:12:11'),
(3217, 214, 72, 'attachments', NULL, 'create', NULL, NULL, '2019-09-17 16:13:06'),
(3218, 209, 72, 'attachments', 'requestId', 'update', '83', NULL, '2019-09-17 16:13:18'),
(3219, 209, 72, 'attachments', 'isRepresentativeProof', 'update', '0', '0', '2019-09-17 16:13:18'),
(3220, 210, 72, 'attachments', 'requestId', 'update', '83', NULL, '2019-09-17 16:13:18'),
(3221, 210, 72, 'attachments', 'isRepresentativeProof', 'update', '0', '0', '2019-09-17 16:13:18'),
(3222, 209, 72, 'attachments', 'requestId', 'update', NULL, '83', '2019-09-17 16:13:18'),
(3223, 209, 72, 'attachments', 'isRepresentativeProof', 'update', '0', '0', '2019-09-17 16:13:18'),
(3224, 210, 72, 'attachments', 'requestId', 'update', NULL, '83', '2019-09-17 16:13:18'),
(3225, 210, 72, 'attachments', 'isRepresentativeProof', 'update', '0', '0', '2019-09-17 16:13:18'),
(3226, 214, 72, 'attachments', 'requestId', 'update', NULL, '83', '2019-09-17 16:13:18'),
(3227, 214, 72, 'attachments', 'isRepresentativeProof', 'update', '0', '0', '2019-09-17 16:13:18'),
(3228, 215, 15, 'attachments', NULL, 'create', NULL, NULL, '2019-09-17 16:13:27'),
(3229, 83, 72, 'requests', 'statusId', 'update', '5', '4', '2019-09-17 16:13:28'),
(3230, 83, 9, 'requests', 'isOriginalsReceived', 'update', '0', '1', '2019-09-17 16:14:21'),
(3231, 216, 15, 'attachments', NULL, 'create', NULL, NULL, '2019-09-17 16:14:23'),
(3232, 83, 9, 'requests', 'statusId', 'update', '4', '6', '2019-09-17 16:14:24'),
(3233, 217, 15, 'attachments', NULL, 'create', NULL, NULL, '2019-09-17 16:15:07'),
(3234, 83, 10, 'requests', 'statusId', 'update', '6', '4', '2019-09-17 16:15:53'),
(3235, 10, 10, 'users', NULL, 'Login', NULL, NULL, '2019-09-17 16:18:04'),
(3236, 83, 9, 'requests', 'statusId', 'update', '4', '6', '2019-09-17 16:20:42'),
(3237, 10, 10, 'users', NULL, 'Login', NULL, NULL, '2019-09-17 16:22:40'),
(3238, 11, 11, 'users', NULL, 'Login', NULL, NULL, '2019-09-17 16:23:15'),
(3239, 12, 12, 'users', NULL, 'Login', NULL, NULL, '2019-09-17 16:26:07'),
(3240, 83, 12, 'requests', 'statusId', 'update', '7', '9', '2019-09-17 16:26:46'),
(3241, 83, 12, 'requests', 'isChamberMember', 'update', '0', '1', '2019-09-17 16:26:46'),
(3242, 83, 11, 'requests', 'statusId', 'update', '9', '12', '2019-09-17 16:27:35'),
(3243, 40, 11, 'requests', 'statusId', 'update', '7', '9', '2019-09-17 16:30:16'),
(3244, 40, 11, 'requests', 'isChamberMember', 'update', '0', '1', '2019-09-17 16:30:16'),
(3245, 40, 11, 'requests', 'isSubscriptionFeesPaid', 'update', '0', '1', '2019-09-17 16:30:16'),
(3246, 40, 11, 'requests', 'statusId', 'update', '9', '12', '2019-09-17 16:30:19'),
(3247, 73, 11, 'requests', 'statusId', 'update', '7', '9', '2019-09-17 16:33:50'),
(3248, 73, 11, 'requests', 'isChamberMember', 'update', '1', '1', '2019-09-17 16:33:50'),
(3249, 73, 11, 'requests', 'isSubscriptionFeesPaid', 'update', '0', '1', '2019-09-17 16:33:50'),
(3250, 73, 11, 'requests', 'statusId', 'update', '9', '12', '2019-09-17 16:34:00'),
(3251, 102, 72, 'assessments', NULL, 'create', NULL, NULL, '2019-09-17 16:38:05'),
(3252, 218, 72, 'attachments', NULL, 'create', NULL, NULL, '2019-09-17 16:39:26'),
(3253, 84, 72, 'requests', NULL, 'create', NULL, NULL, '2019-09-17 16:39:29'),
(3254, 107, 72, 'certificate', NULL, 'create', NULL, NULL, '2019-09-17 16:39:29'),
(3255, 108, 72, 'certificate', NULL, 'create', NULL, NULL, '2019-09-17 16:39:29'),
(3256, 218, 72, 'attachments', 'requestId', 'update', NULL, '84', '2019-09-17 16:39:29'),
(3257, 218, 72, 'attachments', 'isRepresentativeProof', 'update', '0', '0', '2019-09-17 16:39:29'),
(3258, 9, 9, 'users', NULL, 'Login', NULL, NULL, '2019-09-17 16:39:53'),
(3259, 10, 10, 'users', NULL, 'Login', NULL, NULL, '2019-09-17 16:40:13'),
(3260, 84, 10, 'requests', 'statusId', 'update', '1', '2', '2019-09-17 16:40:25'),
(3261, 84, 10, 'requests', 'employeeId', 'update', NULL, '21', '2019-09-17 16:40:25'),
(3262, 84, 9, 'requests', 'statusId', 'update', '2', '4', '2019-09-17 16:40:39'),
(3263, 84, 9, 'requests', 'openedByEmployeeId', 'update', NULL, '5', '2019-09-17 16:40:39'),
(3264, 84, 9, 'requests', 'isOriginalsReceived', 'update', '0', '1', '2019-09-17 16:40:44'),
(3265, 84, 9, 'requests', 'statusId', 'update', '4', '6', '2019-09-17 16:40:52'),
(3266, 11, 11, 'users', NULL, 'Login', NULL, NULL, '2019-09-17 16:41:27'),
(3267, 84, 11, 'requests', 'statusId', 'update', '7', '9', '2019-09-17 16:42:06'),
(3268, 84, 11, 'requests', 'isChamberMember', 'update', '0', '1', '2019-09-17 16:42:06'),
(3269, 84, 11, 'requests', 'isSubscriptionFeesPaid', 'update', '0', '1', '2019-09-17 16:42:06'),
(3270, 84, 11, 'requests', 'statusId', 'update', '9', '12', '2019-09-17 16:42:22'),
(3271, 107, 11, 'certificates', 'certificateNumber', 'update', NULL, '27', '2019-09-17 16:42:22'),
(3272, 107, 11, 'certificates', 'issueDate', 'update', NULL, '2019-09-17 16:41:14', '2019-09-17 16:42:22'),
(3273, 108, 11, 'certificates', 'certificateNumber', 'update', NULL, '27', '2019-09-17 16:42:22'),
(3274, 108, 11, 'certificates', 'issueDate', 'update', NULL, '2019-09-17 16:41:14', '2019-09-17 16:42:22'),
(3275, 103, 72, 'assessments', NULL, 'create', NULL, NULL, '2019-09-17 16:57:33'),
(3276, 15, 15, 'users', NULL, 'Login', NULL, NULL, '2019-09-17 16:58:34'),
(3277, 219, 15, 'attachments', NULL, 'create', NULL, NULL, '2019-09-17 16:59:12'),
(3278, 220, 72, 'attachments', NULL, 'create', NULL, NULL, '2019-09-17 16:59:40'),
(3279, 85, 72, 'requests', NULL, 'create', NULL, NULL, '2019-09-17 16:59:44'),
(3280, 109, 72, 'certificate', NULL, 'create', NULL, NULL, '2019-09-17 16:59:44'),
(3281, 110, 72, 'certificate', NULL, 'create', NULL, NULL, '2019-09-17 16:59:44'),
(3282, 220, 72, 'attachments', 'requestId', 'update', NULL, '85', '2019-09-17 16:59:44'),
(3283, 220, 72, 'attachments', 'isRepresentativeProof', 'update', '0', '0', '2019-09-17 16:59:44'),
(3284, 85, 10, 'requests', 'statusId', 'update', '1', '2', '2019-09-17 17:00:16'),
(3285, 85, 10, 'requests', 'employeeId', 'update', NULL, '21', '2019-09-17 17:00:16'),
(3286, 9, 9, 'users', NULL, 'Login', NULL, NULL, '2019-09-17 17:03:18'),
(3287, 85, 9, 'requests', 'statusId', 'update', '2', '4', '2019-09-17 17:03:30'),
(3288, 85, 9, 'requests', 'openedByEmployeeId', 'update', NULL, '5', '2019-09-17 17:03:30'),
(3289, 85, 9, 'requests', 'isOriginalsReceived', 'update', '0', '1', '2019-09-17 17:03:34'),
(3290, 85, 9, 'requests', 'statusId', 'update', '4', '6', '2019-09-17 17:03:40'),
(3291, 12, 12, 'users', NULL, 'Login', NULL, NULL, '2019-09-17 17:04:22'),
(3292, 85, 12, 'requests', 'statusId', 'update', '7', '9', '2019-09-17 17:04:31'),
(3293, 85, 12, 'requests', 'isChamberMember', 'update', '0', '1', '2019-09-17 17:04:31'),
(3294, 11, 11, 'users', NULL, 'Login', NULL, NULL, '2019-09-17 17:04:48'),
(3295, 82, 11, 'requests', 'statusId', 'update', '7', '9', '2019-09-17 17:05:11'),
(3296, 82, 11, 'requests', 'isChamberMember', 'update', '0', '1', '2019-09-17 17:05:11'),
(3297, 82, 11, 'requests', 'isSubscriptionFeesPaid', 'update', '0', '1', '2019-09-17 17:05:11'),
(3298, 82, 11, 'requests', 'statusId', 'update', '9', '12', '2019-09-17 17:05:13'),
(3299, 103, 11, 'certificates', 'certificateNumber', 'update', NULL, '28', '2019-09-17 17:05:13'),
(3300, 103, 11, 'certificates', 'issueDate', 'update', NULL, '2019-09-16 16:44:34', '2019-09-17 17:05:13'),
(3301, 104, 11, 'certificates', 'certificateNumber', 'update', NULL, '28', '2019-09-17 17:05:13'),
(3302, 104, 11, 'certificates', 'issueDate', 'update', NULL, '2019-09-16 16:44:34', '2019-09-17 17:05:13'),
(3303, 85, 11, 'requests', 'statusId', 'update', '9', '12', '2019-09-17 17:05:47'),
(3304, 109, 11, 'certificates', 'certificateNumber', 'update', NULL, '28', '2019-09-17 17:05:47'),
(3305, 109, 11, 'certificates', 'issueDate', 'update', NULL, '2019-09-17 17:03:51', '2019-09-17 17:05:47'),
(3306, 110, 11, 'certificates', 'certificateNumber', 'update', NULL, '28', '2019-09-17 17:05:47'),
(3307, 110, 11, 'certificates', 'issueDate', 'update', NULL, '2019-09-17 17:03:51', '2019-09-17 17:05:47'),
(3308, 221, 15, 'attachments', NULL, 'create', NULL, NULL, '2019-09-17 17:06:33'),
(3309, 222, 15, 'attachments', NULL, 'create', NULL, NULL, '2019-09-17 17:07:04'),
(3310, 223, 15, 'attachments', NULL, 'create', NULL, NULL, '2019-09-17 17:07:14'),
(3311, 15, 15, 'users', NULL, 'Login', NULL, NULL, '2019-09-17 18:34:58'),
(3312, 224, 15, 'attachments', NULL, 'create', NULL, NULL, '2019-09-17 18:35:35'),
(3313, 225, 15, 'attachments', NULL, 'create', NULL, NULL, '2019-09-17 18:35:39'),
(3314, 226, 15, 'attachments', NULL, 'create', NULL, NULL, '2019-09-17 18:36:01'),
(3315, 227, 15, 'attachments', NULL, 'create', NULL, NULL, '2019-09-17 18:36:25'),
(3316, 228, 15, 'attachments', NULL, 'create', NULL, NULL, '2019-09-17 18:36:31'),
(3317, 229, 15, 'attachments', NULL, 'create', NULL, NULL, '2019-09-17 18:36:35'),
(3318, 230, 15, 'attachments', NULL, 'create', NULL, NULL, '2019-09-17 18:37:04'),
(3319, 11, 11, 'users', NULL, 'Login', NULL, NULL, '2019-09-17 18:47:59'),
(3320, 11, 11, 'users', NULL, 'Login', NULL, NULL, '2019-09-17 18:48:55'),
(3321, 104, 72, 'assessments', NULL, 'create', NULL, NULL, '2019-09-18 09:18:56'),
(3322, 72, 72, 'users', NULL, 'Login', NULL, NULL, '2019-09-18 09:19:12'),
(3323, 10, 10, 'users', NULL, 'Login', NULL, NULL, '2019-09-18 09:19:43'),
(3324, 9, 9, 'users', NULL, 'Login', NULL, NULL, '2019-09-18 09:19:56'),
(3325, 10, 10, 'users', NULL, 'Login', NULL, NULL, '2019-09-18 09:21:09'),
(3326, 10, 10, 'users', NULL, 'Login', NULL, NULL, '2019-09-18 09:22:24'),
(3327, 10, 10, 'users', NULL, 'Login', NULL, NULL, '2019-09-18 09:22:33'),
(3328, 10, 10, 'users', NULL, 'Login', NULL, NULL, '2019-09-18 09:23:10'),
(3329, 105, 72, 'assessments', NULL, 'create', NULL, NULL, '2019-09-18 09:23:52'),
(3330, 231, 72, 'attachments', NULL, 'create', NULL, NULL, '2019-09-18 09:24:52'),
(3331, 86, 72, 'requests', NULL, 'create', NULL, NULL, '2019-09-18 09:24:56'),
(3332, 111, 72, 'certificate', NULL, 'create', NULL, NULL, '2019-09-18 09:24:56'),
(3333, 112, 72, 'certificate', NULL, 'create', NULL, NULL, '2019-09-18 09:24:56'),
(3334, 231, 72, 'attachments', 'requestId', 'update', NULL, '86', '2019-09-18 09:24:56'),
(3335, 231, 72, 'attachments', 'isRepresentativeProof', 'update', '0', '0', '2019-09-18 09:24:56'),
(3336, 10, 10, 'users', NULL, 'Login', NULL, NULL, '2019-09-18 09:25:11'),
(3337, 86, 10, 'requests', 'statusId', 'update', '1', '2', '2019-09-18 09:25:49'),
(3338, 86, 10, 'requests', 'employeeId', 'update', NULL, '5', '2019-09-18 09:25:49'),
(3339, 86, 9, 'requests', 'statusId', 'update', '2', '4', '2019-09-18 09:26:04'),
(3340, 86, 9, 'requests', 'openedByEmployeeId', 'update', NULL, '5', '2019-09-18 09:26:04'),
(3341, 86, 9, 'requests', 'isOriginalsReceived', 'update', '0', '1', '2019-09-18 09:26:11'),
(3342, 86, 9, 'requests', 'statusId', 'update', '4', '6', '2019-09-18 09:26:13'),
(3343, 11, 11, 'users', NULL, 'Login', NULL, NULL, '2019-09-18 09:26:35'),
(3344, 86, 11, 'requests', 'statusId', 'update', '7', '9', '2019-09-18 09:29:16'),
(3345, 86, 11, 'requests', 'isChamberMember', 'update', '0', '1', '2019-09-18 09:29:16'),
(3346, 86, 11, 'requests', 'isSubscriptionFeesPaid', 'update', '0', '1', '2019-09-18 09:29:16'),
(3347, 86, 11, 'requests', 'statusId', 'update', '9', '12', '2019-09-18 09:29:19'),
(3348, 111, 11, 'certificates', 'certificateNumber', 'update', NULL, '29', '2019-09-18 09:29:19'),
(3349, 111, 11, 'certificates', 'issueDate', 'update', NULL, '2019-09-18 09:26:24', '2019-09-18 09:29:19'),
(3350, 112, 11, 'certificates', 'certificateNumber', 'update', NULL, '29', '2019-09-18 09:29:19'),
(3351, 112, 11, 'certificates', 'issueDate', 'update', NULL, '2019-09-18 09:26:24', '2019-09-18 09:29:19'),
(3352, 15, 15, 'users', NULL, 'Login', NULL, NULL, '2019-09-18 09:32:33'),
(3353, 10, 10, 'users', NULL, 'Login', NULL, NULL, '2019-09-18 09:33:11'),
(3354, 10, 10, 'users', NULL, 'Login', NULL, NULL, '2019-09-18 09:40:16'),
(3355, 72, 72, 'users', NULL, 'Login', NULL, NULL, '2019-09-18 09:41:57'),
(3356, 10, 10, 'users', NULL, 'Login', NULL, NULL, '2019-09-18 09:42:20'),
(3357, 106, 72, 'assessments', NULL, 'create', NULL, NULL, '2019-09-18 10:01:02'),
(3358, 232, 72, 'attachments', NULL, 'create', NULL, NULL, '2019-09-18 10:02:40'),
(3359, 233, 72, 'attachments', NULL, 'create', NULL, NULL, '2019-09-18 10:02:45'),
(3360, 87, 72, 'requests', NULL, 'create', NULL, NULL, '2019-09-18 10:03:01'),
(3361, 113, 72, 'certificate', NULL, 'create', NULL, NULL, '2019-09-18 10:03:01'),
(3362, 114, 72, 'certificate', NULL, 'create', NULL, NULL, '2019-09-18 10:03:01'),
(3363, 233, 72, 'attachments', 'requestId', 'update', NULL, '87', '2019-09-18 10:03:01'),
(3364, 233, 72, 'attachments', 'isRepresentativeProof', 'update', '0', '0', '2019-09-18 10:03:01'),
(3365, 10, 10, 'users', NULL, 'Login', NULL, NULL, '2019-09-18 10:03:24'),
(3366, 87, 10, 'requests', 'statusId', 'update', '1', '2', '2019-09-18 10:04:00'),
(3367, 87, 10, 'requests', 'employeeId', 'update', NULL, '21', '2019-09-18 10:04:00'),
(3368, 9, 9, 'users', NULL, 'Login', NULL, NULL, '2019-09-18 10:04:08'),
(3369, 87, 9, 'requests', 'statusId', 'update', '2', '4', '2019-09-18 10:05:07'),
(3370, 87, 9, 'requests', 'openedByEmployeeId', 'update', NULL, '5', '2019-09-18 10:05:07'),
(3371, 87, 9, 'requests', 'statusId', 'update', '4', '5', '2019-09-18 10:05:58'),
(3372, 233, 72, 'attachments', 'requestId', 'update', '87', NULL, '2019-09-18 10:07:07'),
(3373, 233, 72, 'attachments', 'isRepresentativeProof', 'update', '0', '0', '2019-09-18 10:07:07'),
(3374, 233, 72, 'attachments', 'requestId', 'update', NULL, '87', '2019-09-18 10:07:07'),
(3375, 233, 72, 'attachments', 'isRepresentativeProof', 'update', '0', '0', '2019-09-18 10:07:07'),
(3376, 87, 72, 'requests', 'statusId', 'update', '5', '4', '2019-09-18 10:07:27'),
(3377, 10, 10, 'users', NULL, 'Login', NULL, NULL, '2019-09-18 10:07:49'),
(3378, 87, 9, 'requests', 'isOriginalsReceived', 'update', '0', '1', '2019-09-18 10:08:22'),
(3379, 87, 9, 'requests', 'statusId', 'update', '4', '6', '2019-09-18 10:08:38'),
(3380, 10, 10, 'users', NULL, 'Login', NULL, NULL, '2019-09-18 10:08:57'),
(3381, 11, 11, 'users', NULL, 'Login', NULL, NULL, '2019-09-18 10:09:42'),
(3382, 11, 11, 'users', NULL, 'Login', NULL, NULL, '2019-09-18 10:10:59'),
(3383, 10, 10, 'users', NULL, 'Login', NULL, NULL, '2019-09-18 10:11:31'),
(3384, 10, 10, 'users', NULL, 'Login', NULL, NULL, '2019-09-18 10:12:48'),
(3385, 11, 11, 'users', NULL, 'Login', NULL, NULL, '2019-09-18 10:12:59'),
(3386, 11, 11, 'users', NULL, 'Login', NULL, NULL, '2019-09-18 10:13:07'),
(3387, 10, 10, 'users', NULL, 'Login', NULL, NULL, '2019-09-18 10:13:20'),
(3388, 11, 11, 'users', NULL, 'Login', NULL, NULL, '2019-09-18 10:13:48'),
(3389, 11, 11, 'users', NULL, 'Login', NULL, NULL, '2019-09-18 10:15:00'),
(3390, 87, 11, 'requests', 'statusId', 'update', '7', '9', '2019-09-18 10:15:31'),
(3391, 87, 11, 'requests', 'isChamberMember', 'update', '0', '1', '2019-09-18 10:15:31'),
(3392, 87, 11, 'requests', 'isSubscriptionFeesPaid', 'update', '0', '1', '2019-09-18 10:15:31'),
(3393, 87, 11, 'requests', 'statusId', 'update', '9', '12', '2019-09-18 10:15:33'),
(3394, 113, 11, 'certificates', 'certificateNumber', 'update', NULL, '30', '2019-09-18 10:15:33'),
(3395, 113, 11, 'certificates', 'issueDate', 'update', NULL, '2019-09-18 10:09:19', '2019-09-18 10:15:33'),
(3396, 114, 11, 'certificates', 'certificateNumber', 'update', NULL, '30', '2019-09-18 10:15:33'),
(3397, 114, 11, 'certificates', 'issueDate', 'update', NULL, '2019-09-18 10:09:19', '2019-09-18 10:15:33'),
(3398, 1, 1, 'users', NULL, 'Login', NULL, NULL, '2019-09-18 10:30:45'),
(3399, 73, 73, 'users', NULL, 'register', NULL, NULL, '2019-09-18 11:38:27'),
(3400, 73, 73, 'users', NULL, 'Login', NULL, NULL, '2019-09-18 11:47:33'),
(3401, 107, 73, 'assessments', NULL, 'create', NULL, NULL, '2019-09-18 12:22:31'),
(3402, 73, 73, 'users', NULL, 'Login', NULL, NULL, '2019-09-18 12:22:45'),
(3403, 108, 73, 'assessments', NULL, 'create', NULL, NULL, '2019-09-18 12:23:34'),
(3404, 1, 1, 'users', NULL, 'Login', NULL, NULL, '2019-09-18 12:23:46'),
(3405, 1, 1, 'settings', 'executiveManagerName', 'update', 'مدير الاتحاد', 'د. خالد عبد العظيم', '2019-09-18 12:24:49'),
(3406, 15, 15, 'users', NULL, 'Login', NULL, NULL, '2019-09-18 12:26:07'),
(3407, 28, 73, 'applicants', 'legalEntityIdentifier', 'update', NULL, '2234', '2019-09-18 12:31:25'),
(3408, 28, 73, 'applicants', 'managerName', 'update', NULL, 'Ahmed Mohamed', '2019-09-18 12:31:25'),
(3409, 28, 73, 'applicants', 'isInsideIndusterialArea', 'update', NULL, '0', '2019-09-18 12:31:25'),
(3410, 28, 73, 'applicants', 'governorateId', 'update', NULL, '2', '2019-09-18 12:31:25'),
(3411, 28, 73, 'applicants', 'cityId', 'update', NULL, '2', '2019-09-18 12:31:25'),
(3412, 28, 73, 'applicants', 'areaOrDistrict', 'update', NULL, 'new cairo', '2019-09-18 12:31:25'),
(3413, 28, 73, 'applicants', 'buildingNumber', 'update', NULL, '12', '2019-09-18 12:31:25'),
(3414, 28, 73, 'applicants', 'telephone', 'update', NULL, '02345678', '2019-09-18 12:31:25'),
(3415, 28, 73, 'applicants', 'authorityAcceptanceNumber', 'update', NULL, '123', '2019-09-18 12:31:25'),
(3416, 28, 73, 'applicants', 'commercialRecord', 'update', NULL, '3456', '2019-09-18 12:31:25'),
(3417, 28, 73, 'applicants', 'licenseNumber', 'update', NULL, '234', '2019-09-18 12:31:25'),
(3418, 28, 73, 'applicants', 'factoryArea', 'update', NULL, '1024', '2019-09-18 12:31:25'),
(3419, 28, 73, 'applicants', 'investmentCostAtConstructionTime', 'update', NULL, '1234545', '2019-09-18 12:31:25'),
(3420, 28, 73, 'applicants', 'currentInvestmentCosts', 'update', NULL, '34566', '2019-09-18 12:31:25'),
(3421, 28, 73, 'applicants', 'taxCard', 'update', NULL, '2345', '2019-09-18 12:31:25'),
(3422, 28, 73, 'applicants', 'extentOfEnvironmentalConditionsImplementationAndTrashDisposal', 'update', NULL, '90', '2019-09-18 12:31:25'),
(3423, 28, 73, 'applicants', 'extentOfDangerousMaterialsUsage', 'update', NULL, '5', '2019-09-18 12:31:25'),
(3424, 28, 73, 'applicants', 'annualInsuranceValue', 'update', NULL, '120000', '2019-09-18 12:31:25'),
(3425, 28, 73, 'applicants', 'certificatesAndExtentOfSpecificationsMatching', 'update', NULL, 'iso', '2019-09-18 12:31:25'),
(3426, 28, 73, 'applicants', 'insuredWorkersCount', 'update', NULL, '2000', '2019-09-18 12:31:25'),
(3427, 28, 73, 'applicants', 'entryNumberInIndusterialRecord', 'update', NULL, '123', '2019-09-18 12:31:25'),
(3428, 28, 73, 'applicants', 'yearOfFirstCertificate', 'update', NULL, '2019', '2019-09-18 12:31:25'),
(3429, 28, 73, 'applicants', 'expirationDate', 'update', NULL, '2019-09-18', '2019-09-18 12:31:25'),
(3430, 10, 10, 'users', NULL, 'Login', NULL, NULL, '2019-09-18 12:32:49'),
(3431, 15, 15, 'users', NULL, 'Login', NULL, NULL, '2019-09-18 12:33:41'),
(3432, 71, 71, 'users', NULL, 'Login', NULL, NULL, '2019-09-18 12:35:23'),
(3433, 109, 15, 'assessments', NULL, 'create', NULL, NULL, '2019-09-18 12:36:21'),
(3434, 234, 15, 'attachments', NULL, 'create', NULL, NULL, '2019-09-18 12:36:56'),
(3435, 235, 73, 'attachments', NULL, 'create', NULL, NULL, '2019-09-18 12:38:05'),
(3436, 88, 15, 'requests', NULL, 'create', NULL, NULL, '2019-09-18 12:39:05'),
(3437, 115, 15, 'certificate', NULL, 'create', NULL, NULL, '2019-09-18 12:39:05'),
(3438, 116, 15, 'certificate', NULL, 'create', NULL, NULL, '2019-09-18 12:39:05'),
(3439, 234, 15, 'attachments', 'requestId', 'update', NULL, '88', '2019-09-18 12:39:05'),
(3440, 234, 15, 'attachments', 'isRepresentativeProof', 'update', '0', '0', '2019-09-18 12:39:05'),
(3441, 89, 73, 'requests', NULL, 'create', NULL, NULL, '2019-09-18 12:39:21'),
(3442, 117, 73, 'certificate', NULL, 'create', NULL, NULL, '2019-09-18 12:39:21'),
(3443, 118, 73, 'certificate', NULL, 'create', NULL, NULL, '2019-09-18 12:39:21'),
(3444, 235, 73, 'attachments', 'requestId', 'update', NULL, '89', '2019-09-18 12:39:21'),
(3445, 235, 73, 'attachments', 'isRepresentativeProof', 'update', '0', '0', '2019-09-18 12:39:21'),
(3446, 10, 10, 'users', NULL, 'Login', NULL, NULL, '2019-09-18 12:40:10'),
(3447, 9, 9, 'users', NULL, 'Login', NULL, NULL, '2019-09-18 12:42:58'),
(3448, 89, 9, 'requests', 'statusId', 'update', '2', '4', '2019-09-18 12:44:01'),
(3449, 89, 9, 'requests', 'openedByEmployeeId', 'update', NULL, '5', '2019-09-18 12:44:01'),
(3450, 10, 10, 'users', NULL, 'Login', NULL, NULL, '2019-09-18 12:47:55'),
(3451, 89, 9, 'requests', 'statusId', 'update', '4', '5', '2019-09-18 12:56:10'),
(3452, 73, 73, 'users', NULL, 'Login', NULL, NULL, '2019-09-18 12:56:32'),
(3453, 235, 73, 'attachments', 'requestId', 'update', '89', NULL, '2019-09-18 12:57:13'),
(3454, 235, 73, 'attachments', 'isRepresentativeProof', 'update', '0', '0', '2019-09-18 12:57:13'),
(3455, 235, 73, 'attachments', 'requestId', 'update', NULL, '89', '2019-09-18 12:57:13'),
(3456, 235, 73, 'attachments', 'isRepresentativeProof', 'update', '0', '0', '2019-09-18 12:57:13'),
(3457, 89, 73, 'requests', 'statusId', 'update', '5', '4', '2019-09-18 13:02:34'),
(3458, 89, 9, 'requests', 'isOriginalsReceived', 'update', '0', '1', '2019-09-18 13:12:27'),
(3459, 89, 9, 'requests', 'statusId', 'update', '4', '6', '2019-09-18 13:12:52'),
(3460, 10, 10, 'users', NULL, 'Login', NULL, NULL, '2019-09-18 13:13:09'),
(3461, 10, 10, 'users', NULL, 'Login', NULL, NULL, '2019-09-18 13:16:03'),
(3462, 11, 11, 'users', NULL, 'Login', NULL, NULL, '2019-09-18 13:18:15'),
(3463, 12, 12, 'users', NULL, 'Login', NULL, NULL, '2019-09-18 13:33:18'),
(3464, 72, 72, 'users', NULL, 'Login', NULL, NULL, '2019-09-18 15:04:50'),
(3465, 10, 10, 'users', NULL, 'Login', NULL, NULL, '2019-09-18 15:05:26'),
(3466, 15, 15, 'users', NULL, 'Login', NULL, NULL, '2019-09-18 17:56:46'),
(3467, 11, 11, 'users', NULL, 'Login', NULL, NULL, '2019-09-18 18:06:13'),
(3468, 15, 15, 'users', NULL, 'Login', NULL, NULL, '2019-09-18 18:11:41'),
(3469, 15, 15, 'users', NULL, 'Login', NULL, NULL, '2019-09-19 09:37:25'),
(3470, 11, 11, 'users', NULL, 'Login', NULL, NULL, '2019-09-19 09:43:55'),
(3471, 15, 15, 'users', NULL, 'Login', NULL, NULL, '2019-09-19 09:46:07'),
(3472, 236, 15, 'attachments', NULL, 'create', NULL, NULL, '2019-09-19 10:36:14'),
(3473, 90, 15, 'requests', NULL, 'create', NULL, NULL, '2019-09-19 10:36:16'),
(3474, 119, 15, 'certificate', NULL, 'create', NULL, NULL, '2019-09-19 10:36:16'),
(3475, 120, 15, 'certificate', NULL, 'create', NULL, NULL, '2019-09-19 10:36:16'),
(3476, 236, 15, 'attachments', 'requestId', 'update', NULL, '90', '2019-09-19 10:36:16'),
(3477, 236, 15, 'attachments', 'isRepresentativeProof', 'update', '0', '0', '2019-09-19 10:36:16'),
(3478, 84, 15, 'assessments', 'isTotals', 'update', '1', '1', '2019-09-19 11:28:52'),
(3479, 84, 15, 'assessments', 'isTotals', 'update', '1', '1', '2019-09-19 11:29:16'),
(3480, 84, 15, 'assessments', 'isTotals', 'update', '1', '1', '2019-09-19 11:31:03'),
(3481, 84, 15, 'assessments', 'isTotals', 'update', '1', '1', '2019-09-19 11:35:41'),
(3482, 84, 15, 'assessments', 'isTotals', 'update', '1', '1', '2019-09-19 11:40:08'),
(3483, 84, 15, 'assessments', 'isTotals', 'update', '1', '1', '2019-09-19 11:42:47'),
(3484, 84, 15, 'assessments', 'isTotals', 'update', '1', '1', '2019-09-19 11:44:55'),
(3485, 1, 1, 'users', NULL, 'Login', NULL, NULL, '2019-09-19 13:02:19'),
(3486, 15, 15, 'users', NULL, 'Login', NULL, NULL, '2019-09-19 13:11:23'),
(3487, 11, 11, 'users', NULL, 'Login', NULL, NULL, '2019-09-19 13:16:36'),
(3488, 11, 11, 'users', NULL, 'Login', NULL, NULL, '2019-09-19 13:18:06'),
(3489, 11, 11, 'users', NULL, 'Login', NULL, NULL, '2019-09-19 13:18:50'),
(3490, 11, 11, 'users', NULL, 'Login', NULL, NULL, '2019-09-19 14:35:44'),
(3491, 15, 15, 'users', NULL, 'Login', NULL, NULL, '2019-09-19 14:52:05'),
(3492, 110, 15, 'assessments', NULL, 'create', NULL, NULL, '2019-09-19 14:52:18'),
(3493, 15, 15, 'users', NULL, 'Login', NULL, NULL, '2019-09-19 15:02:46'),
(3494, 15, 15, 'users', NULL, 'Login', NULL, NULL, '2019-09-19 15:35:19'),
(3495, 15, 15, 'users', NULL, 'Login', NULL, NULL, '2019-09-19 15:48:38'),
(3496, 15, 15, 'users', NULL, 'Login', NULL, NULL, '2019-09-19 16:08:14'),
(3497, 74, 74, 'users', NULL, 'register', NULL, NULL, '2019-09-22 10:02:31'),
(3498, 15, 15, 'users', NULL, 'Login', NULL, NULL, '2019-09-22 10:02:57'),
(3499, 15, 15, 'users', NULL, 'Login', NULL, NULL, '2019-09-22 10:03:21'),
(3500, 15, 15, 'users', NULL, 'Login', NULL, NULL, '2019-09-22 10:05:31'),
(3501, 75, 75, 'users', NULL, 'register', NULL, NULL, '2019-09-22 10:26:30'),
(3502, 1, 1, 'users', NULL, 'Login', NULL, NULL, '2019-09-22 11:43:09'),
(3503, 15, 15, 'users', NULL, 'Login', NULL, NULL, '2019-09-22 11:45:21'),
(3504, 14, 14, 'users', NULL, 'Login', NULL, NULL, '2019-09-22 12:45:06'),
(3505, 2, 14, 'certificates', 'isWinnedTender', 'update', '0', '1', '2019-09-22 12:45:40'),
(3506, 3, 14, 'tender_winners', NULL, 'create', NULL, NULL, '2019-09-22 12:45:40'),
(3507, 11, 11, 'users', NULL, 'Login', NULL, NULL, '2019-09-22 12:46:34'),
(3508, 15, 15, 'users', NULL, 'Login', NULL, NULL, '2019-09-22 16:21:47'),
(3509, 15, 15, 'users', NULL, 'Login', NULL, NULL, '2019-09-22 16:26:09'),
(3510, 15, 15, 'users', NULL, 'Login', NULL, NULL, '2019-09-22 17:04:06'),
(3511, 15, 15, 'users', NULL, 'Login', NULL, NULL, '2019-09-22 17:07:27'),
(3512, 15, 15, 'users', NULL, 'Login', NULL, NULL, '2019-09-22 18:19:01'),
(3513, 111, 15, 'assessments', NULL, 'create', NULL, NULL, '2019-09-22 18:19:21'),
(3514, 25, 25, 'users', NULL, 'Login', NULL, NULL, '2019-09-23 09:36:07'),
(3515, 1, 1, 'users', NULL, 'Login', NULL, NULL, '2019-09-23 10:13:38'),
(3516, 25, 25, 'users', NULL, 'Login', NULL, NULL, '2019-09-23 10:59:31'),
(3517, 1, 1, 'users', NULL, 'Login', NULL, NULL, '2019-09-23 11:32:28'),
(3518, 1, 1, 'users', NULL, 'Login', NULL, NULL, '2019-09-23 11:40:38'),
(3519, 1, 1, 'users', NULL, 'Login', NULL, NULL, '2019-09-23 12:29:23'),
(3520, 1, 1, 'users', NULL, 'Login', NULL, NULL, '2019-09-23 15:00:02'),
(3521, 15, 15, 'users', NULL, 'Login', NULL, NULL, '2019-09-23 15:40:35'),
(3522, 1, 1, 'users', NULL, 'Login', NULL, NULL, '2019-09-23 15:40:57'),
(3523, 25, 25, 'users', NULL, 'Login', NULL, NULL, '2019-09-23 16:13:53'),
(3524, 1, 1, 'users', NULL, 'Login', NULL, NULL, '2019-09-23 16:25:27'),
(3525, 1, 1, 'users', NULL, 'Login', NULL, NULL, '2019-09-23 18:46:53'),
(3526, 1, 1, 'users', NULL, 'Login', NULL, NULL, '2019-09-24 09:17:33'),
(3527, 15, 15, 'users', NULL, 'Login', NULL, NULL, '2019-09-24 09:21:13'),
(3528, 15, 15, 'users', NULL, 'Login', NULL, NULL, '2019-09-24 09:27:56'),
(3529, 15, 15, 'users', NULL, 'Login', NULL, NULL, '2019-09-24 09:52:17'),
(3530, 1, 1, 'users', NULL, 'Login', NULL, NULL, '2019-09-24 09:55:29'),
(3531, 10, 10, 'users', NULL, 'Login', NULL, NULL, '2019-09-24 10:32:50'),
(3532, 9, 9, 'users', NULL, 'Login', NULL, NULL, '2019-09-24 10:35:42'),
(3533, 9, 9, 'users', NULL, 'Login', NULL, NULL, '2019-09-24 11:04:03'),
(3534, 1, 1, 'users', NULL, 'Login', NULL, NULL, '2019-09-24 11:41:47'),
(3535, 9, 9, 'users', NULL, 'Login', NULL, NULL, '2019-09-24 11:51:29'),
(3536, 15, 15, 'users', NULL, 'Login', NULL, NULL, '2019-09-24 11:59:44'),
(3537, 9, 9, 'users', NULL, 'Login', NULL, NULL, '2019-09-24 12:01:28'),
(3538, 1, 1, 'users', NULL, 'Login', NULL, NULL, '2019-09-24 12:02:49'),
(3539, 9, 9, 'users', NULL, 'Login', NULL, NULL, '2019-09-24 12:12:47'),
(3540, 9, 9, 'users', NULL, 'Login', NULL, NULL, '2019-09-24 12:14:08'),
(3541, 9, 9, 'users', NULL, 'Login', NULL, NULL, '2019-09-24 12:16:20'),
(3542, 9, 9, 'users', NULL, 'Login', NULL, NULL, '2019-09-24 12:28:28'),
(3543, 9, 9, 'users', NULL, 'Login', NULL, NULL, '2019-09-24 13:08:12'),
(3544, 9, 9, 'users', NULL, 'Login', NULL, NULL, '2019-09-24 14:23:32'),
(3545, 15, 15, 'users', NULL, 'Login', NULL, NULL, '2019-09-24 15:08:39'),
(3546, 15, 15, 'users', NULL, 'Login', NULL, NULL, '2019-09-25 10:32:03'),
(3547, 112, 15, 'assessments', NULL, 'create', NULL, NULL, '2019-09-25 10:34:23'),
(3548, 1, 1, 'users', NULL, 'Login', NULL, NULL, '2019-09-25 10:43:53'),
(3549, 9, 9, 'users', NULL, 'Login', NULL, NULL, '2019-09-25 11:12:30'),
(3550, 15, 15, 'users', NULL, 'Login', NULL, NULL, '2019-09-25 18:54:46'),
(3551, 113, 15, 'assessments', NULL, 'create', NULL, NULL, '2019-09-25 18:56:06'),
(3552, 15, 15, 'users', NULL, 'Login', NULL, NULL, '2019-09-26 11:42:03'),
(3553, 1, 1, 'users', NULL, 'Login', NULL, NULL, '2019-09-26 14:53:24'),
(3554, 15, 15, 'users', NULL, 'Login', NULL, NULL, '2019-09-26 14:53:40'),
(3555, 15, 15, 'users', NULL, 'Login', NULL, NULL, '2019-09-26 15:14:11'),
(3556, 15, 15, 'users', NULL, 'Login', NULL, NULL, '2019-09-26 17:43:59'),
(3557, 114, 15, 'assessments', NULL, 'create', NULL, NULL, '2019-09-26 17:46:14'),
(3558, 25, 25, 'users', NULL, 'Login', NULL, NULL, '2019-09-29 10:11:11'),
(3559, 15, 15, 'users', NULL, 'Login', NULL, NULL, '2019-09-29 11:03:25'),
(3560, 72, 72, 'users', NULL, 'Login', NULL, NULL, '2019-09-29 11:05:04'),
(3561, 115, 72, 'assessments', NULL, 'create', NULL, NULL, '2019-09-29 11:09:50'),
(3562, 1, 1, 'users', NULL, 'Login', NULL, NULL, '2019-09-29 11:11:11'),
(3563, 7, 1, 'sections', NULL, 'create', NULL, NULL, '2019-09-29 11:12:47'),
(3564, 10, 10, 'users', NULL, 'Login', NULL, NULL, '2019-09-29 11:29:10'),
(3565, 237, 72, 'attachments', NULL, 'create', NULL, NULL, '2019-09-29 11:29:49'),
(3566, 91, 72, 'requests', NULL, 'create', NULL, NULL, '2019-09-29 11:29:52'),
(3567, 121, 72, 'certificate', NULL, 'create', NULL, NULL, '2019-09-29 11:29:52'),
(3568, 237, 72, 'attachments', 'requestId', 'update', NULL, '91', '2019-09-29 11:29:52'),
(3569, 237, 72, 'attachments', 'isRepresentativeProof', 'update', '0', '0', '2019-09-29 11:29:52'),
(3570, 91, 10, 'requests', 'statusId', 'update', '1', '2', '2019-09-29 11:31:49'),
(3571, 91, 10, 'requests', 'employeeId', 'update', NULL, '5', '2019-09-29 11:31:49'),
(3572, 9, 9, 'users', NULL, 'Login', NULL, NULL, '2019-09-29 11:35:37'),
(3573, 91, 9, 'requests', 'statusId', 'update', '2', '4', '2019-09-29 11:51:19'),
(3574, 91, 9, 'requests', 'openedByEmployeeId', 'update', NULL, '5', '2019-09-29 11:51:19'),
(3575, 91, 9, 'requests', 'isOriginalsReceived', 'update', '0', '1', '2019-09-29 11:51:24'),
(3576, 91, 9, 'requests', 'statusId', 'update', '4', '6', '2019-09-29 11:51:34'),
(3577, 10, 10, 'users', NULL, 'Login', NULL, NULL, '2019-09-29 11:51:53'),
(3578, 11, 11, 'users', NULL, 'Login', NULL, NULL, '2019-09-29 11:52:14'),
(3579, 91, 11, 'requests', 'statusId', 'update', '7', '9', '2019-09-29 11:52:41'),
(3580, 91, 11, 'requests', 'isChamberMember', 'update', '0', '1', '2019-09-29 11:52:41'),
(3581, 91, 11, 'requests', 'isSubscriptionFeesPaid', 'update', '0', '1', '2019-09-29 11:52:41'),
(3582, 91, 11, 'requests', 'statusId', 'update', '9', '12', '2019-09-29 11:52:44'),
(3583, 121, 11, 'certificates', 'certificateNumber', 'update', NULL, '31', '2019-09-29 11:52:44'),
(3584, 121, 11, 'certificates', 'issueDate', 'update', NULL, '2019-09-29 11:52:03', '2019-09-29 11:52:44'),
(3585, 72, 72, 'users', NULL, 'Login', NULL, NULL, '2019-09-29 11:53:58'),
(3586, 62, 72, 'certificateCopyRequest', NULL, 'create', NULL, NULL, '2019-09-29 11:56:07'),
(3587, 11, 11, 'users', NULL, 'Login', NULL, NULL, '2019-09-29 11:56:53'),
(3588, 62, 11, 'certificateCopyRequest', 'isChamberMember', 'update', '0', '1', '2019-09-29 11:57:23'),
(3589, 62, 11, 'certificateCopyRequest', 'isSubscriptionFeesPaid', 'update', '0', '1', '2019-09-29 11:57:23'),
(3590, 62, 11, 'certificateCopyRequest', 'isIssued', 'update', '0', '1', '2019-09-29 12:04:12'),
(3591, 62, 11, 'certificateCopyRequest', 'issueDate', 'update', NULL, '2019-09-29 11:52:03', '2019-09-29 12:04:12'),
(3592, 72, 72, 'users', NULL, 'Login', NULL, NULL, '2019-09-29 14:04:57'),
(3593, 11, 11, 'users', NULL, 'Login', NULL, NULL, '2019-09-29 14:05:40'),
(3594, 64, 64, 'users', NULL, 'Login', NULL, NULL, '2019-09-29 14:21:54'),
(3595, 238, 64, 'attachments', NULL, 'create', NULL, NULL, '2019-09-29 14:22:51'),
(3596, 11, 11, 'users', NULL, 'Login', NULL, NULL, '2019-09-29 14:46:12'),
(3597, 28, 11, 'certificateCopyRequest', 'isChamberMember', 'update', '0', '1', '2019-09-29 14:46:57'),
(3598, 28, 11, 'certificateCopyRequest', 'isSubscriptionFeesPaid', 'update', '0', '1', '2019-09-29 14:46:57'),
(3599, 11, 11, 'users', NULL, 'Login', NULL, NULL, '2019-09-29 14:47:10'),
(3600, 63, 72, 'certificateCopyRequest', NULL, 'create', NULL, NULL, '2019-09-29 15:01:13'),
(3601, 64, 72, 'certificateCopyRequest', NULL, 'create', NULL, NULL, '2019-09-29 15:01:22'),
(3602, 15, 15, 'users', NULL, 'Login', NULL, NULL, '2019-09-29 15:06:04'),
(3603, 161, 15, 'attachments', 'requestId', 'update', '44', NULL, '2019-09-29 15:07:03'),
(3604, 161, 15, 'attachments', 'isRepresentativeProof', 'update', '0', '0', '2019-09-29 15:07:03'),
(3605, 161, 15, 'attachments', 'requestId', 'update', NULL, '44', '2019-09-29 15:07:03'),
(3606, 161, 15, 'attachments', 'isRepresentativeProof', 'update', '0', '0', '2019-09-29 15:07:03'),
(3607, 116, 15, 'assessments', NULL, 'create', NULL, NULL, '2019-09-29 15:12:05'),
(3608, 239, 64, 'attachments', NULL, 'create', NULL, NULL, '2019-09-29 15:35:30'),
(3609, 64, 64, 'users', NULL, 'Login', NULL, NULL, '2019-09-29 15:35:51'),
(3610, 15, 15, 'users', NULL, 'Login', NULL, NULL, '2019-09-29 16:10:40'),
(3611, 11, 11, 'users', NULL, 'Login', NULL, NULL, '2019-09-30 10:38:35'),
(3612, 15, 15, 'users', NULL, 'Login', NULL, NULL, '2019-09-30 11:13:48'),
(3613, 10, 10, 'users', NULL, 'Login', NULL, NULL, '2019-09-30 11:17:03'),
(3614, 15, 15, 'users', NULL, 'Login', NULL, NULL, '2019-09-30 11:20:14'),
(3615, 44, 15, 'requests', 'representativeNationalId', 'update', '332321', '33232168765443', '2019-09-30 11:21:16'),
(3616, 161, 15, 'attachments', 'requestId', 'update', '44', NULL, '2019-09-30 11:21:16'),
(3617, 161, 15, 'attachments', 'isRepresentativeProof', 'update', '0', '0', '2019-09-30 11:21:16'),
(3618, 161, 15, 'attachments', 'requestId', 'update', NULL, '44', '2019-09-30 11:21:16');
INSERT INTO `log` (`id`, `RecordId`, `createdByUserId`, `TableName`, `Column`, `Action`, `oldValue`, `newValue`, `createdAt`) VALUES
(3619, 161, 15, 'attachments', 'isRepresentativeProof', 'update', '0', '0', '2019-09-30 11:21:16'),
(3620, 15, 15, 'users', NULL, 'Login', NULL, NULL, '2019-09-30 11:38:25'),
(3621, 10, 10, 'users', NULL, 'Login', NULL, NULL, '2019-09-30 11:50:56'),
(3622, 11, 11, 'users', NULL, 'Login', NULL, NULL, '2019-09-30 11:51:29'),
(3623, 10, 10, 'users', NULL, 'Login', NULL, NULL, '2019-09-30 11:56:09'),
(3624, 107, 10, 'assessments', 'productName', 'update', 'جبن مطبوخ مثلثات', '.جبن مطبوخ مثلثات', '2019-09-30 11:56:24'),
(3625, 10, 10, 'users', NULL, 'Login', NULL, NULL, '2019-09-30 12:04:02'),
(3626, 10, 10, 'users', NULL, 'Login', NULL, NULL, '2019-09-30 12:05:14'),
(3627, 72, 72, 'users', NULL, 'Login', NULL, NULL, '2019-09-30 12:12:05'),
(3628, 1, 1, 'users', NULL, 'Login', NULL, NULL, '2019-09-30 12:22:46'),
(3629, 11, 11, 'users', NULL, 'Login', NULL, NULL, '2019-09-30 12:32:03'),
(3630, 11, 11, 'users', NULL, 'Login', NULL, NULL, '2019-09-30 12:41:05'),
(3631, 64, 11, 'certificateCopyRequest', 'isChamberMember', 'update', '0', '1', '2019-09-30 12:43:09'),
(3632, 64, 11, 'certificateCopyRequest', 'isIssued', 'update', '0', '1', '2019-09-30 12:43:11'),
(3633, 64, 11, 'certificateCopyRequest', 'issueDate', 'update', NULL, '2019-09-16 16:44:34', '2019-09-30 12:43:11'),
(3634, 63, 11, 'certificateCopyRequest', 'isChamberMember', 'update', '0', '1', '2019-09-30 12:44:41'),
(3635, 63, 11, 'certificateCopyRequest', 'isSubscriptionFeesPaid', 'update', '0', '1', '2019-09-30 12:44:41'),
(3636, 63, 11, 'certificateCopyRequest', 'isIssued', 'update', '0', '1', '2019-09-30 12:44:42'),
(3637, 63, 11, 'certificateCopyRequest', 'issueDate', 'update', NULL, '2019-09-16 16:44:34', '2019-09-30 12:44:42'),
(3638, 11, 11, 'users', NULL, 'Login', NULL, NULL, '2019-09-30 14:09:17'),
(3639, 1, 1, 'users', NULL, 'Login', NULL, NULL, '2019-09-30 14:12:06'),
(3640, 1, 1, 'users', NULL, 'Login', NULL, NULL, '2019-09-30 14:44:00'),
(3641, 1, 1, 'settings', 'automaticAssignDelay', 'update', '2', '15', '2019-09-30 14:55:21'),
(3642, 76, 76, 'users', NULL, 'register', NULL, NULL, '2019-09-30 15:14:19'),
(3643, 117, 76, 'assessments', NULL, 'create', NULL, NULL, '2019-09-30 15:15:41'),
(3644, 31, 76, 'applicants', 'legalEntityIdentifier', 'update', NULL, '12345678912345', '2019-09-30 15:18:25'),
(3645, 31, 76, 'applicants', 'managerName', 'update', NULL, 'Ahmed Mohamed', '2019-09-30 15:18:25'),
(3646, 31, 76, 'applicants', 'isInsideIndusterialArea', 'update', NULL, '0', '2019-09-30 15:18:25'),
(3647, 31, 76, 'applicants', 'governorateId', 'update', NULL, '1', '2019-09-30 15:18:25'),
(3648, 31, 76, 'applicants', 'cityId', 'update', NULL, '1', '2019-09-30 15:18:25'),
(3649, 31, 76, 'applicants', 'areaOrDistrict', 'update', NULL, 'october', '2019-09-30 15:18:25'),
(3650, 31, 76, 'applicants', 'buildingNumber', 'update', NULL, '12', '2019-09-30 15:18:25'),
(3651, 31, 76, 'applicants', 'telephone', 'update', NULL, '0234567898', '2019-09-30 15:18:25'),
(3652, 31, 76, 'applicants', 'fax', 'update', NULL, '002', '2019-09-30 15:18:25'),
(3653, 31, 76, 'applicants', 'authorityAcceptanceNumber', 'update', NULL, '8657', '2019-09-30 15:18:25'),
(3654, 31, 76, 'applicants', 'commercialRecord', 'update', NULL, '7876876', '2019-09-30 15:18:25'),
(3655, 31, 76, 'applicants', 'licenseNumber', 'update', NULL, '7878', '2019-09-30 15:18:25'),
(3656, 31, 76, 'applicants', 'factoryArea', 'update', NULL, '1024', '2019-09-30 15:18:25'),
(3657, 31, 76, 'applicants', 'investmentCostAtConstructionTime', 'update', NULL, '100000000', '2019-09-30 15:18:25'),
(3658, 31, 76, 'applicants', 'currentInvestmentCosts', 'update', NULL, '43434534', '2019-09-30 15:18:25'),
(3659, 31, 76, 'applicants', 'taxCard', 'update', NULL, '76877', '2019-09-30 15:18:25'),
(3660, 31, 76, 'applicants', 'extentOfEnvironmentalConditionsImplementationAndTrashDisposal', 'update', NULL, '90', '2019-09-30 15:18:25'),
(3661, 31, 76, 'applicants', 'extentOfDangerousMaterialsUsage', 'update', NULL, '0', '2019-09-30 15:18:25'),
(3662, 31, 76, 'applicants', 'annualInsuranceValue', 'update', NULL, '1200000', '2019-09-30 15:18:25'),
(3663, 31, 76, 'applicants', 'certificatesAndExtentOfSpecificationsMatching', 'update', NULL, 'iso', '2019-09-30 15:18:25'),
(3664, 31, 76, 'applicants', 'insuredWorkersCount', 'update', NULL, '200', '2019-09-30 15:18:25'),
(3665, 31, 76, 'applicants', 'entryNumberInIndusterialRecord', 'update', NULL, '7676', '2019-09-30 15:18:25'),
(3666, 31, 76, 'applicants', 'yearOfFirstCertificate', 'update', NULL, '2018', '2019-09-30 15:18:25'),
(3667, 31, 76, 'applicants', 'expirationDate', 'update', NULL, '2019-09-15', '2019-09-30 15:18:25'),
(3668, 240, 76, 'attachments', NULL, 'create', NULL, NULL, '2019-09-30 15:20:34'),
(3669, 92, 76, 'requests', NULL, 'create', NULL, NULL, '2019-09-30 15:20:50'),
(3670, 122, 76, 'certificate', NULL, 'create', NULL, NULL, '2019-09-30 15:20:50'),
(3671, 123, 76, 'certificate', NULL, 'create', NULL, NULL, '2019-09-30 15:20:50'),
(3672, 240, 76, 'attachments', 'requestId', 'update', NULL, '92', '2019-09-30 15:20:50'),
(3673, 240, 76, 'attachments', 'isRepresentativeProof', 'update', '0', '0', '2019-09-30 15:20:50'),
(3674, 10, 10, 'users', NULL, 'Login', NULL, NULL, '2019-09-30 15:21:22'),
(3675, 92, 10, 'requests', 'statusId', 'update', '1', '2', '2019-09-30 15:24:37'),
(3676, 92, 10, 'requests', 'employeeId', 'update', NULL, '21', '2019-09-30 15:24:37'),
(3677, 9, 9, 'users', NULL, 'Login', NULL, NULL, '2019-09-30 15:32:05'),
(3678, 9, 9, 'users', NULL, 'Login', NULL, NULL, '2019-09-30 15:32:28'),
(3679, 92, 9, 'requests', 'statusId', 'update', '2', '4', '2019-09-30 15:33:31'),
(3680, 92, 9, 'requests', 'openedByEmployeeId', 'update', NULL, '5', '2019-09-30 15:33:31'),
(3681, 92, 9, 'requests', 'statusId', 'update', '4', '5', '2019-09-30 15:35:22'),
(3682, 68, 76, 'assessments', 'isPackaging', 'update', '0', '0', '2019-09-30 15:42:51'),
(3683, 68, 76, 'assessments', 'isImported', 'update', '0', '0', '2019-09-30 15:42:51'),
(3684, 241, 76, 'attachments', NULL, 'create', NULL, NULL, '2019-09-30 15:43:13'),
(3685, 240, 76, 'attachments', 'requestId', 'update', '92', NULL, '2019-09-30 15:43:17'),
(3686, 240, 76, 'attachments', 'isRepresentativeProof', 'update', '0', '0', '2019-09-30 15:43:17'),
(3687, 240, 76, 'attachments', 'requestId', 'update', NULL, '92', '2019-09-30 15:43:17'),
(3688, 240, 76, 'attachments', 'isRepresentativeProof', 'update', '0', '0', '2019-09-30 15:43:17'),
(3689, 241, 76, 'attachments', 'requestId', 'update', NULL, '92', '2019-09-30 15:43:17'),
(3690, 241, 76, 'attachments', 'isRepresentativeProof', 'update', '0', '0', '2019-09-30 15:43:17'),
(3691, 92, 76, 'requests', 'statusId', 'update', '5', '4', '2019-09-30 15:43:30'),
(3692, 92, 9, 'requests', 'isOriginalsReceived', 'update', '0', '1', '2019-09-30 15:44:49'),
(3693, 92, 9, 'requests', 'statusId', 'update', '4', '6', '2019-09-30 15:45:10'),
(3694, 92, 10, 'requests', 'statusId', 'update', '6', '4', '2019-09-30 15:46:34'),
(3695, 92, 9, 'requests', 'statusId', 'update', '4', '6', '2019-09-30 15:46:50'),
(3696, 11, 11, 'users', NULL, 'Login', NULL, NULL, '2019-09-30 15:48:41'),
(3697, 12, 12, 'users', NULL, 'Login', NULL, NULL, '2019-09-30 15:48:56'),
(3698, 92, 11, 'requests', 'statusId', 'update', '7', '9', '2019-09-30 15:54:56'),
(3699, 92, 11, 'requests', 'isChamberMember', 'update', '0', '1', '2019-09-30 15:54:56'),
(3700, 92, 11, 'requests', 'statusId', 'update', '9', '12', '2019-09-30 15:55:11'),
(3701, 122, 11, 'certificates', 'certificateNumber', 'update', NULL, '32', '2019-09-30 15:55:11'),
(3702, 122, 11, 'certificates', 'issueDate', 'update', NULL, '2019-09-30 15:47:44', '2019-09-30 15:55:11'),
(3703, 123, 11, 'certificates', 'certificateNumber', 'update', NULL, '32', '2019-09-30 15:55:11'),
(3704, 123, 11, 'certificates', 'issueDate', 'update', NULL, '2019-09-30 15:47:44', '2019-09-30 15:55:11'),
(3705, 15, 15, 'users', NULL, 'Login', NULL, NULL, '2019-09-30 16:00:17'),
(3706, 76, 76, 'users', NULL, 'Login', NULL, NULL, '2019-09-30 16:00:45'),
(3707, 65, 76, 'certificateCopyRequest', NULL, 'create', NULL, NULL, '2019-09-30 16:01:17'),
(3708, 11, 11, 'users', NULL, 'Login', NULL, NULL, '2019-09-30 16:02:04'),
(3709, 65, 11, 'certificateCopyRequest', 'isChamberMember', 'update', '0', '1', '2019-09-30 16:02:49'),
(3710, 65, 11, 'certificateCopyRequest', 'isIssued', 'update', '0', '1', '2019-09-30 16:02:52'),
(3711, 65, 11, 'certificateCopyRequest', 'issueDate', 'update', NULL, '2019-09-30 15:47:44', '2019-09-30 16:02:52'),
(3712, 93, 76, 'requests', NULL, 'create', NULL, NULL, '2019-09-30 16:14:40'),
(3713, 118, 76, 'assessment', NULL, 'create', NULL, NULL, '2019-09-30 16:14:40'),
(3714, 124, 76, 'certificate', NULL, 'create', NULL, NULL, '2019-09-30 16:14:40'),
(3715, 1, 1, 'users', NULL, 'Login', NULL, NULL, '2019-09-30 16:18:44'),
(3716, 1, 1, 'users', NULL, 'Login', NULL, NULL, '2019-09-30 16:38:53'),
(3717, 76, 76, 'users', NULL, 'Login', NULL, NULL, '2019-09-30 17:05:12'),
(3718, 11, 11, 'users', NULL, 'Login', NULL, NULL, '2019-10-01 09:24:46'),
(3719, 26, 11, 'certificateCopyRequest', 'isChamberMember', 'update', '0', '1', '2019-10-01 09:25:07'),
(3720, 1, 1, 'users', NULL, 'Login', NULL, NULL, '2019-10-01 09:32:56'),
(3721, 72, 72, 'users', NULL, 'Login', NULL, NULL, '2019-10-01 09:34:49'),
(3722, 11, 11, 'users', NULL, 'Login', NULL, NULL, '2019-10-01 09:36:26'),
(3723, 11, 11, 'users', NULL, 'Login', NULL, NULL, '2019-10-01 09:39:39'),
(3724, 11, 11, 'users', NULL, 'Login', NULL, NULL, '2019-10-01 09:45:39'),
(3725, 1, 1, 'users', NULL, 'Login', NULL, NULL, '2019-10-01 09:49:53'),
(3726, 11, 11, 'users', NULL, 'Login', NULL, NULL, '2019-10-01 09:51:55'),
(3727, 1, 1, 'users', NULL, 'Login', NULL, NULL, '2019-10-01 10:18:06'),
(3728, 77, 77, 'users', NULL, 'register', NULL, NULL, '2019-10-01 10:23:14'),
(3729, 25, 25, 'users', NULL, 'Login', NULL, NULL, '2019-10-01 10:23:27'),
(3730, 78, 78, 'users', NULL, 'register', NULL, NULL, '2019-10-01 10:24:16'),
(3731, 79, 79, 'users', NULL, 'register', NULL, NULL, '2019-10-01 10:27:54'),
(3732, 11, 11, 'users', NULL, 'Login', NULL, NULL, '2019-10-01 10:51:00'),
(3733, 11, 11, 'users', NULL, 'Login', NULL, NULL, '2019-10-01 10:52:19'),
(3734, 11, 11, 'users', NULL, 'Login', NULL, NULL, '2019-10-01 10:59:42'),
(3735, 11, 11, 'users', NULL, 'Login', NULL, NULL, '2019-10-01 11:11:23'),
(3736, 11, 11, 'users', NULL, 'Login', NULL, NULL, '2019-10-01 11:31:10'),
(3737, 72, 72, 'users', NULL, 'Login', NULL, NULL, '2019-10-01 11:35:33'),
(3738, 94, 72, 'requests', NULL, 'create', NULL, NULL, '2019-10-01 11:35:45'),
(3739, 119, 72, 'assessment', NULL, 'create', NULL, NULL, '2019-10-01 11:35:45'),
(3740, 125, 72, 'certificate', NULL, 'create', NULL, NULL, '2019-10-01 11:35:45'),
(3741, 15, 15, 'users', NULL, 'Login', NULL, NULL, '2019-10-01 11:52:55'),
(3742, 73, 15, 'assessments', 'isTotals', 'update', '1', '1', '2019-10-01 11:53:29'),
(3743, 73, 15, 'assessments', 'isTotals', 'update', '1', '1', '2019-10-01 11:54:10'),
(3744, 73, 15, 'assessments', 'localPackagingComponentsTotals', 'update', '464', '4647', '2019-10-01 11:54:10'),
(3745, 11, 11, 'users', NULL, 'Login', NULL, NULL, '2019-10-01 12:25:44'),
(3746, 11, 11, 'users', NULL, 'Login', NULL, NULL, '2019-10-01 12:32:22'),
(3747, 11, 11, 'users', NULL, 'Login', NULL, NULL, '2019-10-01 12:36:49'),
(3748, 1, 1, 'users', NULL, 'Login', NULL, NULL, '2019-10-01 12:49:15'),
(3749, 1, 1, 'users', NULL, 'Login', NULL, NULL, '2019-10-01 12:51:45'),
(3750, 72, 72, 'users', NULL, 'Login', NULL, NULL, '2019-10-01 12:53:23'),
(3751, 95, 72, 'requests', NULL, 'create', NULL, NULL, '2019-10-01 12:53:56'),
(3752, 120, 72, 'assessment', NULL, 'create', NULL, NULL, '2019-10-01 12:53:56'),
(3753, 126, 72, 'certificate', NULL, 'create', NULL, NULL, '2019-10-01 12:53:56'),
(3754, 1, 1, 'users', NULL, 'Login', NULL, NULL, '2019-10-01 12:54:20'),
(3755, 1, 1, 'users', NULL, 'Login', NULL, NULL, '2019-10-01 13:03:39'),
(3756, 1, 1, 'users', NULL, 'Login', NULL, NULL, '2019-10-01 14:07:15'),
(3757, 80, 80, 'users', NULL, 'register', NULL, NULL, '2019-10-01 14:20:57'),
(3758, 72, 72, 'users', NULL, 'Login', NULL, NULL, '2019-10-01 14:25:39'),
(3759, 121, 80, 'assessments', NULL, 'create', NULL, NULL, '2019-10-01 14:26:24'),
(3760, 35, 80, 'applicants', 'legalEntityIdentifier', 'update', NULL, 'شركة مساهمة', '2019-10-01 14:29:36'),
(3761, 35, 80, 'applicants', 'managerName', 'update', NULL, 'محمد', '2019-10-01 14:29:36'),
(3762, 35, 80, 'applicants', 'isInsideIndusterialArea', 'update', NULL, '1', '2019-10-01 14:29:36'),
(3763, 35, 80, 'applicants', 'governorateId', 'update', NULL, '2', '2019-10-01 14:29:36'),
(3764, 35, 80, 'applicants', 'cityId', 'update', NULL, '2', '2019-10-01 14:29:36'),
(3765, 35, 80, 'applicants', 'indusrialAreaName', 'update', NULL, 'الجيزة', '2019-10-01 14:29:36'),
(3766, 35, 80, 'applicants', 'blockNumber', 'update', NULL, '19', '2019-10-01 14:29:36'),
(3767, 35, 80, 'applicants', 'areaNumber', 'update', NULL, '23', '2019-10-01 14:29:36'),
(3768, 35, 80, 'applicants', 'telephone', 'update', NULL, '0212121123', '2019-10-01 14:29:36'),
(3769, 35, 80, 'applicants', 'authorityAcceptanceNumber', 'update', NULL, '343434', '2019-10-01 14:29:36'),
(3770, 35, 80, 'applicants', 'commercialRecord', 'update', NULL, '4543543', '2019-10-01 14:29:36'),
(3771, 35, 80, 'applicants', 'licenseNumber', 'update', NULL, '4354353324324324', '2019-10-01 14:29:36'),
(3772, 35, 80, 'applicants', 'factoryArea', 'update', NULL, '1000', '2019-10-01 14:29:36'),
(3773, 35, 80, 'applicants', 'investmentCostAtConstructionTime', 'update', NULL, '1000000', '2019-10-01 14:29:36'),
(3774, 35, 80, 'applicants', 'currentInvestmentCosts', 'update', NULL, '400000', '2019-10-01 14:29:36'),
(3775, 35, 80, 'applicants', 'taxCard', 'update', NULL, '453253', '2019-10-01 14:29:36'),
(3776, 35, 80, 'applicants', 'extentOfEnvironmentalConditionsImplementationAndTrashDisposal', 'update', NULL, '90', '2019-10-01 14:29:36'),
(3777, 35, 80, 'applicants', 'extentOfDangerousMaterialsUsage', 'update', NULL, '10', '2019-10-01 14:29:36'),
(3778, 35, 80, 'applicants', 'annualInsuranceValue', 'update', NULL, '100000', '2019-10-01 14:29:36'),
(3779, 35, 80, 'applicants', 'certificatesAndExtentOfSpecificationsMatching', 'update', NULL, '21312321صثقثصق ', '2019-10-01 14:29:36'),
(3780, 35, 80, 'applicants', 'insuredWorkersCount', 'update', NULL, '20', '2019-10-01 14:29:36'),
(3781, 35, 80, 'applicants', 'entryNumberInIndusterialRecord', 'update', NULL, '33333', '2019-10-01 14:29:36'),
(3782, 35, 80, 'applicants', 'yearOfFirstCertificate', 'update', NULL, '2016', '2019-10-01 14:29:36'),
(3783, 35, 80, 'applicants', 'expirationDate', 'update', NULL, '2020-01-01', '2019-10-01 14:29:36'),
(3784, 96, 80, 'requests', NULL, 'create', NULL, NULL, '2019-10-01 14:31:53'),
(3785, 127, 80, 'certificate', NULL, 'create', NULL, NULL, '2019-10-01 14:31:53'),
(3786, 128, 80, 'certificate', NULL, 'create', NULL, NULL, '2019-10-01 14:31:53'),
(3787, 245, 80, 'attachments', NULL, 'create', NULL, NULL, '2019-10-01 14:31:55'),
(3788, 10, 10, 'users', NULL, 'Login', NULL, NULL, '2019-10-01 14:33:58'),
(3789, 1, 1, 'users', NULL, 'Login', NULL, NULL, '2019-10-01 14:34:12'),
(3790, 96, 10, 'requests', 'statusId', 'update', '1', '2', '2019-10-01 14:35:30'),
(3791, 96, 10, 'requests', 'employeeId', 'update', NULL, '18', '2019-10-01 14:35:30'),
(3792, 17, 17, 'users', NULL, 'Login', NULL, NULL, '2019-10-01 14:36:03'),
(3793, 1, 1, 'users', NULL, 'Login', NULL, NULL, '2019-10-01 14:36:49'),
(3794, 9, 9, 'users', NULL, 'Login', NULL, NULL, '2019-10-01 14:37:17'),
(3795, 96, 9, 'requests', 'statusId', 'update', '2', '4', '2019-10-01 14:37:46'),
(3796, 96, 9, 'requests', 'openedByEmployeeId', 'update', NULL, '5', '2019-10-01 14:37:46'),
(3797, 96, 9, 'requests', 'isOriginalsReceived', 'update', '0', '1', '2019-10-01 14:38:16'),
(3798, 96, 9, 'requests', 'statusId', 'update', '4', '6', '2019-10-01 14:38:59'),
(3799, 10, 10, 'users', NULL, 'Login', NULL, NULL, '2019-10-01 14:40:22'),
(3800, 1, 1, 'users', NULL, 'Login', NULL, NULL, '2019-10-01 14:40:46'),
(3801, 1, 1, 'settings', 'automaticIDAApproveDelay', 'update', '2', '15', '2019-10-01 14:40:57'),
(3802, 11, 11, 'users', NULL, 'Login', NULL, NULL, '2019-10-01 14:41:42'),
(3803, 10, 10, 'users', NULL, 'Login', NULL, NULL, '2019-10-01 14:42:15'),
(3804, 96, 11, 'requests', 'statusId', 'update', '7', '9', '2019-10-01 14:42:47'),
(3805, 96, 11, 'requests', 'isChamberMember', 'update', '0', '1', '2019-10-01 14:42:47'),
(3806, 96, 11, 'requests', 'isSubscriptionFeesPaid', 'update', '0', '1', '2019-10-01 14:42:47'),
(3807, 96, 11, 'requests', 'statusId', 'update', '9', '12', '2019-10-01 14:43:08'),
(3808, 127, 11, 'certificates', 'certificateNumber', 'update', NULL, '33', '2019-10-01 14:43:08'),
(3809, 127, 11, 'certificates', 'issueDate', 'update', NULL, '2019-10-01 14:40:46', '2019-10-01 14:43:08'),
(3810, 128, 11, 'certificates', 'certificateNumber', 'update', NULL, '33', '2019-10-01 14:43:08'),
(3811, 128, 11, 'certificates', 'issueDate', 'update', NULL, '2019-10-01 14:40:46', '2019-10-01 14:43:08'),
(3812, 1, 1, 'users', NULL, 'Login', NULL, NULL, '2019-10-01 14:45:08'),
(3813, 72, 72, 'users', NULL, 'Login', NULL, NULL, '2019-10-01 14:59:15'),
(3814, 1, 1, 'users', NULL, 'Login', NULL, NULL, '2019-10-01 15:00:29'),
(3815, 122, 72, 'assessments', NULL, 'create', NULL, NULL, '2019-10-01 15:18:55'),
(3816, 81, 81, 'users', NULL, 'register', NULL, NULL, '2019-10-01 15:48:38'),
(3817, 82, 82, 'users', NULL, 'register', NULL, NULL, '2019-10-01 15:55:55'),
(3818, 83, 83, 'users', NULL, 'register', NULL, NULL, '2019-10-01 16:07:01'),
(3819, 72, 72, 'users', NULL, 'Login', NULL, NULL, '2019-10-01 16:10:24'),
(3820, 97, 72, 'requests', NULL, 'create', NULL, NULL, '2019-10-01 16:10:37'),
(3821, 123, 72, 'assessment', NULL, 'create', NULL, NULL, '2019-10-01 16:10:37'),
(3822, 129, 72, 'certificate', NULL, 'create', NULL, NULL, '2019-10-01 16:10:37'),
(3823, 98, 72, 'requests', NULL, 'create', NULL, NULL, '2019-10-01 16:28:46'),
(3824, 124, 72, 'assessment', NULL, 'create', NULL, NULL, '2019-10-01 16:28:46'),
(3825, 130, 72, 'certificate', NULL, 'create', NULL, NULL, '2019-10-01 16:28:46'),
(3826, 84, 84, 'users', NULL, 'register', NULL, NULL, '2019-10-01 16:30:38'),
(3827, 72, 72, 'users', NULL, 'Login', NULL, NULL, '2019-10-01 16:35:25'),
(3828, 99, 72, 'requests', NULL, 'create', NULL, NULL, '2019-10-01 16:35:30'),
(3829, 125, 72, 'assessment', NULL, 'create', NULL, NULL, '2019-10-01 16:35:30'),
(3830, 131, 72, 'certificate', NULL, 'create', NULL, NULL, '2019-10-01 16:35:30'),
(3831, 126, 84, 'assessments', NULL, 'create', NULL, NULL, '2019-10-01 16:36:06'),
(3832, 39, 84, 'applicants', 'legalEntityIdentifier', 'update', NULL, 'شرة مساهمة', '2019-10-01 16:37:58'),
(3833, 39, 84, 'applicants', 'managerName', 'update', NULL, 'محمد', '2019-10-01 16:37:58'),
(3834, 39, 84, 'applicants', 'isInsideIndusterialArea', 'update', NULL, '0', '2019-10-01 16:37:58'),
(3835, 39, 84, 'applicants', 'governorateId', 'update', NULL, '1', '2019-10-01 16:37:58'),
(3836, 39, 84, 'applicants', 'cityId', 'update', NULL, '1', '2019-10-01 16:37:58'),
(3837, 39, 84, 'applicants', 'areaOrDistrict', 'update', NULL, 'الدقي', '2019-10-01 16:37:58'),
(3838, 39, 84, 'applicants', 'buildingNumber', 'update', NULL, '12', '2019-10-01 16:37:58'),
(3839, 39, 84, 'applicants', 'telephone', 'update', NULL, '029434893483', '2019-10-01 16:37:58'),
(3840, 39, 84, 'applicants', 'authorityAcceptanceNumber', 'update', NULL, '3432', '2019-10-01 16:37:58'),
(3841, 39, 84, 'applicants', 'commercialRecord', 'update', NULL, '4354353', '2019-10-01 16:37:58'),
(3842, 39, 84, 'applicants', 'licenseNumber', 'update', NULL, '345435', '2019-10-01 16:37:58'),
(3843, 39, 84, 'applicants', 'factoryArea', 'update', NULL, '1000', '2019-10-01 16:37:58'),
(3844, 39, 84, 'applicants', 'investmentCostAtConstructionTime', 'update', NULL, '1000000', '2019-10-01 16:37:58'),
(3845, 39, 84, 'applicants', 'currentInvestmentCosts', 'update', NULL, '3000000', '2019-10-01 16:37:58'),
(3846, 39, 84, 'applicants', 'taxCard', 'update', NULL, '435435', '2019-10-01 16:37:58'),
(3847, 39, 84, 'applicants', 'extentOfEnvironmentalConditionsImplementationAndTrashDisposal', 'update', NULL, '90', '2019-10-01 16:37:58'),
(3848, 39, 84, 'applicants', 'extentOfDangerousMaterialsUsage', 'update', NULL, '10', '2019-10-01 16:37:58'),
(3849, 39, 84, 'applicants', 'annualInsuranceValue', 'update', NULL, '10000', '2019-10-01 16:37:58'),
(3850, 39, 84, 'applicants', 'certificatesAndExtentOfSpecificationsMatching', 'update', NULL, 'ISO 90-01', '2019-10-01 16:37:58'),
(3851, 39, 84, 'applicants', 'insuredWorkersCount', 'update', NULL, '100', '2019-10-01 16:37:58'),
(3852, 39, 84, 'applicants', 'entryNumberInIndusterialRecord', 'update', NULL, '435435', '2019-10-01 16:37:58'),
(3853, 39, 84, 'applicants', 'yearOfFirstCertificate', 'update', NULL, '2019', '2019-10-01 16:37:58'),
(3854, 39, 84, 'applicants', 'expirationDate', 'update', NULL, '2020-01-01', '2019-10-01 16:37:58'),
(3855, 72, 72, 'users', NULL, 'Login', NULL, NULL, '2019-10-01 16:38:44'),
(3856, 100, 72, 'requests', NULL, 'create', NULL, NULL, '2019-10-01 16:38:47'),
(3857, 127, 72, 'assessment', NULL, 'create', NULL, NULL, '2019-10-01 16:38:47'),
(3858, 132, 72, 'certificate', NULL, 'create', NULL, NULL, '2019-10-01 16:38:47'),
(3859, 101, 72, 'requests', NULL, 'create', NULL, NULL, '2019-10-01 16:39:21'),
(3860, 128, 72, 'assessment', NULL, 'create', NULL, NULL, '2019-10-01 16:39:21'),
(3861, 133, 72, 'certificate', NULL, 'create', NULL, NULL, '2019-10-01 16:39:21'),
(3862, 251, 84, 'attachments', NULL, 'create', NULL, NULL, '2019-10-01 16:39:36'),
(3863, 102, 72, 'requests', NULL, 'create', NULL, NULL, '2019-10-01 16:39:53'),
(3864, 129, 72, 'assessment', NULL, 'create', NULL, NULL, '2019-10-01 16:39:53'),
(3865, 134, 72, 'certificate', NULL, 'create', NULL, NULL, '2019-10-01 16:39:53'),
(3866, 253, 84, 'attachments', NULL, 'create', NULL, NULL, '2019-10-01 16:40:07'),
(3867, 254, 84, 'attachments', NULL, 'create', NULL, NULL, '2019-10-01 16:40:12'),
(3868, 103, 84, 'requests', NULL, 'create', NULL, NULL, '2019-10-01 16:40:19'),
(3869, 135, 84, 'certificate', NULL, 'create', NULL, NULL, '2019-10-01 16:40:19'),
(3870, 136, 84, 'certificate', NULL, 'create', NULL, NULL, '2019-10-01 16:40:19'),
(3871, 251, 84, 'attachments', 'requestId', 'update', NULL, '103', '2019-10-01 16:40:19'),
(3872, 251, 84, 'attachments', 'isRepresentativeProof', 'update', '0', '0', '2019-10-01 16:40:19'),
(3873, 253, 84, 'attachments', 'requestId', 'update', NULL, '103', '2019-10-01 16:40:19'),
(3874, 253, 84, 'attachments', 'isRepresentativeProof', 'update', '0', '0', '2019-10-01 16:40:19'),
(3875, 254, 84, 'attachments', 'requestId', 'update', NULL, '103', '2019-10-01 16:40:19'),
(3876, 254, 84, 'attachments', 'isRepresentativeProof', 'update', '0', '0', '2019-10-01 16:40:19'),
(3877, 72, 72, 'users', NULL, 'Login', NULL, NULL, '2019-10-01 16:41:00'),
(3878, 104, 72, 'requests', NULL, 'create', NULL, NULL, '2019-10-01 16:41:10'),
(3879, 130, 72, 'assessment', NULL, 'create', NULL, NULL, '2019-10-01 16:41:10'),
(3880, 137, 72, 'certificate', NULL, 'create', NULL, NULL, '2019-10-01 16:41:10'),
(3881, 10, 10, 'users', NULL, 'Login', NULL, NULL, '2019-10-01 16:41:41'),
(3882, 103, 10, 'requests', 'statusId', 'update', '1', '2', '2019-10-01 16:42:12'),
(3883, 103, 10, 'requests', 'employeeId', 'update', NULL, '18', '2019-10-01 16:42:12'),
(3884, 105, 72, 'requests', NULL, 'create', NULL, NULL, '2019-10-01 16:42:12'),
(3885, 131, 72, 'assessment', NULL, 'create', NULL, NULL, '2019-10-01 16:42:12'),
(3886, 138, 72, 'certificate', NULL, 'create', NULL, NULL, '2019-10-01 16:42:12'),
(3887, 9, 9, 'users', NULL, 'Login', NULL, NULL, '2019-10-01 16:42:52'),
(3888, 103, 9, 'requests', 'statusId', 'update', '2', '4', '2019-10-01 16:43:02'),
(3889, 103, 9, 'requests', 'openedByEmployeeId', 'update', NULL, '5', '2019-10-01 16:43:02'),
(3890, 103, 9, 'requests', 'isOriginalsReceived', 'update', '0', '1', '2019-10-01 16:43:11'),
(3891, 106, 72, 'requests', NULL, 'create', NULL, NULL, '2019-10-01 16:43:20'),
(3892, 132, 72, 'assessment', NULL, 'create', NULL, NULL, '2019-10-01 16:43:20'),
(3893, 139, 72, 'certificate', NULL, 'create', NULL, NULL, '2019-10-01 16:43:20'),
(3894, 103, 9, 'requests', 'isOriginalsReceived', 'update', '1', '1', '2019-10-01 16:44:03'),
(3895, 103, 9, 'requests', 'statusId', 'update', '4', '5', '2019-10-01 16:44:58'),
(3896, 103, 84, 'requests', 'chamberMemberNumber', 'update', '832478324', '83247832445', '2019-10-01 16:45:54'),
(3897, 251, 84, 'attachments', 'requestId', 'update', '103', NULL, '2019-10-01 16:45:54'),
(3898, 251, 84, 'attachments', 'isRepresentativeProof', 'update', '0', '0', '2019-10-01 16:45:54'),
(3899, 253, 84, 'attachments', 'requestId', 'update', '103', NULL, '2019-10-01 16:45:54'),
(3900, 253, 84, 'attachments', 'isRepresentativeProof', 'update', '0', '0', '2019-10-01 16:45:54'),
(3901, 254, 84, 'attachments', 'requestId', 'update', '103', NULL, '2019-10-01 16:45:54'),
(3902, 254, 84, 'attachments', 'isRepresentativeProof', 'update', '0', '0', '2019-10-01 16:45:54'),
(3903, 251, 84, 'attachments', 'requestId', 'update', NULL, '103', '2019-10-01 16:45:54'),
(3904, 251, 84, 'attachments', 'isRepresentativeProof', 'update', '0', '0', '2019-10-01 16:45:54'),
(3905, 253, 84, 'attachments', 'requestId', 'update', NULL, '103', '2019-10-01 16:45:54'),
(3906, 253, 84, 'attachments', 'isRepresentativeProof', 'update', '0', '0', '2019-10-01 16:45:54'),
(3907, 254, 84, 'attachments', 'requestId', 'update', NULL, '103', '2019-10-01 16:45:54'),
(3908, 254, 84, 'attachments', 'isRepresentativeProof', 'update', '0', '0', '2019-10-01 16:45:54'),
(3909, 103, 84, 'requests', 'statusId', 'update', '5', '4', '2019-10-01 16:46:03'),
(3910, 103, 9, 'requests', 'statusId', 'update', '4', '6', '2019-10-01 16:46:29'),
(3911, 10, 10, 'users', NULL, 'Login', NULL, NULL, '2019-10-01 16:47:02'),
(3912, 11, 11, 'users', NULL, 'Login', NULL, NULL, '2019-10-01 16:48:58'),
(3913, 72, 72, 'users', NULL, 'Login', NULL, NULL, '2019-10-01 16:49:36'),
(3914, 107, 72, 'requests', NULL, 'create', NULL, NULL, '2019-10-01 16:49:41'),
(3915, 133, 72, 'assessment', NULL, 'create', NULL, NULL, '2019-10-01 16:49:41'),
(3916, 140, 72, 'certificate', NULL, 'create', NULL, NULL, '2019-10-01 16:49:41'),
(3917, 103, 11, 'requests', 'statusId', 'update', '7', '9', '2019-10-01 16:49:42'),
(3918, 103, 11, 'requests', 'isChamberMember', 'update', '0', '1', '2019-10-01 16:49:42'),
(3919, 11, 11, 'users', NULL, 'Login', NULL, NULL, '2019-10-01 16:49:55'),
(3920, 259, 72, 'attachments', NULL, 'create', NULL, NULL, '2019-10-01 16:49:56'),
(3921, 260, 72, 'attachments', NULL, 'create', NULL, NULL, '2019-10-01 16:49:58'),
(3922, 11, 11, 'users', NULL, 'Login', NULL, NULL, '2019-10-01 16:50:01'),
(3923, 107, 72, 'requests', 'statusId', 'update', '13', '1', '2019-10-01 16:50:05'),
(3924, 258, 72, 'attachments', 'requestId', 'update', '107', NULL, '2019-10-01 16:50:05'),
(3925, 258, 72, 'attachments', 'isRepresentativeProof', 'update', '0', '0', '2019-10-01 16:50:05'),
(3926, 258, 72, 'attachments', 'requestId', 'update', NULL, '107', '2019-10-01 16:50:05'),
(3927, 258, 72, 'attachments', 'isRepresentativeProof', 'update', '0', '0', '2019-10-01 16:50:05'),
(3928, 259, 72, 'attachments', 'requestId', 'update', NULL, '107', '2019-10-01 16:50:05'),
(3929, 259, 72, 'attachments', 'isRepresentativeProof', 'update', '0', '0', '2019-10-01 16:50:05'),
(3930, 260, 72, 'attachments', 'requestId', 'update', NULL, '107', '2019-10-01 16:50:05'),
(3931, 260, 72, 'attachments', 'isRepresentativeProof', 'update', '0', '0', '2019-10-01 16:50:05'),
(3932, 11, 11, 'users', NULL, 'Login', NULL, NULL, '2019-10-01 16:51:06'),
(3933, 108, 72, 'requests', NULL, 'create', NULL, NULL, '2019-10-01 16:52:15'),
(3934, 134, 72, 'assessment', NULL, 'create', NULL, NULL, '2019-10-01 16:52:15'),
(3935, 141, 72, 'certificate', NULL, 'create', NULL, NULL, '2019-10-01 16:52:15'),
(3936, 262, 72, 'attachments', NULL, 'create', NULL, NULL, '2019-10-01 16:52:22'),
(3937, 263, 72, 'attachments', NULL, 'create', NULL, NULL, '2019-10-01 16:52:22'),
(3938, 264, 72, 'attachments', NULL, 'create', NULL, NULL, '2019-10-01 16:52:22'),
(3939, 108, 72, 'requests', 'statusId', 'update', '13', '1', '2019-10-01 16:52:27'),
(3940, 261, 72, 'attachments', 'requestId', 'update', '108', NULL, '2019-10-01 16:52:27'),
(3941, 261, 72, 'attachments', 'isRepresentativeProof', 'update', '0', '0', '2019-10-01 16:52:27'),
(3942, 261, 72, 'attachments', 'requestId', 'update', NULL, '108', '2019-10-01 16:52:27'),
(3943, 261, 72, 'attachments', 'isRepresentativeProof', 'update', '0', '0', '2019-10-01 16:52:27'),
(3944, 262, 72, 'attachments', 'requestId', 'update', NULL, '108', '2019-10-01 16:52:27'),
(3945, 262, 72, 'attachments', 'isRepresentativeProof', 'update', '0', '0', '2019-10-01 16:52:27'),
(3946, 263, 72, 'attachments', 'requestId', 'update', NULL, '108', '2019-10-01 16:52:27'),
(3947, 263, 72, 'attachments', 'isRepresentativeProof', 'update', '0', '0', '2019-10-01 16:52:27'),
(3948, 264, 72, 'attachments', 'requestId', 'update', NULL, '108', '2019-10-01 16:52:27'),
(3949, 264, 72, 'attachments', 'isRepresentativeProof', 'update', '0', '0', '2019-10-01 16:52:27'),
(3950, 103, 11, 'requests', 'statusId', 'update', '9', '12', '2019-10-01 16:53:40'),
(3951, 135, 11, 'certificates', 'certificateNumber', 'update', NULL, '34', '2019-10-01 16:53:40'),
(3952, 135, 11, 'certificates', 'issueDate', 'update', NULL, '2019-10-01 16:47:14', '2019-10-01 16:53:40'),
(3953, 136, 11, 'certificates', 'certificateNumber', 'update', NULL, '34', '2019-10-01 16:53:40'),
(3954, 136, 11, 'certificates', 'issueDate', 'update', NULL, '2019-10-01 16:47:14', '2019-10-01 16:53:40'),
(3955, 109, 84, 'requests', NULL, 'create', NULL, NULL, '2019-10-01 16:55:29'),
(3956, 135, 84, 'assessment', NULL, 'create', NULL, NULL, '2019-10-01 16:55:29'),
(3957, 142, 84, 'certificate', NULL, 'create', NULL, NULL, '2019-10-01 16:55:29'),
(3958, 110, 84, 'requests', NULL, 'create', NULL, NULL, '2019-10-01 16:55:45'),
(3959, 136, 84, 'assessment', NULL, 'create', NULL, NULL, '2019-10-01 16:55:45'),
(3960, 143, 84, 'certificate', NULL, 'create', NULL, NULL, '2019-10-01 16:55:45'),
(3961, 1, 1, 'users', NULL, 'Login', NULL, NULL, '2019-10-01 16:57:14'),
(3962, 1, 1, 'users', NULL, 'Login', NULL, NULL, '2019-10-01 17:00:34'),
(3963, 111, 72, 'requests', NULL, 'create', NULL, NULL, '2019-10-01 17:29:08'),
(3964, 137, 72, 'assessment', NULL, 'create', NULL, NULL, '2019-10-01 17:29:08'),
(3965, 144, 72, 'certificate', NULL, 'create', NULL, NULL, '2019-10-01 17:29:08'),
(3966, 111, 72, 'requests', 'statusId', 'update', '13', '1', '2019-10-01 17:29:23'),
(3967, 267, 72, 'attachments', 'requestId', 'update', '111', NULL, '2019-10-01 17:29:23'),
(3968, 267, 72, 'attachments', 'isRepresentativeProof', 'update', '0', '0', '2019-10-01 17:29:23'),
(3969, 267, 72, 'attachments', 'requestId', 'update', NULL, '111', '2019-10-01 17:29:23'),
(3970, 267, 72, 'attachments', 'isRepresentativeProof', 'update', '0', '0', '2019-10-01 17:29:23'),
(3971, 15, 15, 'users', NULL, 'Login', NULL, NULL, '2019-10-01 18:03:23'),
(3972, 72, 72, 'users', NULL, 'Login', NULL, NULL, '2019-10-01 18:22:43'),
(3973, 112, 72, 'requests', NULL, 'create', NULL, NULL, '2019-10-01 18:22:47'),
(3974, 138, 72, 'assessment', NULL, 'create', NULL, NULL, '2019-10-01 18:22:47'),
(3975, 145, 72, 'certificate', NULL, 'create', NULL, NULL, '2019-10-01 18:22:47'),
(3976, 138, 72, 'assessments', 'manufactoringByOthers', 'update', '1', '0', '2019-10-01 18:26:55'),
(3977, 138, 72, 'assessments', 'isTotals', 'update', '1', '1', '2019-10-01 18:26:55'),
(3978, 138, 72, 'assessments', 'powerResources', 'update', NULL, '7', '2019-10-01 18:26:55'),
(3979, 138, 72, 'assessments', 'localSpareParts', 'update', NULL, '7', '2019-10-01 18:26:55'),
(3980, 138, 72, 'assessments', 'importedSpareParts', 'update', NULL, '7', '2019-10-01 18:26:55'),
(3981, 138, 72, 'assessments', 'researchAndDevelopment', 'update', NULL, '7', '2019-10-01 18:26:55'),
(3982, 138, 72, 'assessments', 'wages', 'update', NULL, '7', '2019-10-01 18:26:55'),
(3983, 138, 72, 'assessments', 'annualDepreciation', 'update', NULL, '7', '2019-10-01 18:26:55'),
(3984, 138, 72, 'assessments', 'administrativeExpenses', 'update', NULL, '7', '2019-10-01 18:26:55'),
(3985, 138, 72, 'assessments', 'marketingExpenses', 'update', NULL, '7', '2019-10-01 18:26:55'),
(3986, 138, 72, 'assessments', 'otherExpenses', 'update', '123456', '7', '2019-10-01 18:26:55'),
(3987, 138, 72, 'assessments', 'localComponentsTotals', 'update', '12000', '7', '2019-10-01 18:26:55'),
(3988, 138, 72, 'assessments', 'localPackagingComponentsTotals', 'update', '35678', '7', '2019-10-01 18:26:55'),
(3989, 138, 72, 'assessments', 'importedComponentsTotals', 'update', '3000', '7', '2019-10-01 18:26:55'),
(3990, 138, 72, 'assessments', 'importedPackagingComponentsTotals', 'update', '6789', '7', '2019-10-01 18:26:55'),
(3991, 138, 72, 'assessments', 'manufactoringByOthers', 'update', '0', '0', '2019-10-01 18:27:40'),
(3992, 138, 72, 'assessments', 'isTotals', 'update', '1', '1', '2019-10-01 18:27:40'),
(3993, 138, 72, 'assessments', 'isTotals', 'update', '1', '1', '2019-10-01 18:28:27'),
(3994, 138, 72, 'assessments', 'manufactoringByOthers', 'update', '0', '1', '2019-10-01 18:28:37'),
(3995, 138, 72, 'assessments', 'isTotals', 'update', '1', '1', '2019-10-01 18:28:37'),
(3996, 138, 72, 'assessments', 'powerResources', 'update', '7', NULL, '2019-10-01 18:28:37'),
(3997, 138, 72, 'assessments', 'localSpareParts', 'update', '7', NULL, '2019-10-01 18:28:37'),
(3998, 138, 72, 'assessments', 'importedSpareParts', 'update', '7', NULL, '2019-10-01 18:28:37'),
(3999, 138, 72, 'assessments', 'researchAndDevelopment', 'update', '7', NULL, '2019-10-01 18:28:37'),
(4000, 138, 72, 'assessments', 'wages', 'update', '7', NULL, '2019-10-01 18:28:37'),
(4001, 138, 72, 'assessments', 'annualDepreciation', 'update', '7', NULL, '2019-10-01 18:28:37'),
(4002, 138, 72, 'assessments', 'administrativeExpenses', 'update', '7', NULL, '2019-10-01 18:28:37'),
(4003, 138, 72, 'assessments', 'marketingExpenses', 'update', '7', NULL, '2019-10-01 18:28:37'),
(4004, 138, 72, 'assessments', 'manufactoringByOthers', 'update', '1', '0', '2019-10-01 18:28:59'),
(4005, 138, 72, 'assessments', 'isTotals', 'update', '1', '1', '2019-10-01 18:28:59'),
(4006, 138, 72, 'assessments', 'powerResources', 'update', NULL, '7', '2019-10-01 18:28:59'),
(4007, 138, 72, 'assessments', 'localSpareParts', 'update', NULL, '7', '2019-10-01 18:28:59'),
(4008, 138, 72, 'assessments', 'importedSpareParts', 'update', NULL, '7', '2019-10-01 18:28:59'),
(4009, 138, 72, 'assessments', 'researchAndDevelopment', 'update', NULL, '7', '2019-10-01 18:28:59'),
(4010, 138, 72, 'assessments', 'wages', 'update', NULL, '7', '2019-10-01 18:28:59'),
(4011, 138, 72, 'assessments', 'annualDepreciation', 'update', NULL, '7', '2019-10-01 18:28:59'),
(4012, 138, 72, 'assessments', 'administrativeExpenses', 'update', NULL, '7', '2019-10-01 18:28:59'),
(4013, 138, 72, 'assessments', 'marketingExpenses', 'update', NULL, '7', '2019-10-01 18:28:59'),
(4014, 139, 72, 'assessments', NULL, 'create', NULL, NULL, '2019-10-01 18:49:34'),
(4015, 15, 15, 'users', NULL, 'Login', NULL, NULL, '2019-10-02 00:57:36'),
(4016, 26, 26, 'users', NULL, 'Login', NULL, NULL, '2019-10-02 01:07:00'),
(4017, 140, 26, 'assessments', NULL, 'create', NULL, NULL, '2019-10-02 01:22:57'),
(4018, 26, 26, 'users', NULL, 'Login', NULL, NULL, '2019-10-02 01:49:03'),
(4019, 84, 26, 'assessments', 'isPackaging', 'update', '0', '0', '2019-10-02 02:39:36'),
(4020, 84, 26, 'assessments', 'isImported', 'update', '0', '0', '2019-10-02 02:39:36'),
(4021, 15, 15, 'users', NULL, 'Login', NULL, NULL, '2019-10-02 02:49:46'),
(4022, 141, 15, 'assessments', NULL, 'create', NULL, NULL, '2019-10-02 02:51:32'),
(4023, 142, 15, 'assessments', NULL, 'create', NULL, NULL, '2019-10-02 02:52:38'),
(4024, 15, 15, 'users', NULL, 'Login', NULL, NULL, '2019-10-02 09:11:02'),
(4025, 26, 26, 'users', NULL, 'Login', NULL, NULL, '2019-10-02 09:11:20'),
(4026, 72, 72, 'users', NULL, 'Login', NULL, NULL, '2019-10-02 10:16:21'),
(4027, 92, 72, 'assessments', 'isPackaging', 'update', '0', '0', '2019-10-02 10:22:45'),
(4028, 92, 72, 'assessments', 'isImported', 'update', '1', '1', '2019-10-02 10:22:45'),
(4029, 1, 1, 'users', NULL, 'Login', NULL, NULL, '2019-10-02 11:01:02'),
(4030, 1, 1, 'users', NULL, 'Login', NULL, NULL, '2019-10-02 11:07:25'),
(4031, 25, 25, 'users', NULL, 'Login', NULL, NULL, '2019-10-02 11:14:18'),
(4032, 15, 15, 'users', NULL, 'Login', NULL, NULL, '2019-10-02 11:22:14'),
(4033, 11, 11, 'users', NULL, 'Login', NULL, NULL, '2019-10-02 11:39:16'),
(4034, 25, 25, 'users', NULL, 'Login', NULL, NULL, '2019-10-02 11:45:06'),
(4035, 1, 1, 'users', NULL, 'Login', NULL, NULL, '2019-10-02 11:55:56'),
(4036, 11, 11, 'users', NULL, 'Login', NULL, NULL, '2019-10-02 12:00:26'),
(4037, 11, 11, 'users', NULL, 'Login', NULL, NULL, '2019-10-02 12:03:04'),
(4038, 11, 11, 'users', NULL, 'Login', NULL, NULL, '2019-10-02 12:12:52'),
(4039, 72, 72, 'users', NULL, 'Login', NULL, NULL, '2019-10-02 12:14:11'),
(4040, 143, 72, 'assessments', NULL, 'create', NULL, NULL, '2019-10-02 12:20:45'),
(4041, 269, 72, 'attachments', NULL, 'create', NULL, NULL, '2019-10-02 12:21:46'),
(4042, 270, 72, 'attachments', NULL, 'create', NULL, NULL, '2019-10-02 12:22:54'),
(4043, 271, 72, 'attachments', NULL, 'create', NULL, NULL, '2019-10-02 12:23:24'),
(4044, 272, 72, 'attachments', NULL, 'create', NULL, NULL, '2019-10-02 12:24:09'),
(4045, 11, 11, 'users', NULL, 'Login', NULL, NULL, '2019-10-02 12:25:02'),
(4046, 113, 72, 'requests', NULL, 'create', NULL, NULL, '2019-10-02 12:25:53'),
(4047, 146, 72, 'certificate', NULL, 'create', NULL, NULL, '2019-10-02 12:25:53'),
(4048, 147, 72, 'certificate', NULL, 'create', NULL, NULL, '2019-10-02 12:25:53'),
(4049, 272, 72, 'attachments', 'requestId', 'update', NULL, '113', '2019-10-02 12:25:53'),
(4050, 272, 72, 'attachments', 'isRepresentativeProof', 'update', '0', '0', '2019-10-02 12:25:53'),
(4051, 271, 72, 'attachments', 'requestId', 'update', NULL, '113', '2019-10-02 12:25:53'),
(4052, 271, 72, 'attachments', 'isRepresentativeProof', 'update', '0', '0', '2019-10-02 12:25:53'),
(4053, 270, 72, 'attachments', 'requestId', 'update', NULL, '113', '2019-10-02 12:25:53'),
(4054, 270, 72, 'attachments', 'isRepresentativeProof', 'update', '0', '0', '2019-10-02 12:25:53'),
(4055, 269, 72, 'attachments', 'requestId', 'update', NULL, '113', '2019-10-02 12:25:53'),
(4056, 269, 72, 'attachments', 'isRepresentativeProof', 'update', '0', '1', '2019-10-02 12:25:53'),
(4057, 9, 9, 'users', NULL, 'Login', NULL, NULL, '2019-10-02 12:28:29'),
(4058, 10, 10, 'users', NULL, 'Login', NULL, NULL, '2019-10-02 12:29:01'),
(4059, 15, 15, 'users', NULL, 'Login', NULL, NULL, '2019-10-02 12:29:27'),
(4060, 11, 11, 'users', NULL, 'Login', NULL, NULL, '2019-10-02 12:39:49'),
(4061, 9, 9, 'users', NULL, 'Login', NULL, NULL, '2019-10-02 12:40:33'),
(4062, 10, 10, 'users', NULL, 'Login', NULL, NULL, '2019-10-02 12:40:56'),
(4063, 9, 9, 'users', NULL, 'Login', NULL, NULL, '2019-10-02 12:41:31'),
(4064, 113, 9, 'requests', 'statusId', 'update', '2', '4', '2019-10-02 12:41:41'),
(4065, 113, 9, 'requests', 'openedByEmployeeId', 'update', NULL, '5', '2019-10-02 12:41:41'),
(4066, 1, 1, 'users', NULL, 'Login', NULL, NULL, '2019-10-02 12:42:00'),
(4067, 113, 9, 'requests', 'statusId', 'update', '4', '5', '2019-10-02 12:42:18'),
(4068, 72, 72, 'users', NULL, 'Login', NULL, NULL, '2019-10-02 12:42:58'),
(4069, 95, 72, 'assessments', 'isPackaging', 'update', '0', '0', '2019-10-02 12:43:22'),
(4070, 95, 72, 'assessments', 'isImported', 'update', '1', '1', '2019-10-02 12:43:22'),
(4071, 270, 72, 'attachments', 'requestId', 'update', '113', NULL, '2019-10-02 12:43:29'),
(4072, 270, 72, 'attachments', 'isRepresentativeProof', 'update', '0', '0', '2019-10-02 12:43:29'),
(4073, 271, 72, 'attachments', 'requestId', 'update', '113', NULL, '2019-10-02 12:43:29'),
(4074, 271, 72, 'attachments', 'isRepresentativeProof', 'update', '0', '0', '2019-10-02 12:43:29'),
(4075, 272, 72, 'attachments', 'requestId', 'update', '113', NULL, '2019-10-02 12:43:29'),
(4076, 272, 72, 'attachments', 'isRepresentativeProof', 'update', '0', '0', '2019-10-02 12:43:29'),
(4077, 270, 72, 'attachments', 'requestId', 'update', NULL, '113', '2019-10-02 12:43:29'),
(4078, 270, 72, 'attachments', 'isRepresentativeProof', 'update', '0', '0', '2019-10-02 12:43:29'),
(4079, 271, 72, 'attachments', 'requestId', 'update', NULL, '113', '2019-10-02 12:43:29'),
(4080, 271, 72, 'attachments', 'isRepresentativeProof', 'update', '0', '0', '2019-10-02 12:43:29'),
(4081, 272, 72, 'attachments', 'requestId', 'update', NULL, '113', '2019-10-02 12:43:29'),
(4082, 272, 72, 'attachments', 'isRepresentativeProof', 'update', '0', '0', '2019-10-02 12:43:29'),
(4083, 269, 72, 'attachments', 'requestId', 'update', '113', NULL, '2019-10-02 12:43:29'),
(4084, 269, 72, 'attachments', 'isRepresentativeProof', 'update', '1', '1', '2019-10-02 12:43:29'),
(4085, 269, 72, 'attachments', 'requestId', 'update', NULL, '113', '2019-10-02 12:43:29'),
(4086, 269, 72, 'attachments', 'isRepresentativeProof', 'update', '1', '1', '2019-10-02 12:43:29'),
(4087, 113, 72, 'requests', 'statusId', 'update', '5', '4', '2019-10-02 12:43:35'),
(4088, 113, 9, 'requests', 'isOriginalsReceived', 'update', '0', '1', '2019-10-02 12:44:01'),
(4089, 113, 9, 'requests', 'statusId', 'update', '4', '6', '2019-10-02 12:44:08'),
(4090, 11, 11, 'users', NULL, 'Login', NULL, NULL, '2019-10-02 12:44:22'),
(4091, 10, 10, 'users', NULL, 'Login', NULL, NULL, '2019-10-02 12:44:39'),
(4092, 11, 11, 'users', NULL, 'Login', NULL, NULL, '2019-10-02 12:45:30'),
(4093, 10, 10, 'users', NULL, 'Login', NULL, NULL, '2019-10-02 12:49:46'),
(4094, 10, 10, 'users', NULL, 'Login', NULL, NULL, '2019-10-02 12:53:08'),
(4095, 11, 11, 'users', NULL, 'Login', NULL, NULL, '2019-10-02 13:03:07'),
(4096, 11, 11, 'users', NULL, 'Login', NULL, NULL, '2019-10-02 14:03:58'),
(4097, 11, 11, 'users', NULL, 'Login', NULL, NULL, '2019-10-02 14:57:13'),
(4098, 1, 1, 'users', NULL, 'Login', NULL, NULL, '2019-10-02 14:57:25'),
(4099, 15, 15, 'users', NULL, 'Login', NULL, NULL, '2019-10-02 15:05:38'),
(4100, 273, 15, 'attachments', NULL, 'create', NULL, NULL, '2019-10-02 15:06:26'),
(4101, 114, 15, 'requests', NULL, 'create', NULL, NULL, '2019-10-02 15:07:18'),
(4102, 148, 15, 'certificate', NULL, 'create', NULL, NULL, '2019-10-02 15:07:18'),
(4103, 149, 15, 'certificate', NULL, 'create', NULL, NULL, '2019-10-02 15:07:18'),
(4104, 273, 15, 'attachments', 'requestId', 'update', NULL, '114', '2019-10-02 15:07:18'),
(4105, 273, 15, 'attachments', 'isRepresentativeProof', 'update', '0', '0', '2019-10-02 15:07:18'),
(4106, 115, 15, 'requests', NULL, 'create', NULL, NULL, '2019-10-02 15:10:32'),
(4107, 144, 15, 'assessment', NULL, 'create', NULL, NULL, '2019-10-02 15:10:32'),
(4108, 150, 15, 'certificate', NULL, 'create', NULL, NULL, '2019-10-02 15:10:32'),
(4109, 115, 15, 'requests', 'statusId', 'update', '13', '1', '2019-10-02 15:10:42'),
(4110, 274, 15, 'attachments', 'requestId', 'update', '115', NULL, '2019-10-02 15:10:42'),
(4111, 274, 15, 'attachments', 'isRepresentativeProof', 'update', '0', '0', '2019-10-02 15:10:42'),
(4112, 274, 15, 'attachments', 'requestId', 'update', NULL, '115', '2019-10-02 15:10:42'),
(4113, 274, 15, 'attachments', 'isRepresentativeProof', 'update', '0', '0', '2019-10-02 15:10:42'),
(4114, 116, 15, 'requests', NULL, 'create', NULL, NULL, '2019-10-02 15:14:28'),
(4115, 145, 15, 'assessment', NULL, 'create', NULL, NULL, '2019-10-02 15:14:28'),
(4116, 151, 15, 'certificate', NULL, 'create', NULL, NULL, '2019-10-02 15:14:28'),
(4117, 15, 15, 'users', NULL, 'Login', NULL, NULL, '2019-10-02 15:47:25'),
(4118, 1, 1, 'users', NULL, 'Login', NULL, NULL, '2019-10-02 15:55:11'),
(4119, 15, 15, 'users', NULL, 'Login', NULL, NULL, '2019-10-02 16:03:56'),
(4120, 276, 15, 'attachments', NULL, 'create', NULL, NULL, '2019-10-02 16:04:32'),
(4121, 117, 15, 'requests', NULL, 'create', NULL, NULL, '2019-10-02 16:06:00'),
(4122, 152, 15, 'certificate', NULL, 'create', NULL, NULL, '2019-10-02 16:06:00'),
(4123, 153, 15, 'certificate', NULL, 'create', NULL, NULL, '2019-10-02 16:06:00'),
(4124, 276, 15, 'attachments', 'requestId', 'update', NULL, '117', '2019-10-02 16:06:00'),
(4125, 276, 15, 'attachments', 'isRepresentativeProof', 'update', '0', '0', '2019-10-02 16:06:00'),
(4126, 277, 15, 'attachments', NULL, 'create', NULL, NULL, '2019-10-02 16:06:37'),
(4127, 118, 15, 'requests', NULL, 'create', NULL, NULL, '2019-10-02 16:07:49'),
(4128, 154, 15, 'certificate', NULL, 'create', NULL, NULL, '2019-10-02 16:07:49'),
(4129, 155, 15, 'certificate', NULL, 'create', NULL, NULL, '2019-10-02 16:07:49'),
(4130, 277, 15, 'attachments', 'requestId', 'update', NULL, '118', '2019-10-02 16:07:49'),
(4131, 277, 15, 'attachments', 'isRepresentativeProof', 'update', '0', '0', '2019-10-02 16:07:49'),
(4132, 119, 15, 'requests', NULL, 'create', NULL, NULL, '2019-10-02 16:08:06'),
(4133, 146, 15, 'assessment', NULL, 'create', NULL, NULL, '2019-10-02 16:08:06'),
(4134, 156, 15, 'certificate', NULL, 'create', NULL, NULL, '2019-10-02 16:08:06'),
(4135, 119, 15, 'requests', 'statusId', 'update', '13', '1', '2019-10-02 16:08:13'),
(4136, 278, 15, 'attachments', 'requestId', 'update', '119', NULL, '2019-10-02 16:08:13'),
(4137, 278, 15, 'attachments', 'isRepresentativeProof', 'update', '0', '0', '2019-10-02 16:08:13'),
(4138, 278, 15, 'attachments', 'requestId', 'update', NULL, '119', '2019-10-02 16:08:13'),
(4139, 278, 15, 'attachments', 'isRepresentativeProof', 'update', '0', '0', '2019-10-02 16:08:13'),
(4140, 1, 1, 'users', NULL, 'Login', NULL, NULL, '2019-10-02 16:13:12'),
(4141, 120, 15, 'requests', NULL, 'create', NULL, NULL, '2019-10-02 16:24:01'),
(4142, 147, 15, 'assessment', NULL, 'create', NULL, NULL, '2019-10-02 16:24:01'),
(4143, 157, 15, 'certificate', NULL, 'create', NULL, NULL, '2019-10-02 16:24:01'),
(4144, 10, 10, 'users', NULL, 'Login', NULL, NULL, '2019-10-02 16:27:14'),
(4145, 121, 15, 'requests', NULL, 'create', NULL, NULL, '2019-10-02 16:28:08'),
(4146, 148, 15, 'assessment', NULL, 'create', NULL, NULL, '2019-10-02 16:28:08'),
(4147, 158, 15, 'certificate', NULL, 'create', NULL, NULL, '2019-10-02 16:28:08'),
(4148, 122, 15, 'requests', NULL, 'create', NULL, NULL, '2019-10-02 16:29:06'),
(4149, 149, 15, 'assessment', NULL, 'create', NULL, NULL, '2019-10-02 16:29:06'),
(4150, 159, 15, 'certificate', NULL, 'create', NULL, NULL, '2019-10-02 16:29:06'),
(4151, 122, 15, 'requests', 'statusId', 'update', '13', '1', '2019-10-02 16:29:16'),
(4152, 281, 15, 'attachments', 'requestId', 'update', '122', NULL, '2019-10-02 16:29:16'),
(4153, 281, 15, 'attachments', 'isRepresentativeProof', 'update', '0', '0', '2019-10-02 16:29:16'),
(4154, 281, 15, 'attachments', 'requestId', 'update', NULL, '122', '2019-10-02 16:29:16'),
(4155, 281, 15, 'attachments', 'isRepresentativeProof', 'update', '0', '0', '2019-10-02 16:29:16'),
(4156, 15, 15, 'users', NULL, 'Login', NULL, NULL, '2019-10-02 16:30:49'),
(4157, 123, 15, 'requests', NULL, 'create', NULL, NULL, '2019-10-02 16:30:59'),
(4158, 150, 15, 'assessment', NULL, 'create', NULL, NULL, '2019-10-02 16:30:59'),
(4159, 160, 15, 'certificate', NULL, 'create', NULL, NULL, '2019-10-02 16:30:59'),
(4160, 85, 85, 'users', NULL, 'register', NULL, NULL, '2019-10-02 16:31:08'),
(4161, 124, 15, 'requests', NULL, 'create', NULL, NULL, '2019-10-02 16:32:28'),
(4162, 151, 15, 'assessment', NULL, 'create', NULL, NULL, '2019-10-02 16:32:28'),
(4163, 161, 15, 'certificate', NULL, 'create', NULL, NULL, '2019-10-02 16:32:28'),
(4164, 152, 85, 'assessments', NULL, 'create', NULL, NULL, '2019-10-02 16:33:19'),
(4165, 10, 10, 'users', NULL, 'Login', NULL, NULL, '2019-10-02 16:33:36'),
(4166, 284, 85, 'attachments', NULL, 'create', NULL, NULL, '2019-10-02 16:34:35'),
(4167, 9, 9, 'users', NULL, 'Login', NULL, NULL, '2019-10-02 16:38:49'),
(4168, 11, 11, 'users', NULL, 'Login', NULL, NULL, '2019-10-02 16:39:59'),
(4169, 40, 85, 'applicants', 'legalEntityIdentifier', 'update', NULL, 'مساهمة', '2019-10-02 16:40:39'),
(4170, 40, 85, 'applicants', 'managerName', 'update', NULL, 'محمد', '2019-10-02 16:40:39'),
(4171, 40, 85, 'applicants', 'isInsideIndusterialArea', 'update', NULL, '1', '2019-10-02 16:40:39'),
(4172, 40, 85, 'applicants', 'governorateId', 'update', NULL, '1', '2019-10-02 16:40:39'),
(4173, 40, 85, 'applicants', 'cityId', 'update', NULL, '1', '2019-10-02 16:40:39'),
(4174, 40, 85, 'applicants', 'indusrialAreaName', 'update', NULL, 'ففف', '2019-10-02 16:40:39'),
(4175, 40, 85, 'applicants', 'blockNumber', 'update', NULL, '66', '2019-10-02 16:40:39'),
(4176, 40, 85, 'applicants', 'areaNumber', 'update', NULL, '66', '2019-10-02 16:40:39'),
(4177, 40, 85, 'applicants', 'telephone', 'update', NULL, '0235456566', '2019-10-02 16:40:39'),
(4178, 40, 85, 'applicants', 'authorityAcceptanceNumber', 'update', NULL, '6666', '2019-10-02 16:40:39'),
(4179, 40, 85, 'applicants', 'commercialRecord', 'update', NULL, '5544455', '2019-10-02 16:40:39'),
(4180, 40, 85, 'applicants', 'licenseNumber', 'update', NULL, '3344', '2019-10-02 16:40:39'),
(4181, 40, 85, 'applicants', 'factoryArea', 'update', NULL, '34455', '2019-10-02 16:40:39'),
(4182, 40, 85, 'applicants', 'investmentCostAtConstructionTime', 'update', NULL, '666', '2019-10-02 16:40:39'),
(4183, 40, 85, 'applicants', 'currentInvestmentCosts', 'update', NULL, '6566', '2019-10-02 16:40:39'),
(4184, 40, 85, 'applicants', 'taxCard', 'update', NULL, '45544', '2019-10-02 16:40:39'),
(4185, 40, 85, 'applicants', 'extentOfEnvironmentalConditionsImplementationAndTrashDisposal', 'update', NULL, '90', '2019-10-02 16:40:39'),
(4186, 40, 85, 'applicants', 'extentOfDangerousMaterialsUsage', 'update', NULL, '7', '2019-10-02 16:40:39'),
(4187, 40, 85, 'applicants', 'annualInsuranceValue', 'update', NULL, '66', '2019-10-02 16:40:39'),
(4188, 40, 85, 'applicants', 'certificatesAndExtentOfSpecificationsMatching', 'update', NULL, '5', '2019-10-02 16:40:39'),
(4189, 40, 85, 'applicants', 'insuredWorkersCount', 'update', NULL, '5', '2019-10-02 16:40:39'),
(4190, 40, 85, 'applicants', 'entryNumberInIndusterialRecord', 'update', NULL, '54545566', '2019-10-02 16:40:39'),
(4191, 40, 85, 'applicants', 'yearOfFirstCertificate', 'update', NULL, '2016', '2019-10-02 16:40:39'),
(4192, 40, 85, 'applicants', 'expirationDate', 'update', NULL, '2020-01-16', '2019-10-02 16:40:39'),
(4193, 285, 85, 'attachments', NULL, 'create', NULL, NULL, '2019-10-02 16:41:05'),
(4194, 14, 14, 'users', NULL, 'Login', NULL, NULL, '2019-10-02 16:41:44'),
(4195, 13, 13, 'users', NULL, 'Login', NULL, NULL, '2019-10-02 16:42:43');
INSERT INTO `log` (`id`, `RecordId`, `createdByUserId`, `TableName`, `Column`, `Action`, `oldValue`, `newValue`, `createdAt`) VALUES
(4196, 125, 15, 'requests', NULL, 'create', NULL, NULL, '2019-10-02 16:43:06'),
(4197, 153, 15, 'assessment', NULL, 'create', NULL, NULL, '2019-10-02 16:43:06'),
(4198, 162, 15, 'certificate', NULL, 'create', NULL, NULL, '2019-10-02 16:43:06'),
(4199, 126, 85, 'requests', NULL, 'create', NULL, NULL, '2019-10-02 16:44:12'),
(4200, 163, 85, 'certificate', NULL, 'create', NULL, NULL, '2019-10-02 16:44:12'),
(4201, 164, 85, 'certificate', NULL, 'create', NULL, NULL, '2019-10-02 16:44:12'),
(4202, 285, 85, 'attachments', 'requestId', 'update', NULL, '126', '2019-10-02 16:44:12'),
(4203, 285, 85, 'attachments', 'isRepresentativeProof', 'update', '0', '0', '2019-10-02 16:44:12'),
(4204, 125, 15, 'requests', 'statusId', 'update', '13', '1', '2019-10-02 16:46:41'),
(4205, 286, 15, 'attachments', 'requestId', 'update', '125', NULL, '2019-10-02 16:46:41'),
(4206, 286, 15, 'attachments', 'isRepresentativeProof', 'update', '0', '0', '2019-10-02 16:46:41'),
(4207, 286, 15, 'attachments', 'requestId', 'update', NULL, '125', '2019-10-02 16:46:41'),
(4208, 286, 15, 'attachments', 'isRepresentativeProof', 'update', '0', '0', '2019-10-02 16:46:41'),
(4209, 127, 15, 'requests', NULL, 'create', NULL, NULL, '2019-10-02 16:46:51'),
(4210, 154, 15, 'assessment', NULL, 'create', NULL, NULL, '2019-10-02 16:46:51'),
(4211, 165, 15, 'certificate', NULL, 'create', NULL, NULL, '2019-10-02 16:46:51'),
(4212, 127, 15, 'requests', 'statusId', 'update', '13', '1', '2019-10-02 16:46:58'),
(4213, 287, 15, 'attachments', 'requestId', 'update', '127', NULL, '2019-10-02 16:46:58'),
(4214, 287, 15, 'attachments', 'isRepresentativeProof', 'update', '0', '0', '2019-10-02 16:46:58'),
(4215, 287, 15, 'attachments', 'requestId', 'update', NULL, '127', '2019-10-02 16:46:58'),
(4216, 287, 15, 'attachments', 'isRepresentativeProof', 'update', '0', '0', '2019-10-02 16:46:58'),
(4217, 10, 10, 'users', NULL, 'Login', NULL, NULL, '2019-10-02 16:47:26'),
(4218, 10, 10, 'users', NULL, 'Login', NULL, NULL, '2019-10-02 16:47:32'),
(4219, 128, 15, 'requests', NULL, 'create', NULL, NULL, '2019-10-02 16:48:28'),
(4220, 155, 15, 'assessment', NULL, 'create', NULL, NULL, '2019-10-02 16:48:28'),
(4221, 166, 15, 'certificate', NULL, 'create', NULL, NULL, '2019-10-02 16:48:28'),
(4222, 289, 15, 'attachments', NULL, 'create', NULL, NULL, '2019-10-02 16:48:36'),
(4223, 128, 15, 'requests', 'statusId', 'update', '13', '1', '2019-10-02 16:48:40'),
(4224, 288, 15, 'attachments', 'requestId', 'update', '128', NULL, '2019-10-02 16:48:40'),
(4225, 288, 15, 'attachments', 'isRepresentativeProof', 'update', '0', '0', '2019-10-02 16:48:40'),
(4226, 288, 15, 'attachments', 'requestId', 'update', NULL, '128', '2019-10-02 16:48:40'),
(4227, 288, 15, 'attachments', 'isRepresentativeProof', 'update', '0', '0', '2019-10-02 16:48:40'),
(4228, 289, 15, 'attachments', 'requestId', 'update', NULL, '128', '2019-10-02 16:48:40'),
(4229, 289, 15, 'attachments', 'isRepresentativeProof', 'update', '0', '0', '2019-10-02 16:48:40'),
(4230, 10, 10, 'users', NULL, 'Login', NULL, NULL, '2019-10-02 16:49:59'),
(4231, 1, 1, 'users', NULL, 'Login', NULL, NULL, '2019-10-02 17:03:43'),
(4232, 1, 1, 'users', NULL, 'Login', NULL, NULL, '2019-10-02 17:04:05'),
(4233, 1, 1, 'users', NULL, 'Login', NULL, NULL, '2019-10-02 17:04:08'),
(4234, 9, 9, 'users', NULL, 'Login', NULL, NULL, '2019-10-02 17:05:35'),
(4235, 1, 1, 'users', NULL, 'Login', NULL, NULL, '2019-10-02 17:05:44'),
(4236, 47, 47, 'users', NULL, 'Login', NULL, NULL, '2019-10-02 17:06:40'),
(4237, 126, 9, 'requests', 'statusId', 'update', '2', '4', '2019-10-02 17:07:55'),
(4238, 126, 9, 'requests', 'openedByEmployeeId', 'update', NULL, '5', '2019-10-02 17:07:55'),
(4239, 126, 9, 'requests', 'statusId', 'update', '4', '5', '2019-10-02 17:08:34'),
(4240, 128, 9, 'requests', 'statusId', 'update', '2', '4', '2019-10-02 17:09:55'),
(4241, 128, 9, 'requests', 'isOriginalsReceived', 'update', '1', '1', '2019-10-02 17:14:28'),
(4242, 128, 9, 'requests', 'isOriginalsReceived', 'update', '1', '1', '2019-10-02 17:14:50'),
(4243, 128, 9, 'requests', 'statusId', 'update', '4', '6', '2019-10-02 17:17:25'),
(4244, 285, 85, 'attachments', 'requestId', 'update', '126', NULL, '2019-10-02 17:19:52'),
(4245, 285, 85, 'attachments', 'isRepresentativeProof', 'update', '0', '0', '2019-10-02 17:19:52'),
(4246, 285, 85, 'attachments', 'requestId', 'update', NULL, '126', '2019-10-02 17:19:52'),
(4247, 285, 85, 'attachments', 'isRepresentativeProof', 'update', '0', '0', '2019-10-02 17:19:52'),
(4248, 10, 10, 'users', NULL, 'Login', NULL, NULL, '2019-10-02 17:20:58'),
(4249, 1, 1, 'users', NULL, 'Login', NULL, NULL, '2019-10-02 17:22:05'),
(4250, 11, 11, 'users', NULL, 'Login', NULL, NULL, '2019-10-02 17:23:16'),
(4251, 84, 84, 'users', NULL, 'Login', NULL, NULL, '2019-10-02 17:33:49'),
(4252, 11, 11, 'users', NULL, 'Login', NULL, NULL, '2019-10-02 17:38:22'),
(4253, 11, 11, 'users', NULL, 'Login', NULL, NULL, '2019-10-02 17:39:26'),
(4254, 1, 1, 'gs', 'isTwofactorAUthenticationEnabled', 'update', '1', '0', '2019-10-02 21:53:16'),
(4255, 1, 1, 'gs', 'isTwofactorAUthenticationEnabled', 'update', '0', '1', '2019-10-02 21:53:28'),
(4256, 86, 86, 'users', NULL, 'register', NULL, NULL, '2019-10-02 22:00:27'),
(4257, 17, 17, 'users', NULL, 'Login', NULL, NULL, '2019-10-10 12:50:19'),
(4258, 17, 17, 'users', NULL, 'Login', NULL, NULL, '2019-10-10 12:50:23'),
(4259, 17, 17, 'users', NULL, 'Login', NULL, NULL, '2019-10-10 12:58:13'),
(4260, 17, 17, 'users', NULL, 'Login', NULL, NULL, '2019-10-10 12:58:52'),
(4261, 17, 17, 'users', NULL, 'Login', NULL, NULL, '2019-10-10 12:59:31'),
(4262, 17, 17, 'users', NULL, 'Login', NULL, NULL, '2019-10-10 13:07:28'),
(4263, 17, 17, 'users', NULL, 'Login', NULL, NULL, '2019-10-10 13:09:09'),
(4264, 17, 17, 'users', NULL, 'Login', NULL, NULL, '2019-10-10 13:18:06'),
(4265, 17, 17, 'users', NULL, 'Login', NULL, NULL, '2019-10-10 13:18:26'),
(4266, 17, 17, 'users', NULL, 'Login', NULL, NULL, '2019-10-10 13:21:59'),
(4267, 17, 17, 'users', NULL, 'Login', NULL, NULL, '2019-10-10 13:23:23'),
(4268, 17, 17, 'users', NULL, 'Login', NULL, NULL, '2019-10-10 13:25:38'),
(4269, 17, 17, 'users', NULL, 'Login', NULL, NULL, '2019-10-10 13:27:53'),
(4270, 17, 17, 'users', NULL, 'Login', NULL, NULL, '2019-10-10 13:30:38'),
(4271, 17, 17, 'users', NULL, 'Login', NULL, NULL, '2019-10-10 13:34:31'),
(4272, 17, 17, 'users', NULL, 'Login', NULL, NULL, '2019-10-10 13:35:56'),
(4273, 17, 17, 'users', NULL, 'Login', NULL, NULL, '2019-10-10 13:38:49'),
(4274, 17, 17, 'users', NULL, 'Login', NULL, NULL, '2019-10-10 13:39:48'),
(4275, 15, 15, 'users', NULL, 'Login', NULL, NULL, '2019-10-12 13:28:36'),
(4276, 15, 15, 'users', NULL, 'Login', NULL, NULL, '2019-10-12 15:20:11'),
(4277, 15, 15, 'users', NULL, 'Login', NULL, NULL, '2019-10-12 15:23:58'),
(4278, 15, 15, 'users', NULL, 'Login', NULL, NULL, '2019-10-12 15:27:40'),
(4279, 15, 15, 'users', NULL, 'Login', NULL, NULL, '2019-10-12 15:31:04'),
(4280, 15, 15, 'users', NULL, 'Login', NULL, NULL, '2019-10-13 23:17:49'),
(4281, 15, 15, 'users', NULL, 'Login', NULL, NULL, '2019-10-13 23:18:16'),
(4282, 15, 15, 'users', NULL, 'Login', NULL, NULL, '2019-10-13 23:18:31'),
(4283, 15, 15, 'users', NULL, 'Login', NULL, NULL, '2019-10-15 22:17:51'),
(4284, 15, 15, 'users', NULL, 'Login', NULL, NULL, '2019-10-15 22:18:57'),
(4285, 15, 15, 'users', NULL, 'Login', NULL, NULL, '2019-10-15 22:19:55'),
(4286, 15, 15, 'users', NULL, 'Login', NULL, NULL, '2019-10-15 22:23:13'),
(4287, 15, 15, 'users', NULL, 'Login', NULL, NULL, '2019-10-17 01:03:46'),
(4288, 15, 15, 'users', NULL, 'Login', NULL, NULL, '2019-10-17 01:08:00'),
(4289, 15, 15, 'users', NULL, 'Login', NULL, NULL, '2019-10-17 01:09:53'),
(4290, 15, 15, 'users', NULL, 'Login', NULL, NULL, '2019-10-17 01:12:52'),
(4291, 15, 15, 'users', NULL, 'Login', NULL, NULL, '2019-10-17 01:17:17'),
(4292, 15, 15, 'users', NULL, 'Login', NULL, NULL, '2019-10-17 01:21:09'),
(4293, 15, 15, 'users', NULL, 'Login', NULL, NULL, '2019-10-17 01:21:31'),
(4294, 15, 15, 'users', NULL, 'Login', NULL, NULL, '2019-10-17 01:21:51'),
(4295, 15, 15, 'users', NULL, 'Login', NULL, NULL, '2019-10-17 01:27:23'),
(4296, 17, 17, 'users', NULL, 'Login', NULL, NULL, '2019-10-17 01:42:15'),
(4297, 17, 17, 'users', NULL, 'Login', NULL, NULL, '2019-10-17 01:43:20'),
(4298, 17, 17, 'users', 'resetPasswordCode', 'reset', NULL, NULL, '2019-10-17 01:48:10'),
(4299, 17, 17, 'users', 'resetPasswordCode', 'reset', NULL, NULL, '2019-10-17 01:51:15'),
(4300, 17, 17, 'users', 'resetPasswordCode', 'reset', NULL, NULL, '2019-10-17 01:51:31'),
(4301, 15, 15, 'users', 'resetPasswordCode', 'reset', NULL, NULL, '2019-10-17 01:54:35'),
(4302, 17, 17, 'users', NULL, 'Login', NULL, NULL, '2019-10-17 01:57:57'),
(4303, 15, 15, 'users', 'resetPasswordCode', 'reset', NULL, NULL, '2019-10-17 02:00:07'),
(4304, 17, 17, 'users', NULL, 'Login', NULL, NULL, '2019-10-17 02:05:29'),
(4305, 15, 15, 'users', NULL, 'Login', NULL, NULL, '2019-10-17 09:09:01'),
(4306, 1, 1, 'users', NULL, 'Login', NULL, NULL, '2019-10-17 09:09:42'),
(4307, 15, 15, 'users', NULL, 'Login', NULL, NULL, '2019-10-17 09:25:29'),
(4308, 15, 15, 'users', NULL, 'Login', NULL, NULL, '2019-10-17 09:28:38'),
(4309, 15, 15, 'users', NULL, 'Login', NULL, NULL, '2019-10-17 09:29:18'),
(4310, 15, 15, 'users', NULL, 'Login', NULL, NULL, '2019-10-17 09:33:20'),
(4311, 1, 1, 'users', NULL, 'Login', NULL, NULL, '2019-10-17 09:37:49'),
(4312, 1, 1, 'users', NULL, 'Login', NULL, NULL, '2019-10-17 09:45:38'),
(4313, 15, 15, 'users', NULL, 'Login', NULL, NULL, '2019-10-17 10:19:20'),
(4314, 15, 15, 'users', NULL, 'Login', NULL, NULL, '2019-10-17 10:33:59'),
(4315, 15, 15, 'users', NULL, 'Login', NULL, NULL, '2019-10-17 11:22:00'),
(4316, 1, 1, 'users', NULL, 'Login', NULL, NULL, '2019-10-17 11:24:40'),
(4317, 87, 87, 'users', NULL, 'register', NULL, NULL, '2019-10-17 11:26:50'),
(4318, 87, 87, 'users', NULL, 'Login', NULL, NULL, '2019-10-17 11:27:19'),
(4319, 15, 15, 'users', NULL, 'Login', NULL, NULL, '2019-10-17 11:45:56'),
(4320, 88, 88, 'users', NULL, 'register', NULL, NULL, '2019-10-17 11:54:13'),
(4321, 88, 88, 'users', NULL, 'Login', NULL, NULL, '2019-10-17 11:55:04'),
(4322, 88, 88, 'users', NULL, 'Login', NULL, NULL, '2019-10-17 12:57:09'),
(4323, 15, 15, 'users', NULL, 'Login', NULL, NULL, '2019-10-17 13:16:57'),
(4324, 17, 17, 'users', NULL, 'Login', NULL, NULL, '2019-10-17 13:17:39'),
(4325, 17, 17, 'users', NULL, 'Login', NULL, NULL, '2019-10-17 13:18:41'),
(4326, 88, 88, 'users', NULL, 'Login', NULL, NULL, '2019-10-17 13:24:25'),
(4327, 88, 88, 'users', NULL, 'Login', NULL, NULL, '2019-10-17 17:51:48'),
(4328, 88, 88, 'users', NULL, 'Login', NULL, NULL, '2019-10-17 17:51:53'),
(4329, 88, 88, 'users', NULL, 'Login', NULL, NULL, '2019-10-17 17:52:53'),
(4330, 88, 88, 'users', NULL, 'Login', NULL, NULL, '2019-10-17 17:55:27'),
(4331, 88, 88, 'users', NULL, 'Login', NULL, NULL, '2019-10-17 17:59:51'),
(4332, 88, 88, 'users', NULL, 'Login', NULL, NULL, '2019-10-17 18:07:04'),
(4333, 88, 88, 'users', NULL, 'Login', NULL, NULL, '2019-10-17 18:09:59'),
(4334, 88, 88, 'users', NULL, 'Login', NULL, NULL, '2019-10-17 18:33:20'),
(4335, 1, 1, 'users', NULL, 'Login', NULL, NULL, '2019-10-17 18:35:13'),
(4336, 1, 1, 'users', NULL, 'Login', NULL, NULL, '2019-10-17 18:43:14'),
(4337, 17, 17, 'users', NULL, 'Login', NULL, NULL, '2019-10-18 11:34:15'),
(4338, 17, 17, 'users', NULL, 'Login', NULL, NULL, '2019-10-18 11:38:11'),
(4339, 17, 17, 'users', NULL, 'Login', NULL, NULL, '2019-10-18 11:46:58'),
(4340, 17, 17, 'users', NULL, 'Login', NULL, NULL, '2019-10-19 20:25:34'),
(4341, 17, 17, 'users', NULL, 'Login', NULL, NULL, '2019-10-19 20:29:18'),
(4342, 17, 17, 'users', NULL, 'Login', NULL, NULL, '2019-10-19 20:34:39'),
(4343, 17, 17, 'users', NULL, 'Login', NULL, NULL, '2019-10-19 20:36:41'),
(4344, 17, 17, 'users', NULL, 'Login', NULL, NULL, '2019-10-19 20:44:53'),
(4345, 15, 15, 'users', NULL, 'Login', NULL, NULL, '2019-10-20 23:15:37'),
(4346, 15, 15, 'users', NULL, 'Login', NULL, NULL, '2019-10-20 23:16:30'),
(4347, 156, 15, 'assessments', NULL, 'create', NULL, NULL, '2019-10-20 23:17:56'),
(4348, 290, 15, 'attachments', NULL, 'create', NULL, NULL, '2019-10-20 23:19:14'),
(4349, 129, 15, 'requests', NULL, 'create', NULL, NULL, '2019-10-20 23:19:19'),
(4350, 167, 15, 'certificate', NULL, 'create', NULL, NULL, '2019-10-20 23:19:19'),
(4351, 168, 15, 'certificate', NULL, 'create', NULL, NULL, '2019-10-20 23:19:19'),
(4352, 290, 15, 'attachments', 'requestId', 'update', NULL, '129', '2019-10-20 23:19:19'),
(4353, 290, 15, 'attachments', 'isRepresentativeProof', 'update', '0', '0', '2019-10-20 23:19:19'),
(4354, 3, 15, 'gs', 'isTwofactorAUthenticationEnabled', 'update', '1', '0', '2019-10-20 23:21:51'),
(4355, 15, 15, 'users', NULL, 'Login', NULL, NULL, '2019-10-20 23:22:11'),
(4356, 17, 17, 'users', NULL, 'Login', NULL, NULL, '2019-10-20 23:30:36'),
(4357, 9, 9, 'users', NULL, 'Login', NULL, NULL, '2019-10-20 23:38:11'),
(4358, 9, 9, 'users', NULL, 'Login', NULL, NULL, '2019-10-20 23:51:21'),
(4359, 9, 9, 'users', NULL, 'Login', NULL, NULL, '2019-10-20 23:55:28'),
(4360, 9, 9, 'users', NULL, 'Login', NULL, NULL, '2019-10-21 00:07:56'),
(4361, 15, 15, 'users', NULL, 'Login', NULL, NULL, '2019-10-21 00:08:14'),
(4362, 3, 15, 'gs', 'isTwofactorAUthenticationEnabled', 'update', '0', '1', '2019-10-21 00:08:26'),
(4363, 15, 15, 'users', NULL, 'Login', NULL, NULL, '2019-10-21 00:08:38'),
(4364, 88, 88, 'users', NULL, 'Login', NULL, NULL, '2019-10-21 09:29:55'),
(4365, 88, 88, 'users', NULL, 'Login', NULL, NULL, '2019-10-21 09:46:35'),
(4366, 88, 88, 'users', NULL, 'Login', NULL, NULL, '2019-10-21 09:59:20'),
(4367, 88, 88, 'users', NULL, 'Login', NULL, NULL, '2019-10-21 09:59:55'),
(4368, 88, 88, 'users', NULL, 'Login', NULL, NULL, '2019-10-21 10:03:39'),
(4369, 88, 88, 'users', NULL, 'Login', NULL, NULL, '2019-10-21 10:04:13'),
(4370, 88, 88, 'users', NULL, 'Login', NULL, NULL, '2019-10-21 10:05:25'),
(4371, 88, 88, 'users', NULL, 'Login', NULL, NULL, '2019-10-21 10:06:03'),
(4372, 291, 88, 'attachments', NULL, 'create', NULL, NULL, '2019-10-21 10:10:27'),
(4373, 43, 88, 'applicants', 'legalEntityIdentifier', 'update', NULL, 'gjhghhjj', '2019-10-21 10:12:34'),
(4374, 43, 88, 'applicants', 'managerName', 'update', NULL, 'hhhhhhhhhhhh', '2019-10-21 10:12:34'),
(4375, 43, 88, 'applicants', 'isInsideIndusterialArea', 'update', NULL, '0', '2019-10-21 10:12:34'),
(4376, 43, 88, 'applicants', 'governorateId', 'update', NULL, '1', '2019-10-21 10:12:34'),
(4377, 43, 88, 'applicants', 'cityId', 'update', NULL, '1', '2019-10-21 10:12:34'),
(4378, 43, 88, 'applicants', 'areaOrDistrict', 'update', NULL, 'hhhhhhhh', '2019-10-21 10:12:34'),
(4379, 43, 88, 'applicants', 'buildingNumber', 'update', NULL, '19', '2019-10-21 10:12:34'),
(4380, 43, 88, 'applicants', 'telephone', 'update', NULL, '01245783690', '2019-10-21 10:12:34'),
(4381, 43, 88, 'applicants', 'fax', 'update', NULL, '0212457836', '2019-10-21 10:12:34'),
(4382, 43, 88, 'applicants', 'authorityAcceptanceNumber', 'update', NULL, '012454', '2019-10-21 10:12:34'),
(4383, 43, 88, 'applicants', 'commercialRecord', 'update', NULL, '0121315456', '2019-10-21 10:12:34'),
(4384, 43, 88, 'applicants', 'licenseNumber', 'update', NULL, '0121325646', '2019-10-21 10:12:34'),
(4385, 43, 88, 'applicants', 'factoryArea', 'update', NULL, '400', '2019-10-21 10:12:34'),
(4386, 43, 88, 'applicants', 'investmentCostAtConstructionTime', 'update', NULL, '320000', '2019-10-21 10:12:34'),
(4387, 43, 88, 'applicants', 'currentInvestmentCosts', 'update', NULL, '450000', '2019-10-21 10:12:34'),
(4388, 43, 88, 'applicants', 'taxCard', 'update', NULL, '02564564646', '2019-10-21 10:12:34'),
(4389, 43, 88, 'applicants', 'extentOfEnvironmentalConditionsImplementationAndTrashDisposal', 'update', NULL, '90', '2019-10-21 10:12:34'),
(4390, 43, 88, 'applicants', 'extentOfDangerousMaterialsUsage', 'update', NULL, '20', '2019-10-21 10:12:34'),
(4391, 43, 88, 'applicants', 'annualInsuranceValue', 'update', NULL, '10000', '2019-10-21 10:12:34'),
(4392, 43, 88, 'applicants', 'certificatesAndExtentOfSpecificationsMatching', 'update', NULL, '90', '2019-10-21 10:12:34'),
(4393, 43, 88, 'applicants', 'insuredWorkersCount', 'update', NULL, '35', '2019-10-21 10:12:34'),
(4394, 43, 88, 'applicants', 'entryNumberInIndusterialRecord', 'update', NULL, '021324465', '2019-10-21 10:12:34'),
(4395, 43, 88, 'applicants', 'yearOfFirstCertificate', 'update', NULL, '2012', '2019-10-21 10:12:34'),
(4396, 43, 88, 'applicants', 'expirationDate', 'update', NULL, '2013-01-01', '2019-10-21 10:12:34'),
(4397, 88, 88, 'users', NULL, 'Login', NULL, NULL, '2019-10-21 10:13:23'),
(4398, 88, 88, 'users', NULL, 'Login', NULL, NULL, '2019-10-21 10:14:30'),
(4399, 88, 88, 'users', NULL, 'Login', NULL, NULL, '2019-10-21 10:20:20'),
(4400, 88, 88, 'users', NULL, 'Login', NULL, NULL, '2019-10-21 10:21:48'),
(4401, 88, 88, 'users', NULL, 'Login', NULL, NULL, '2019-10-21 10:28:07'),
(4402, 88, 88, 'users', NULL, 'Login', NULL, NULL, '2019-10-21 10:30:20'),
(4403, 88, 88, 'users', NULL, 'Login', NULL, NULL, '2019-10-21 10:38:24'),
(4404, 88, 88, 'users', NULL, 'Login', NULL, NULL, '2019-10-21 10:52:52'),
(4405, 88, 88, 'users', NULL, 'Login', NULL, NULL, '2019-10-21 11:10:52'),
(4406, 88, 88, 'users', NULL, 'Login', NULL, NULL, '2019-10-21 11:21:54'),
(4407, 88, 88, 'users', NULL, 'Login', NULL, NULL, '2019-10-21 11:23:52'),
(4408, 88, 88, 'users', NULL, 'Login', NULL, NULL, '2019-10-21 12:03:14'),
(4409, 88, 88, 'users', NULL, 'Login', NULL, NULL, '2019-10-21 12:03:55'),
(4410, 88, 88, 'users', NULL, 'Login', NULL, NULL, '2019-10-21 12:05:29'),
(4411, 88, 88, 'users', NULL, 'Login', NULL, NULL, '2019-10-21 12:10:39'),
(4412, 88, 88, 'users', NULL, 'Login', NULL, NULL, '2019-10-21 12:12:08'),
(4413, 88, 88, 'users', NULL, 'Login', NULL, NULL, '2019-10-21 12:22:19'),
(4414, 88, 88, 'users', NULL, 'Login', NULL, NULL, '2019-10-21 12:29:15'),
(4415, 88, 88, 'users', NULL, 'Login', NULL, NULL, '2019-10-21 12:58:37'),
(4416, 88, 88, 'users', NULL, 'Login', NULL, NULL, '2019-10-21 13:00:08'),
(4417, 88, 88, 'users', NULL, 'Login', NULL, NULL, '2019-10-21 13:03:37'),
(4418, 88, 88, 'users', NULL, 'Login', NULL, NULL, '2019-10-21 13:19:58'),
(4419, 88, 88, 'users', NULL, 'Login', NULL, NULL, '2019-10-21 13:23:00'),
(4420, 88, 88, 'users', NULL, 'Login', NULL, NULL, '2019-10-21 13:26:26'),
(4421, 88, 88, 'users', NULL, 'Login', NULL, NULL, '2019-10-21 13:33:26'),
(4422, 88, 88, 'users', NULL, 'Login', NULL, NULL, '2019-10-21 13:33:36'),
(4423, 88, 88, 'users', NULL, 'Login', NULL, NULL, '2019-10-21 13:34:03'),
(4424, 88, 88, 'users', NULL, 'Login', NULL, NULL, '2019-10-21 13:34:48'),
(4425, 6, 88, 'gs', 'isTwofactorAUthenticationEnabled', 'update', '1', '0', '2019-10-21 13:35:37'),
(4426, 88, 88, 'users', NULL, 'Login', NULL, NULL, '2019-10-21 13:35:53'),
(4427, 6, 88, 'gs', 'isTwofactorAUthenticationEnabled', 'update', '0', '1', '2019-10-21 13:36:12'),
(4428, 88, 88, 'users', NULL, 'Login', NULL, NULL, '2019-10-21 17:10:09'),
(4429, 88, 88, 'users', NULL, 'Login', NULL, NULL, '2019-10-21 17:14:21'),
(4430, 88, 88, 'users', NULL, 'Login', NULL, NULL, '2019-10-21 17:15:29'),
(4431, 88, 88, 'users', NULL, 'Login', NULL, NULL, '2019-10-21 17:18:49'),
(4432, 88, 88, 'users', NULL, 'Login', NULL, NULL, '2019-10-21 17:21:27'),
(4433, 88, 88, 'users', NULL, 'Login', NULL, NULL, '2019-10-21 17:22:36'),
(4434, 6, 88, 'gs', 'isTwofactorAUthenticationEnabled', 'update', '1', '0', '2019-10-21 17:23:30'),
(4435, 88, 88, 'users', NULL, 'Login', NULL, NULL, '2019-10-21 17:24:38'),
(4436, 88, 88, 'users', NULL, 'Login', NULL, NULL, '2019-10-21 17:25:39'),
(4437, 6, 88, 'gs', 'isTwofactorAUthenticationEnabled', 'update', '0', '1', '2019-10-21 17:26:19'),
(4438, 88, 88, 'users', NULL, 'Login', NULL, NULL, '2019-10-21 17:26:34'),
(4439, 9, 9, 'users', NULL, 'Login', NULL, NULL, '2019-10-22 00:18:40'),
(4440, 11, 11, 'users', NULL, 'Login', NULL, NULL, '2019-10-22 00:23:13'),
(4441, 9, 9, 'users', NULL, 'Login', NULL, NULL, '2019-10-22 00:39:36'),
(4442, 9, 9, 'users', NULL, 'Login', NULL, NULL, '2019-10-22 00:39:55'),
(4443, 9, 9, 'users', NULL, 'Login', NULL, NULL, '2019-10-22 00:40:49'),
(4444, 292, 15, 'attachments', NULL, 'create', NULL, NULL, '2019-10-22 00:44:11'),
(4445, 293, 15, 'attachments', NULL, 'create', NULL, NULL, '2019-10-22 00:45:29'),
(4446, 88, 88, 'users', NULL, 'Login', NULL, NULL, '2019-10-22 09:49:43'),
(4447, 88, 88, 'users', NULL, 'Login', NULL, NULL, '2019-10-22 12:23:12'),
(4448, 88, 88, 'users', NULL, 'Login', NULL, NULL, '2019-10-22 12:27:00'),
(4449, 88, 88, 'users', NULL, 'Login', NULL, NULL, '2019-10-22 12:34:57'),
(4450, 47, 47, 'users', NULL, 'Login', NULL, NULL, '2019-10-22 12:38:51'),
(4451, 17, 17, 'users', NULL, 'Login', NULL, NULL, '2019-10-22 12:58:43'),
(4452, 26, 26, 'users', NULL, 'Login', NULL, NULL, '2019-10-22 13:03:36'),
(4453, 26, 26, 'users', NULL, 'Login', NULL, NULL, '2019-10-22 13:04:03'),
(4454, 88, 88, 'users', NULL, 'Login', NULL, NULL, '2019-10-22 14:23:15'),
(4455, 88, 88, 'users', NULL, 'Login', NULL, NULL, '2019-10-22 14:29:29'),
(4456, 88, 88, 'users', NULL, 'Login', NULL, NULL, '2019-10-22 14:29:59'),
(4457, 88, 88, 'users', NULL, 'Login', NULL, NULL, '2019-10-22 14:30:40'),
(4458, 88, 88, 'users', NULL, 'Login', NULL, NULL, '2019-10-22 14:31:01'),
(4459, 88, 88, 'users', NULL, 'Login', NULL, NULL, '2019-10-22 14:31:46'),
(4460, 88, 88, 'users', NULL, 'Login', NULL, NULL, '2019-10-22 14:34:23'),
(4461, 88, 88, 'users', NULL, 'Login', NULL, NULL, '2019-10-22 14:36:38'),
(4462, 88, 88, 'users', NULL, 'Login', NULL, NULL, '2019-10-22 14:38:18'),
(4463, 88, 88, 'users', NULL, 'Login', NULL, NULL, '2019-10-22 14:45:18'),
(4464, 88, 88, 'users', NULL, 'Login', NULL, NULL, '2019-10-22 15:05:25'),
(4465, 88, 88, 'users', NULL, 'Login', NULL, NULL, '2019-10-22 15:06:42'),
(4466, 88, 88, 'users', NULL, 'Login', NULL, NULL, '2019-10-22 15:08:11'),
(4467, 1, 1, 'users', NULL, 'Login', NULL, NULL, '2019-10-22 17:13:28'),
(4468, 1, 1, 'users', NULL, 'Login', NULL, NULL, '2019-10-22 17:16:59'),
(4469, 47, 47, 'users', NULL, 'Login', NULL, NULL, '2019-10-22 17:22:47'),
(4470, 47, 47, 'users', NULL, 'Login', NULL, NULL, '2019-10-22 17:24:26'),
(4471, 47, 47, 'users', NULL, 'Login', NULL, NULL, '2019-10-22 17:25:12'),
(4472, 47, 47, 'users', NULL, 'Login', NULL, NULL, '2019-10-22 17:26:08'),
(4473, 47, 47, 'users', NULL, 'Login', NULL, NULL, '2019-10-22 17:30:43'),
(4474, 47, 47, 'users', NULL, 'Login', NULL, NULL, '2019-10-22 17:32:56'),
(4475, 47, 47, 'users', NULL, 'Login', NULL, NULL, '2019-10-22 17:36:44'),
(4476, 47, 47, 'users', NULL, 'Login', NULL, NULL, '2019-10-22 17:38:15'),
(4477, 47, 47, 'users', NULL, 'Login', NULL, NULL, '2019-10-22 17:39:32'),
(4478, 11, 11, 'users', NULL, 'Login', NULL, NULL, '2019-10-22 21:51:20'),
(4479, 17, 17, 'users', NULL, 'Login', NULL, NULL, '2019-10-22 21:52:10'),
(4480, 17, 17, 'users', NULL, 'Login', NULL, NULL, '2019-10-22 21:56:37'),
(4481, 17, 17, 'users', NULL, 'Login', NULL, NULL, '2019-10-22 21:57:30'),
(4482, 17, 17, 'users', NULL, 'Login', NULL, NULL, '2019-10-22 21:57:51'),
(4483, 4, 17, 'gs', 'isTwofactorAUthenticationEnabled', 'update', '1', '0', '2019-10-22 21:58:14'),
(4484, 17, 17, 'users', NULL, 'Login', NULL, NULL, '2019-10-22 21:58:26'),
(4485, 4, 17, 'gs', 'isTwofactorAUthenticationEnabled', 'update', '0', '1', '2019-10-22 21:58:40'),
(4486, 17, 17, 'users', NULL, 'Login', NULL, NULL, '2019-10-22 21:58:52'),
(4487, 15, 15, 'users', NULL, 'Login', NULL, NULL, '2019-10-22 22:23:22'),
(4488, 15, 15, 'users', NULL, 'Login', NULL, NULL, '2019-10-22 22:26:17'),
(4489, 87, 15, 'assessments', 'isPackaging', 'update', '0', '0', '2019-10-22 22:28:20'),
(4490, 87, 15, 'assessments', 'isImported', 'update', '0', '0', '2019-10-22 22:28:20'),
(4491, 157, 15, 'assessments', NULL, 'create', NULL, NULL, '2019-10-22 22:30:55'),
(4492, 15, 15, 'users', NULL, 'Login', NULL, NULL, '2019-10-22 22:37:24'),
(4493, 294, 15, 'attachments', NULL, 'create', NULL, NULL, '2019-10-22 22:43:50'),
(4494, 15, 15, 'users', NULL, 'Login', NULL, NULL, '2019-10-22 22:52:39'),
(4495, 295, 15, 'attachments', NULL, 'create', NULL, NULL, '2019-10-22 22:54:56'),
(4496, 1, 1, 'users', NULL, 'Login', NULL, NULL, '2019-10-24 09:23:54'),
(4497, 41, 41, 'users', NULL, 'Login', NULL, NULL, '2019-10-24 09:27:07'),
(4498, 1, 1, 'users', NULL, 'Login', NULL, NULL, '2019-10-24 09:29:53'),
(4499, 1, 1, 'users', NULL, 'Login', NULL, NULL, '2019-10-24 09:31:06'),
(4500, 1, 1, 'users', NULL, 'Login', NULL, NULL, '2019-10-24 09:43:10'),
(4501, 1, 1, 'users', NULL, 'Login', NULL, NULL, '2019-10-24 09:43:55'),
(4502, 1, 1, 'users', NULL, 'Login', NULL, NULL, '2019-10-24 09:45:41'),
(4503, 15, 15, 'users', NULL, 'Login', NULL, NULL, '2019-10-24 10:02:08'),
(4504, 88, 88, 'users', NULL, 'Login', NULL, NULL, '2019-10-24 10:02:33'),
(4505, 10, 10, 'users', NULL, 'Login', NULL, NULL, '2019-10-24 10:03:23'),
(4506, 88, 88, 'users', NULL, 'Login', NULL, NULL, '2019-10-24 10:07:18'),
(4507, 89, 89, 'users', NULL, 'register', NULL, NULL, '2019-10-24 10:16:19'),
(4508, 89, 89, 'users', NULL, 'Login', NULL, NULL, '2019-10-24 10:16:29'),
(4509, 78, 89, 'gs', 'isTwofactorAUthenticationEnabled', 'update', '1', '0', '2019-10-24 10:17:38'),
(4510, 89, 89, 'users', NULL, 'Login', NULL, NULL, '2019-10-24 10:19:11'),
(4511, 158, 89, 'assessments', NULL, 'create', NULL, NULL, '2019-10-24 10:19:23'),
(4512, 88, 88, 'users', NULL, 'Login', NULL, NULL, '2019-10-24 10:20:41'),
(4513, 296, 88, 'attachments', NULL, 'create', NULL, NULL, '2019-10-24 10:21:05'),
(4514, 44, 89, 'applicants', 'legalEntityIdentifier', 'update', NULL, '233', '2019-10-24 10:22:20'),
(4515, 44, 89, 'applicants', 'managerName', 'update', NULL, 'Dina Amr', '2019-10-24 10:22:20'),
(4516, 44, 89, 'applicants', 'isInsideIndusterialArea', 'update', NULL, '0', '2019-10-24 10:22:20'),
(4517, 44, 89, 'applicants', 'governorateId', 'update', NULL, '2', '2019-10-24 10:22:20'),
(4518, 44, 89, 'applicants', 'cityId', 'update', NULL, '2', '2019-10-24 10:22:20'),
(4519, 44, 89, 'applicants', 'areaOrDistrict', 'update', NULL, 'Giza', '2019-10-24 10:22:20'),
(4520, 44, 89, 'applicants', 'buildingNumber', 'update', NULL, '12', '2019-10-24 10:22:20'),
(4521, 44, 89, 'applicants', 'telephone', 'update', NULL, '0234567898', '2019-10-24 10:22:20'),
(4522, 44, 89, 'applicants', 'authorityAcceptanceNumber', 'update', NULL, '2345', '2019-10-24 10:22:20'),
(4523, 44, 89, 'applicants', 'commercialRecord', 'update', NULL, '9876', '2019-10-24 10:22:20'),
(4524, 44, 89, 'applicants', 'licenseNumber', 'update', NULL, '64545', '2019-10-24 10:22:20'),
(4525, 44, 89, 'applicants', 'factoryArea', 'update', NULL, '1024', '2019-10-24 10:22:20'),
(4526, 44, 89, 'applicants', 'investmentCostAtConstructionTime', 'update', NULL, '100000000', '2019-10-24 10:22:20'),
(4527, 44, 89, 'applicants', 'currentInvestmentCosts', 'update', NULL, '199999998', '2019-10-24 10:22:20'),
(4528, 44, 89, 'applicants', 'taxCard', 'update', NULL, '34567', '2019-10-24 10:22:20'),
(4529, 44, 89, 'applicants', 'extentOfEnvironmentalConditionsImplementationAndTrashDisposal', 'update', NULL, '60', '2019-10-24 10:22:20'),
(4530, 44, 89, 'applicants', 'extentOfDangerousMaterialsUsage', 'update', NULL, '9', '2019-10-24 10:22:20'),
(4531, 44, 89, 'applicants', 'annualInsuranceValue', 'update', NULL, '200000', '2019-10-24 10:22:20'),
(4532, 44, 89, 'applicants', 'certificatesAndExtentOfSpecificationsMatching', 'update', NULL, 'Iso', '2019-10-24 10:22:20'),
(4533, 44, 89, 'applicants', 'insuredWorkersCount', 'update', NULL, '2000', '2019-10-24 10:22:20'),
(4534, 44, 89, 'applicants', 'entryNumberInIndusterialRecord', 'update', NULL, '7654', '2019-10-24 10:22:20'),
(4535, 44, 89, 'applicants', 'yearOfFirstCertificate', 'update', NULL, '2018', '2019-10-24 10:22:20'),
(4536, 44, 89, 'applicants', 'expirationDate', 'update', NULL, '2019-10-24', '2019-10-24 10:22:20'),
(4537, 297, 89, 'attachments', NULL, 'create', NULL, NULL, '2019-10-24 10:23:55'),
(4538, 298, 89, 'attachments', NULL, 'create', NULL, NULL, '2019-10-24 10:25:44'),
(4539, 299, 89, 'attachments', NULL, 'create', NULL, NULL, '2019-10-24 10:25:44'),
(4540, 300, 89, 'attachments', NULL, 'create', NULL, NULL, '2019-10-24 10:25:44'),
(4541, 301, 89, 'attachments', NULL, 'create', NULL, NULL, '2019-10-24 10:25:44'),
(4542, 302, 89, 'attachments', NULL, 'create', NULL, NULL, '2019-10-24 10:25:44'),
(4543, 303, 89, 'attachments', NULL, 'create', NULL, NULL, '2019-10-24 10:25:45'),
(4544, 130, 89, 'requests', NULL, 'create', NULL, NULL, '2019-10-24 10:26:03'),
(4545, 169, 89, 'certificate', NULL, 'create', NULL, NULL, '2019-10-24 10:26:03'),
(4546, 170, 89, 'certificate', NULL, 'create', NULL, NULL, '2019-10-24 10:26:03'),
(4547, 303, 89, 'attachments', 'requestId', 'update', NULL, '130', '2019-10-24 10:26:03'),
(4548, 303, 89, 'attachments', 'isRepresentativeProof', 'update', '0', '0', '2019-10-24 10:26:03'),
(4549, 298, 89, 'attachments', 'requestId', 'update', NULL, '130', '2019-10-24 10:26:03'),
(4550, 298, 89, 'attachments', 'isRepresentativeProof', 'update', '0', '0', '2019-10-24 10:26:03'),
(4551, 300, 89, 'attachments', 'requestId', 'update', NULL, '130', '2019-10-24 10:26:03'),
(4552, 300, 89, 'attachments', 'isRepresentativeProof', 'update', '0', '0', '2019-10-24 10:26:03'),
(4553, 299, 89, 'attachments', 'requestId', 'update', NULL, '130', '2019-10-24 10:26:03'),
(4554, 299, 89, 'attachments', 'isRepresentativeProof', 'update', '0', '0', '2019-10-24 10:26:03'),
(4555, 302, 89, 'attachments', 'requestId', 'update', NULL, '130', '2019-10-24 10:26:03'),
(4556, 302, 89, 'attachments', 'isRepresentativeProof', 'update', '0', '0', '2019-10-24 10:26:03'),
(4557, 301, 89, 'attachments', 'requestId', 'update', NULL, '130', '2019-10-24 10:26:03'),
(4558, 301, 89, 'attachments', 'isRepresentativeProof', 'update', '0', '0', '2019-10-24 10:26:03'),
(4559, 10, 10, 'users', NULL, 'Login', NULL, NULL, '2019-10-24 10:26:36'),
(4560, 304, 88, 'attachments', NULL, 'create', NULL, NULL, '2019-10-24 10:26:51'),
(4561, 130, 10, 'requests', 'statusId', 'update', '1', '2', '2019-10-24 10:27:48'),
(4562, 130, 10, 'requests', 'employeeId', 'update', NULL, '21', '2019-10-24 10:27:48'),
(4563, 305, 88, 'attachments', NULL, 'create', NULL, NULL, '2019-10-24 10:28:12'),
(4564, 47, 47, 'users', NULL, 'Login', NULL, NULL, '2019-10-24 10:30:00'),
(4565, 130, 47, 'requests', 'statusId', 'update', '2', '4', '2019-10-24 10:30:44'),
(4566, 130, 47, 'requests', 'openedByEmployeeId', 'update', NULL, '28', '2019-10-24 10:30:44'),
(4567, 130, 47, 'requests', 'statusId', 'update', '3', '4', '2019-10-24 10:36:38'),
(4568, 130, 47, 'requests', 'statusId', 'update', '3', '4', '2019-10-24 10:37:19'),
(4569, 130, 47, 'requests', 'statusId', 'update', '4', '5', '2019-10-24 10:37:45'),
(4570, 298, 89, 'attachments', 'requestId', 'update', '130', NULL, '2019-10-24 10:42:32'),
(4571, 298, 89, 'attachments', 'isRepresentativeProof', 'update', '0', '0', '2019-10-24 10:42:32'),
(4572, 299, 89, 'attachments', 'requestId', 'update', '130', NULL, '2019-10-24 10:42:32'),
(4573, 299, 89, 'attachments', 'isRepresentativeProof', 'update', '0', '0', '2019-10-24 10:42:32'),
(4574, 300, 89, 'attachments', 'requestId', 'update', '130', NULL, '2019-10-24 10:42:32'),
(4575, 300, 89, 'attachments', 'isRepresentativeProof', 'update', '0', '0', '2019-10-24 10:42:32'),
(4576, 301, 89, 'attachments', 'requestId', 'update', '130', NULL, '2019-10-24 10:42:32'),
(4577, 301, 89, 'attachments', 'isRepresentativeProof', 'update', '0', '0', '2019-10-24 10:42:32'),
(4578, 302, 89, 'attachments', 'requestId', 'update', '130', NULL, '2019-10-24 10:42:32'),
(4579, 302, 89, 'attachments', 'isRepresentativeProof', 'update', '0', '0', '2019-10-24 10:42:32'),
(4580, 303, 89, 'attachments', 'requestId', 'update', '130', NULL, '2019-10-24 10:42:32'),
(4581, 303, 89, 'attachments', 'isRepresentativeProof', 'update', '0', '0', '2019-10-24 10:42:32'),
(4582, 298, 89, 'attachments', 'requestId', 'update', NULL, '130', '2019-10-24 10:42:32'),
(4583, 298, 89, 'attachments', 'isRepresentativeProof', 'update', '0', '0', '2019-10-24 10:42:32'),
(4584, 299, 89, 'attachments', 'requestId', 'update', NULL, '130', '2019-10-24 10:42:32'),
(4585, 299, 89, 'attachments', 'isRepresentativeProof', 'update', '0', '0', '2019-10-24 10:42:32'),
(4586, 300, 89, 'attachments', 'requestId', 'update', NULL, '130', '2019-10-24 10:42:32'),
(4587, 300, 89, 'attachments', 'isRepresentativeProof', 'update', '0', '0', '2019-10-24 10:42:32'),
(4588, 301, 89, 'attachments', 'requestId', 'update', NULL, '130', '2019-10-24 10:42:32'),
(4589, 301, 89, 'attachments', 'isRepresentativeProof', 'update', '0', '0', '2019-10-24 10:42:32'),
(4590, 302, 89, 'attachments', 'requestId', 'update', NULL, '130', '2019-10-24 10:42:32'),
(4591, 302, 89, 'attachments', 'isRepresentativeProof', 'update', '0', '0', '2019-10-24 10:42:32'),
(4592, 303, 89, 'attachments', 'requestId', 'update', NULL, '130', '2019-10-24 10:42:32'),
(4593, 303, 89, 'attachments', 'isRepresentativeProof', 'update', '0', '0', '2019-10-24 10:42:32'),
(4594, 130, 89, 'requests', 'statusId', 'update', '5', '4', '2019-10-24 10:42:43'),
(4595, 130, 47, 'requests', 'statusId', 'update', '3', '4', '2019-10-24 10:45:26'),
(4596, 130, 47, 'requests', 'isOriginalsReceived', 'update', '0', '1', '2019-10-24 10:45:32'),
(4597, 130, 47, 'requests', 'statusId', 'update', '4', '6', '2019-10-24 10:45:52'),
(4598, 10, 10, 'users', NULL, 'Login', NULL, NULL, '2019-10-24 10:46:21'),
(4599, 12, 12, 'users', NULL, 'Login', NULL, NULL, '2019-10-24 10:48:38'),
(4600, 130, 12, 'requests', 'isSubscriptionFeesPaid', 'update', '0', '1', '2019-10-24 10:48:50'),
(4601, 88, 88, 'users', NULL, 'Login', NULL, NULL, '2019-10-24 10:48:56'),
(4602, 11, 11, 'users', NULL, 'Login', NULL, NULL, '2019-10-24 10:49:00'),
(4603, 130, 11, 'requests', 'statusId', 'update', '7', '9', '2019-10-24 10:49:13'),
(4604, 130, 11, 'requests', 'isChamberMember', 'update', '0', '1', '2019-10-24 10:49:13'),
(4605, 130, 11, 'requests', 'isSubscriptionFeesPaid', 'update', '1', '1', '2019-10-24 10:49:13'),
(4606, 130, 11, 'requests', 'statusId', 'update', '9', '12', '2019-10-24 10:49:23'),
(4607, 169, 11, 'certificates', 'certificateNumber', 'update', NULL, '35', '2019-10-24 10:49:23'),
(4608, 169, 11, 'certificates', 'issueDate', 'update', NULL, '2019-10-24 10:47:06', '2019-10-24 10:49:23'),
(4609, 170, 11, 'certificates', 'certificateNumber', 'update', NULL, '35', '2019-10-24 10:49:23'),
(4610, 170, 11, 'certificates', 'issueDate', 'update', NULL, '2019-10-24 10:47:06', '2019-10-24 10:49:23'),
(4611, 13, 13, 'users', NULL, 'Login', NULL, NULL, '2019-10-24 10:54:16'),
(4612, 306, 88, 'attachments', NULL, 'create', NULL, NULL, '2019-10-24 10:54:27'),
(4613, 14, 14, 'users', NULL, 'Login', NULL, NULL, '2019-10-24 10:54:57'),
(4614, 170, 14, 'certificates', 'isWinnedTender', 'update', '0', '1', '2019-10-24 10:55:17'),
(4615, 4, 14, 'tender_winners', NULL, 'create', NULL, NULL, '2019-10-24 10:55:17'),
(4616, 66, 89, 'certificateCopyRequest', NULL, 'create', NULL, NULL, '2019-10-24 10:56:09'),
(4617, 11, 11, 'users', NULL, 'Login', NULL, NULL, '2019-10-24 10:56:27'),
(4618, 66, 11, 'certificateCopyRequest', 'isChamberMember', 'update', '0', '1', '2019-10-24 10:57:01'),
(4619, 66, 11, 'certificateCopyRequest', 'isSubscriptionFeesPaid', 'update', '0', '1', '2019-10-24 10:57:01'),
(4620, 66, 11, 'certificateCopyRequest', 'isIssued', 'update', '0', '1', '2019-10-24 10:57:07'),
(4621, 66, 11, 'certificateCopyRequest', 'issueDate', 'update', NULL, '2019-10-24 10:47:06', '2019-10-24 10:57:07'),
(4622, 15, 15, 'users', NULL, 'Login', NULL, NULL, '2019-10-24 10:59:40'),
(4623, 131, 15, 'requests', NULL, 'create', NULL, NULL, '2019-10-24 10:59:52'),
(4624, 159, 15, 'assessment', NULL, 'create', NULL, NULL, '2019-10-24 10:59:52'),
(4625, 171, 15, 'certificate', NULL, 'create', NULL, NULL, '2019-10-24 10:59:52'),
(4626, 159, 15, 'assessments', 'manufactoringByOthers', 'update', '0', '0', '2019-10-24 11:01:28'),
(4627, 159, 15, 'assessments', 'isTotals', 'update', '1', '1', '2019-10-24 11:01:28'),
(4628, 159, 15, 'assessments', 'localComponentsTotals', 'update', '43', '4693', '2019-10-24 11:01:28'),
(4629, 159, 15, 'assessments', 'manufactoringByOthers', 'update', '0', '0', '2019-10-24 11:01:44'),
(4630, 159, 15, 'assessments', 'isTotals', 'update', '1', '1', '2019-10-24 11:01:44'),
(4631, 159, 15, 'assessments', 'wages', 'update', '5', '4545', '2019-10-24 11:01:44'),
(4632, 308, 15, 'attachments', NULL, 'create', NULL, NULL, '2019-10-24 11:01:59'),
(4633, 131, 15, 'requests', 'statusId', 'update', '13', '1', '2019-10-24 11:02:05'),
(4634, 307, 15, 'attachments', 'requestId', 'update', '131', NULL, '2019-10-24 11:02:05'),
(4635, 307, 15, 'attachments', 'isRepresentativeProof', 'update', '0', '0', '2019-10-24 11:02:05'),
(4636, 307, 15, 'attachments', 'requestId', 'update', NULL, '131', '2019-10-24 11:02:05'),
(4637, 307, 15, 'attachments', 'isRepresentativeProof', 'update', '0', '0', '2019-10-24 11:02:05'),
(4638, 308, 15, 'attachments', 'requestId', 'update', NULL, '131', '2019-10-24 11:02:05'),
(4639, 308, 15, 'attachments', 'isRepresentativeProof', 'update', '0', '0', '2019-10-24 11:02:05'),
(4640, 10, 10, 'users', NULL, 'Login', NULL, NULL, '2019-10-24 11:02:59'),
(4641, 131, 10, 'requests', 'statusId', 'update', '1', '2', '2019-10-24 11:03:45'),
(4642, 9, 9, 'users', NULL, 'Login', NULL, NULL, '2019-10-24 11:04:06'),
(4643, 131, 9, 'requests', 'statusId', 'update', '2', '4', '2019-10-24 11:04:21'),
(4644, 131, 9, 'requests', 'statusId', 'update', '4', '11', '2019-10-24 11:04:58'),
(4645, 10, 10, 'users', NULL, 'Login', NULL, NULL, '2019-10-24 11:05:09'),
(4646, 15, 15, 'users', NULL, 'Login', NULL, NULL, '2019-10-24 11:05:27'),
(4647, 88, 88, 'users', NULL, 'Login', NULL, NULL, '2019-10-24 11:44:10'),
(4648, 309, 88, 'attachments', NULL, 'create', NULL, NULL, '2019-10-24 11:53:49'),
(4649, 310, 88, 'attachments', NULL, 'create', NULL, NULL, '2019-10-24 11:53:49'),
(4650, 311, 88, 'attachments', NULL, 'create', NULL, NULL, '2019-10-24 11:53:49'),
(4651, 312, 88, 'attachments', NULL, 'create', NULL, NULL, '2019-10-24 11:53:49'),
(4652, 313, 88, 'attachments', NULL, 'create', NULL, NULL, '2019-10-24 11:53:49'),
(4653, 314, 88, 'attachments', NULL, 'create', NULL, NULL, '2019-10-24 11:53:49'),
(4654, 315, 88, 'attachments', NULL, 'create', NULL, NULL, '2019-10-24 11:54:42'),
(4655, 316, 88, 'attachments', NULL, 'create', NULL, NULL, '2019-10-24 11:54:42'),
(4656, 317, 88, 'attachments', NULL, 'create', NULL, NULL, '2019-10-24 11:54:42'),
(4657, 318, 88, 'attachments', NULL, 'create', NULL, NULL, '2019-10-24 11:54:42'),
(4658, 319, 88, 'attachments', NULL, 'create', NULL, NULL, '2019-10-24 11:54:42'),
(4659, 320, 88, 'attachments', NULL, 'create', NULL, NULL, '2019-10-24 11:54:42'),
(4660, 321, 88, 'attachments', NULL, 'create', NULL, NULL, '2019-10-24 11:54:42'),
(4661, 322, 88, 'attachments', NULL, 'create', NULL, NULL, '2019-10-24 11:59:03'),
(4662, 323, 88, 'attachments', NULL, 'create', NULL, NULL, '2019-10-24 11:59:03'),
(4663, 324, 88, 'attachments', NULL, 'create', NULL, NULL, '2019-10-24 11:59:03'),
(4664, 325, 88, 'attachments', NULL, 'create', NULL, NULL, '2019-10-24 11:59:03'),
(4665, 326, 88, 'attachments', NULL, 'create', NULL, NULL, '2019-10-24 11:59:04'),
(4666, 327, 88, 'attachments', NULL, 'create', NULL, NULL, '2019-10-24 11:59:04'),
(4667, 328, 88, 'attachments', NULL, 'create', NULL, NULL, '2019-10-24 11:59:04'),
(4668, 88, 88, 'users', NULL, 'Login', NULL, NULL, '2019-10-24 12:45:11'),
(4669, 329, 88, 'attachments', NULL, 'create', NULL, NULL, '2019-10-24 12:45:26'),
(4670, 330, 88, 'attachments', NULL, 'create', NULL, NULL, '2019-10-24 12:45:26'),
(4671, 331, 88, 'attachments', NULL, 'create', NULL, NULL, '2019-10-24 12:48:20'),
(4672, 332, 88, 'attachments', NULL, 'create', NULL, NULL, '2019-10-24 12:48:20'),
(4673, 333, 88, 'attachments', NULL, 'create', NULL, NULL, '2019-10-24 12:48:20'),
(4674, 334, 88, 'attachments', NULL, 'create', NULL, NULL, '2019-10-24 12:48:20'),
(4675, 335, 88, 'attachments', NULL, 'create', NULL, NULL, '2019-10-24 12:48:20'),
(4676, 336, 88, 'attachments', NULL, 'create', NULL, NULL, '2019-10-24 12:48:20'),
(4677, 337, 88, 'attachments', NULL, 'create', NULL, NULL, '2019-10-24 12:48:21'),
(4678, 338, 88, 'attachments', NULL, 'create', NULL, NULL, '2019-10-24 12:50:04'),
(4679, 339, 88, 'attachments', NULL, 'create', NULL, NULL, '2019-10-24 12:50:04'),
(4680, 340, 88, 'attachments', NULL, 'create', NULL, NULL, '2019-10-24 12:50:04'),
(4681, 341, 88, 'attachments', NULL, 'create', NULL, NULL, '2019-10-24 12:50:04'),
(4682, 342, 88, 'attachments', NULL, 'create', NULL, NULL, '2019-10-24 12:50:04'),
(4683, 343, 88, 'attachments', NULL, 'create', NULL, NULL, '2019-10-24 12:50:04'),
(4684, 344, 88, 'attachments', NULL, 'create', NULL, NULL, '2019-10-24 12:50:04'),
(4685, 345, 88, 'attachments', NULL, 'create', NULL, NULL, '2019-10-24 12:52:57'),
(4686, 346, 88, 'attachments', NULL, 'create', NULL, NULL, '2019-10-24 12:52:57'),
(4687, 347, 88, 'attachments', NULL, 'create', NULL, NULL, '2019-10-24 12:52:57'),
(4688, 348, 88, 'attachments', NULL, 'create', NULL, NULL, '2019-10-24 12:52:57'),
(4689, 349, 88, 'attachments', NULL, 'create', NULL, NULL, '2019-10-24 12:52:57'),
(4690, 350, 88, 'attachments', NULL, 'create', NULL, NULL, '2019-10-24 12:52:57'),
(4691, 351, 88, 'attachments', NULL, 'create', NULL, NULL, '2019-10-24 12:52:58'),
(4692, 352, 88, 'attachments', NULL, 'create', NULL, NULL, '2019-10-24 12:54:34'),
(4693, 353, 88, 'attachments', NULL, 'create', NULL, NULL, '2019-10-24 12:54:34'),
(4694, 354, 88, 'attachments', NULL, 'create', NULL, NULL, '2019-10-24 12:54:34'),
(4695, 355, 88, 'attachments', NULL, 'create', NULL, NULL, '2019-10-24 12:54:34'),
(4696, 356, 88, 'attachments', NULL, 'create', NULL, NULL, '2019-10-24 12:54:34'),
(4697, 357, 88, 'attachments', NULL, 'create', NULL, NULL, '2019-10-24 12:54:34'),
(4698, 358, 88, 'attachments', NULL, 'create', NULL, NULL, '2019-10-24 12:54:34'),
(4699, 359, 88, 'attachments', NULL, 'create', NULL, NULL, '2019-10-24 13:02:55'),
(4700, 360, 88, 'attachments', NULL, 'create', NULL, NULL, '2019-10-24 13:02:55'),
(4701, 361, 88, 'attachments', NULL, 'create', NULL, NULL, '2019-10-24 13:02:55'),
(4702, 362, 88, 'attachments', NULL, 'create', NULL, NULL, '2019-10-24 13:02:55'),
(4703, 363, 88, 'attachments', NULL, 'create', NULL, NULL, '2019-10-24 13:02:55'),
(4704, 364, 88, 'attachments', NULL, 'create', NULL, NULL, '2019-10-24 13:02:55'),
(4705, 365, 88, 'attachments', NULL, 'create', NULL, NULL, '2019-10-24 13:02:55'),
(4706, 366, 88, 'attachments', NULL, 'create', NULL, NULL, '2019-10-24 13:02:55'),
(4707, 367, 88, 'attachments', NULL, 'create', NULL, NULL, '2019-10-24 13:02:55'),
(4708, 368, 88, 'attachments', NULL, 'create', NULL, NULL, '2019-10-24 13:04:26'),
(4709, 369, 88, 'attachments', NULL, 'create', NULL, NULL, '2019-10-24 13:04:26'),
(4710, 370, 88, 'attachments', NULL, 'create', NULL, NULL, '2019-10-24 13:04:26'),
(4711, 371, 88, 'attachments', NULL, 'create', NULL, NULL, '2019-10-24 13:04:26'),
(4712, 372, 88, 'attachments', NULL, 'create', NULL, NULL, '2019-10-24 13:04:26'),
(4713, 373, 88, 'attachments', NULL, 'create', NULL, NULL, '2019-10-24 13:04:26'),
(4714, 374, 88, 'attachments', NULL, 'create', NULL, NULL, '2019-10-24 13:04:26'),
(4715, 375, 88, 'attachments', NULL, 'create', NULL, NULL, '2019-10-24 13:04:26'),
(4716, 376, 88, 'attachments', NULL, 'create', NULL, NULL, '2019-10-24 13:04:26'),
(4717, 377, 88, 'attachments', NULL, 'create', NULL, NULL, '2019-10-24 13:07:21'),
(4718, 378, 88, 'attachments', NULL, 'create', NULL, NULL, '2019-10-24 13:07:21'),
(4719, 88, 88, 'users', NULL, 'Login', NULL, NULL, '2019-10-24 13:08:58'),
(4720, 1, 1, 'users', NULL, 'Login', NULL, NULL, '2019-10-24 13:11:05'),
(4721, 89, 89, 'users', NULL, 'Login', NULL, NULL, '2019-10-24 13:14:58'),
(4722, 88, 88, 'users', NULL, 'Login', NULL, NULL, '2019-10-24 13:22:50'),
(4723, 380, 88, 'attachments', NULL, 'create', NULL, NULL, '2019-10-24 13:23:03'),
(4724, 379, 88, 'attachments', NULL, 'create', NULL, NULL, '2019-10-24 13:23:03'),
(4725, 381, 88, 'attachments', NULL, 'create', NULL, NULL, '2019-10-24 13:23:03'),
(4726, 382, 88, 'attachments', NULL, 'create', NULL, NULL, '2019-10-24 13:23:03'),
(4727, 383, 88, 'attachments', NULL, 'create', NULL, NULL, '2019-10-24 13:23:03'),
(4728, 384, 88, 'attachments', NULL, 'create', NULL, NULL, '2019-10-24 13:23:03'),
(4729, 385, 88, 'attachments', NULL, 'create', NULL, NULL, '2019-10-24 13:23:03'),
(4730, 386, 88, 'attachments', NULL, 'create', NULL, NULL, '2019-10-24 13:23:03'),
(4731, 387, 88, 'attachments', NULL, 'create', NULL, NULL, '2019-10-24 13:23:03'),
(4732, 388, 88, 'attachments', NULL, 'create', NULL, NULL, '2019-10-24 13:26:39'),
(4733, 389, 88, 'attachments', NULL, 'create', NULL, NULL, '2019-10-24 13:26:39'),
(4734, 390, 88, 'attachments', NULL, 'create', NULL, NULL, '2019-10-24 13:28:29'),
(4735, 391, 88, 'attachments', NULL, 'create', NULL, NULL, '2019-10-24 13:28:29'),
(4736, 392, 88, 'attachments', NULL, 'create', NULL, NULL, '2019-10-24 13:28:29'),
(4737, 393, 88, 'attachments', NULL, 'create', NULL, NULL, '2019-10-24 13:28:29'),
(4738, 394, 88, 'attachments', NULL, 'create', NULL, NULL, '2019-10-24 13:28:29'),
(4739, 395, 88, 'attachments', NULL, 'create', NULL, NULL, '2019-10-24 13:28:29'),
(4740, 396, 88, 'attachments', NULL, 'create', NULL, NULL, '2019-10-24 13:28:29'),
(4741, 88, 88, 'users', NULL, 'Login', NULL, NULL, '2019-10-24 14:41:29'),
(4742, 160, 88, 'assessments', NULL, 'create', NULL, NULL, '2019-10-24 15:02:00'),
(4743, 397, 88, 'attachments', NULL, 'create', NULL, NULL, '2019-10-24 15:04:08'),
(4744, 398, 88, 'attachments', NULL, 'create', NULL, NULL, '2019-10-24 15:09:34'),
(4745, 132, 88, 'requests', NULL, 'create', NULL, NULL, '2019-10-24 15:09:45'),
(4746, 172, 88, 'certificate', NULL, 'create', NULL, NULL, '2019-10-24 15:09:45'),
(4747, 173, 88, 'certificate', NULL, 'create', NULL, NULL, '2019-10-24 15:09:45'),
(4748, 398, 88, 'attachments', 'requestId', 'update', NULL, '132', '2019-10-24 15:09:45'),
(4749, 398, 88, 'attachments', 'isRepresentativeProof', 'update', '0', '0', '2019-10-24 15:09:45'),
(4750, 10, 10, 'users', NULL, 'Login', NULL, NULL, '2019-10-24 15:10:27'),
(4751, 132, 10, 'requests', 'statusId', 'update', '1', '2', '2019-10-24 15:10:51'),
(4752, 132, 10, 'requests', 'employeeId', 'update', NULL, '5', '2019-10-24 15:10:51'),
(4753, 9, 9, 'users', NULL, 'Login', NULL, NULL, '2019-10-24 15:11:22'),
(4754, 132, 9, 'requests', 'statusId', 'update', '2', '4', '2019-10-24 15:12:36'),
(4755, 132, 9, 'requests', 'openedByEmployeeId', 'update', NULL, '5', '2019-10-24 15:12:36'),
(4756, 132, 9, 'requests', 'statusId', 'update', '3', '4', '2019-10-24 15:14:00'),
(4757, 132, 9, 'requests', 'statusId', 'update', '3', '4', '2019-10-24 15:15:47'),
(4758, 132, 9, 'requests', 'statusId', 'update', '4', '5', '2019-10-24 15:16:26'),
(4759, 398, 88, 'attachments', 'requestId', 'update', '132', NULL, '2019-10-24 15:17:34'),
(4760, 398, 88, 'attachments', 'isRepresentativeProof', 'update', '0', '0', '2019-10-24 15:17:34'),
(4761, 398, 88, 'attachments', 'requestId', 'update', NULL, '132', '2019-10-24 15:17:34'),
(4762, 398, 88, 'attachments', 'isRepresentativeProof', 'update', '0', '0', '2019-10-24 15:17:34'),
(4763, 10, 10, 'users', NULL, 'Login', NULL, NULL, '2019-10-24 15:20:10'),
(4764, 398, 88, 'attachments', 'requestId', 'update', '132', NULL, '2019-10-24 15:22:46'),
(4765, 398, 88, 'attachments', 'isRepresentativeProof', 'update', '0', '0', '2019-10-24 15:22:46'),
(4766, 398, 88, 'attachments', 'requestId', 'update', NULL, '132', '2019-10-24 15:22:46'),
(4767, 398, 88, 'attachments', 'isRepresentativeProof', 'update', '0', '0', '2019-10-24 15:22:46'),
(4768, 398, 88, 'attachments', 'requestId', 'update', '132', NULL, '2019-10-24 15:23:02'),
(4769, 398, 88, 'attachments', 'isRepresentativeProof', 'update', '0', '0', '2019-10-24 15:23:02'),
(4770, 398, 88, 'attachments', 'requestId', 'update', NULL, '132', '2019-10-24 15:23:02'),
(4771, 398, 88, 'attachments', 'isRepresentativeProof', 'update', '0', '0', '2019-10-24 15:23:02'),
(4772, 132, 88, 'requests', 'statusId', 'update', '5', '4', '2019-10-24 15:23:08'),
(4773, 9, 9, 'users', NULL, 'Login', NULL, NULL, '2019-10-24 15:24:22'),
(4774, 132, 9, 'requests', 'statusId', 'update', '3', '4', '2019-10-24 15:33:42'),
(4775, 132, 9, 'requests', 'statusId', 'update', '4', '5', '2019-10-24 15:33:52'),
(4776, 398, 88, 'attachments', 'requestId', 'update', '132', NULL, '2019-10-24 15:35:02'),
(4777, 398, 88, 'attachments', 'isRepresentativeProof', 'update', '0', '0', '2019-10-24 15:35:02'),
(4778, 398, 88, 'attachments', 'requestId', 'update', NULL, '132', '2019-10-24 15:35:02'),
(4779, 398, 88, 'attachments', 'isRepresentativeProof', 'update', '0', '0', '2019-10-24 15:35:02'),
(4780, 132, 88, 'requests', 'statusId', 'update', '5', '4', '2019-10-24 15:35:07'),
(4781, 132, 9, 'requests', 'statusId', 'update', '3', '4', '2019-10-24 15:39:53'),
(4782, 132, 9, 'requests', 'statusId', 'update', '3', '4', '2019-10-24 15:43:42'),
(4783, 132, 9, 'requests', 'statusId', 'update', '4', '5', '2019-10-24 15:44:15'),
(4784, 398, 88, 'attachments', 'requestId', 'update', '132', NULL, '2019-10-24 15:45:07'),
(4785, 398, 88, 'attachments', 'isRepresentativeProof', 'update', '0', '0', '2019-10-24 15:45:07'),
(4786, 398, 88, 'attachments', 'requestId', 'update', NULL, '132', '2019-10-24 15:45:07'),
(4787, 398, 88, 'attachments', 'isRepresentativeProof', 'update', '0', '0', '2019-10-24 15:45:07'),
(4788, 132, 88, 'requests', 'statusId', 'update', '5', '4', '2019-10-24 15:45:13'),
(4789, 132, 9, 'requests', 'statusId', 'update', '4', '5', '2019-10-24 15:46:12'),
(4790, 398, 88, 'attachments', 'requestId', 'update', '132', NULL, '2019-10-24 15:47:30'),
(4791, 398, 88, 'attachments', 'isRepresentativeProof', 'update', '0', '0', '2019-10-24 15:47:30'),
(4792, 398, 88, 'attachments', 'requestId', 'update', NULL, '132', '2019-10-24 15:47:30'),
(4793, 398, 88, 'attachments', 'isRepresentativeProof', 'update', '0', '0', '2019-10-24 15:47:30'),
(4794, 132, 88, 'requests', 'statusId', 'update', '5', '4', '2019-10-24 15:47:35'),
(4795, 132, 9, 'requests', 'statusId', 'update', '4', '5', '2019-10-24 15:48:25'),
(4796, 398, 88, 'attachments', 'requestId', 'update', '132', NULL, '2019-10-24 15:49:21'),
(4797, 398, 88, 'attachments', 'isRepresentativeProof', 'update', '0', '0', '2019-10-24 15:49:21'),
(4798, 398, 88, 'attachments', 'requestId', 'update', NULL, '132', '2019-10-24 15:49:21'),
(4799, 398, 88, 'attachments', 'isRepresentativeProof', 'update', '0', '0', '2019-10-24 15:49:21'),
(4800, 132, 88, 'requests', 'statusId', 'update', '5', '4', '2019-10-24 15:49:27'),
(4801, 132, 9, 'requests', 'statusId', 'update', '4', '5', '2019-10-24 15:50:06');
INSERT INTO `log` (`id`, `RecordId`, `createdByUserId`, `TableName`, `Column`, `Action`, `oldValue`, `newValue`, `createdAt`) VALUES
(4802, 398, 88, 'attachments', 'requestId', 'update', '132', NULL, '2019-10-24 15:50:59'),
(4803, 398, 88, 'attachments', 'isRepresentativeProof', 'update', '0', '0', '2019-10-24 15:50:59'),
(4804, 398, 88, 'attachments', 'requestId', 'update', NULL, '132', '2019-10-24 15:50:59'),
(4805, 398, 88, 'attachments', 'isRepresentativeProof', 'update', '0', '0', '2019-10-24 15:50:59'),
(4806, 132, 88, 'requests', 'statusId', 'update', '5', '4', '2019-10-24 15:51:05'),
(4807, 132, 9, 'requests', 'statusId', 'update', '4', '5', '2019-10-24 15:51:50'),
(4808, 88, 88, 'users', NULL, 'Login', NULL, NULL, '2019-10-24 16:25:59'),
(4809, 6, 88, 'gs', 'isTwofactorAUthenticationEnabled', 'update', '0', '1', '2019-10-24 16:26:15'),
(4810, 88, 88, 'users', NULL, 'Login', NULL, NULL, '2019-10-24 16:26:26'),
(4811, 88, 88, 'users', NULL, 'Login', NULL, NULL, '2019-10-24 16:47:35'),
(4812, 88, 88, 'users', NULL, 'Login', NULL, NULL, '2019-10-24 17:35:46'),
(4813, 88, 88, 'users', NULL, 'Login', NULL, NULL, '2019-10-24 17:36:51'),
(4814, 11, 11, 'users', NULL, 'Login', NULL, NULL, '2019-10-25 14:42:01'),
(4815, 15, 15, 'users', NULL, 'Login', NULL, NULL, '2019-10-25 15:31:20'),
(4816, 161, 15, 'assessments', NULL, 'create', NULL, NULL, '2019-10-25 15:32:03'),
(4817, 399, 15, 'attachments', NULL, 'create', NULL, NULL, '2019-10-25 15:33:31'),
(4818, 133, 15, 'requests', NULL, 'create', NULL, NULL, '2019-10-25 15:33:45'),
(4819, 174, 15, 'certificate', NULL, 'create', NULL, NULL, '2019-10-25 15:33:45'),
(4820, 175, 15, 'certificate', NULL, 'create', NULL, NULL, '2019-10-25 15:33:45'),
(4821, 399, 15, 'attachments', 'requestId', 'update', NULL, '133', '2019-10-25 15:33:45'),
(4822, 399, 15, 'attachments', 'isRepresentativeProof', 'update', '0', '0', '2019-10-25 15:33:45'),
(4823, 17, 17, 'users', NULL, 'Login', NULL, NULL, '2019-10-25 15:34:08'),
(4824, 15, 15, 'users', NULL, 'Login', NULL, NULL, '2019-10-25 15:44:57'),
(4825, 400, 15, 'attachments', NULL, 'create', NULL, NULL, '2019-10-25 15:48:35'),
(4826, 401, 15, 'attachments', NULL, 'create', NULL, NULL, '2019-10-25 15:50:43'),
(4827, 402, 15, 'attachments', NULL, 'create', NULL, NULL, '2019-10-25 15:52:16'),
(4828, 403, 15, 'attachments', NULL, 'create', NULL, NULL, '2019-10-25 15:52:46'),
(4829, 124, 15, 'requests', 'statusId', 'update', '13', '1', '2019-10-25 15:52:58'),
(4830, 283, 15, 'attachments', 'requestId', 'update', '124', NULL, '2019-10-25 15:52:58'),
(4831, 283, 15, 'attachments', 'isRepresentativeProof', 'update', '0', '0', '2019-10-25 15:52:58'),
(4832, 283, 15, 'attachments', 'requestId', 'update', NULL, '124', '2019-10-25 15:52:58'),
(4833, 283, 15, 'attachments', 'isRepresentativeProof', 'update', '0', '0', '2019-10-25 15:52:58'),
(4834, 403, 15, 'attachments', 'requestId', 'update', NULL, '124', '2019-10-25 15:52:58'),
(4835, 403, 15, 'attachments', 'isRepresentativeProof', 'update', '0', '0', '2019-10-25 15:52:58'),
(4836, 404, 15, 'attachments', NULL, 'create', NULL, NULL, '2019-10-25 15:54:22'),
(4837, 123, 15, 'requests', 'statusId', 'update', '13', '1', '2019-10-25 15:54:31'),
(4838, 282, 15, 'attachments', 'requestId', 'update', '123', NULL, '2019-10-25 15:54:31'),
(4839, 282, 15, 'attachments', 'isRepresentativeProof', 'update', '0', '0', '2019-10-25 15:54:31'),
(4840, 282, 15, 'attachments', 'requestId', 'update', NULL, '123', '2019-10-25 15:54:31'),
(4841, 282, 15, 'attachments', 'isRepresentativeProof', 'update', '0', '0', '2019-10-25 15:54:31'),
(4842, 404, 15, 'attachments', 'requestId', 'update', NULL, '123', '2019-10-25 15:54:31'),
(4843, 404, 15, 'attachments', 'isRepresentativeProof', 'update', '0', '0', '2019-10-25 15:54:31'),
(4844, 405, 15, 'attachments', NULL, 'create', NULL, NULL, '2019-10-25 15:55:08'),
(4845, 121, 15, 'requests', 'statusId', 'update', '13', '1', '2019-10-25 15:55:20'),
(4846, 280, 15, 'attachments', 'requestId', 'update', '121', NULL, '2019-10-25 15:55:20'),
(4847, 280, 15, 'attachments', 'isRepresentativeProof', 'update', '0', '0', '2019-10-25 15:55:20'),
(4848, 280, 15, 'attachments', 'requestId', 'update', NULL, '121', '2019-10-25 15:55:20'),
(4849, 280, 15, 'attachments', 'isRepresentativeProof', 'update', '0', '0', '2019-10-25 15:55:20'),
(4850, 405, 15, 'attachments', 'requestId', 'update', NULL, '121', '2019-10-25 15:55:20'),
(4851, 405, 15, 'attachments', 'isRepresentativeProof', 'update', '0', '0', '2019-10-25 15:55:20'),
(4852, 10, 10, 'users', NULL, 'Login', NULL, NULL, '2019-10-25 15:55:43'),
(4853, 15, 15, 'users', NULL, 'Login', NULL, NULL, '2019-10-25 16:01:33'),
(4854, 162, 15, 'assessments', NULL, 'create', NULL, NULL, '2019-10-25 16:02:25'),
(4855, 406, 15, 'attachments', NULL, 'create', NULL, NULL, '2019-10-25 16:03:34'),
(4856, 134, 15, 'requests', NULL, 'create', NULL, NULL, '2019-10-25 16:03:48'),
(4857, 176, 15, 'certificate', NULL, 'create', NULL, NULL, '2019-10-25 16:03:48'),
(4858, 177, 15, 'certificate', NULL, 'create', NULL, NULL, '2019-10-25 16:03:48'),
(4859, 406, 15, 'attachments', 'requestId', 'update', NULL, '134', '2019-10-25 16:03:48'),
(4860, 406, 15, 'attachments', 'isRepresentativeProof', 'update', '0', '0', '2019-10-25 16:03:48'),
(4861, 10, 10, 'users', NULL, 'Login', NULL, NULL, '2019-10-25 16:04:17'),
(4862, 10, 10, 'users', NULL, 'Login', NULL, NULL, '2019-10-26 11:42:46'),
(4863, 15, 15, 'users', NULL, 'Login', NULL, NULL, '2019-10-26 12:04:05'),
(4864, 163, 15, 'assessments', NULL, 'create', NULL, NULL, '2019-10-26 12:04:53'),
(4865, 407, 15, 'attachments', NULL, 'create', NULL, NULL, '2019-10-26 12:05:04'),
(4866, 135, 15, 'requests', NULL, 'create', NULL, NULL, '2019-10-26 12:08:50'),
(4867, 178, 15, 'certificate', NULL, 'create', NULL, NULL, '2019-10-26 12:08:50'),
(4868, 179, 15, 'certificate', NULL, 'create', NULL, NULL, '2019-10-26 12:08:50'),
(4869, 407, 15, 'attachments', 'requestId', 'update', NULL, '135', '2019-10-26 12:08:50'),
(4870, 407, 15, 'attachments', 'isRepresentativeProof', 'update', '0', '0', '2019-10-26 12:08:50'),
(4871, 164, 15, 'assessments', NULL, 'create', NULL, NULL, '2019-10-26 12:12:59'),
(4872, 408, 15, 'attachments', NULL, 'create', NULL, NULL, '2019-10-26 12:13:42'),
(4873, 136, 15, 'requests', NULL, 'create', NULL, NULL, '2019-10-26 12:16:06'),
(4874, 180, 15, 'certificate', NULL, 'create', NULL, NULL, '2019-10-26 12:16:06'),
(4875, 181, 15, 'certificate', NULL, 'create', NULL, NULL, '2019-10-26 12:16:06'),
(4876, 408, 15, 'attachments', 'requestId', 'update', NULL, '136', '2019-10-26 12:16:06'),
(4877, 408, 15, 'attachments', 'isRepresentativeProof', 'update', '0', '0', '2019-10-26 12:16:06'),
(4878, 10, 10, 'users', NULL, 'Login', NULL, NULL, '2019-10-26 12:16:33'),
(4879, 15, 15, 'users', NULL, 'Login', NULL, NULL, '2019-10-26 12:33:50'),
(4880, 165, 15, 'assessments', NULL, 'create', NULL, NULL, '2019-10-26 12:34:30'),
(4881, 409, 15, 'attachments', NULL, 'create', NULL, NULL, '2019-10-26 12:34:39'),
(4882, 410, 15, 'attachments', NULL, 'create', NULL, NULL, '2019-10-26 12:38:47'),
(4883, 10, 10, 'users', NULL, 'Login', NULL, NULL, '2019-10-26 12:41:10'),
(4884, 137, 15, 'requests', NULL, 'create', NULL, NULL, '2019-10-26 12:42:39'),
(4885, 182, 15, 'certificate', NULL, 'create', NULL, NULL, '2019-10-26 12:42:39'),
(4886, 183, 15, 'certificate', NULL, 'create', NULL, NULL, '2019-10-26 12:42:39'),
(4887, 410, 15, 'attachments', 'requestId', 'update', NULL, '137', '2019-10-26 12:42:39'),
(4888, 410, 15, 'attachments', 'isRepresentativeProof', 'update', '0', '0', '2019-10-26 12:42:39'),
(4889, 11, 11, 'users', NULL, 'Login', NULL, NULL, '2019-10-26 12:47:50'),
(4890, 166, 15, 'assessments', NULL, 'create', NULL, NULL, '2019-10-26 13:01:15'),
(4891, 15, 15, 'users', NULL, 'Login', NULL, NULL, '2019-10-26 13:01:21'),
(4892, 167, 15, 'assessments', NULL, 'create', NULL, NULL, '2019-10-26 13:02:00'),
(4893, 411, 15, 'attachments', NULL, 'create', NULL, NULL, '2019-10-26 13:17:54'),
(4894, 412, 15, 'attachments', NULL, 'create', NULL, NULL, '2019-10-26 13:21:06'),
(4895, 413, 15, 'attachments', NULL, 'create', NULL, NULL, '2019-10-26 13:22:28'),
(4896, 414, 15, 'attachments', NULL, 'create', NULL, NULL, '2019-10-26 13:26:45'),
(4897, 10, 10, 'users', NULL, 'Login', NULL, NULL, '2019-10-26 13:42:33'),
(4898, 11, 11, 'users', NULL, 'Login', NULL, NULL, '2019-10-26 13:44:54'),
(4899, 415, 15, 'attachments', NULL, 'create', NULL, NULL, '2019-10-26 13:51:17'),
(4900, 89, 89, 'users', NULL, 'Login', NULL, NULL, '2019-10-27 09:12:08'),
(4901, 89, 89, 'users', NULL, 'Login', NULL, NULL, '2019-10-27 09:13:03'),
(4902, 168, 89, 'assessments', NULL, 'create', NULL, NULL, '2019-10-27 09:22:13'),
(4903, 168, 89, 'assessments', 'manufactoringByOthers', 'update', '0', '0', '2019-10-27 09:22:44'),
(4904, 168, 89, 'assessments', 'isTotals', 'update', '1', '1', '2019-10-27 09:22:44'),
(4905, 168, 89, 'assessments', 'manufactoringByOthers', 'update', '0', '0', '2019-10-27 09:25:47'),
(4906, 168, 89, 'assessments', 'isTotals', 'update', '1', '1', '2019-10-27 09:25:47'),
(4907, 168, 89, 'assessments', 'manufactoringByOthers', 'update', '0', '0', '2019-10-27 09:27:28'),
(4908, 168, 89, 'assessments', 'isTotals', 'update', '1', '1', '2019-10-27 09:27:28'),
(4909, 168, 89, 'assessments', 'manufactoringByOthers', 'update', '0', '0', '2019-10-27 09:28:34'),
(4910, 168, 89, 'assessments', 'isTotals', 'update', '1', '1', '2019-10-27 09:28:34'),
(4911, 88, 88, 'users', NULL, 'Login', NULL, NULL, '2019-10-27 09:34:14'),
(4912, 88, 88, 'users', NULL, 'Login', NULL, NULL, '2019-10-27 09:35:05'),
(4913, 88, 88, 'users', NULL, 'Login', NULL, NULL, '2019-10-27 09:35:25'),
(4914, 88, 88, 'users', NULL, 'Login', NULL, NULL, '2019-10-27 09:35:36'),
(4915, 416, 89, 'attachments', NULL, 'create', NULL, NULL, '2019-10-27 09:36:32'),
(4916, 138, 89, 'requests', NULL, 'create', NULL, NULL, '2019-10-27 09:36:45'),
(4917, 184, 89, 'certificate', NULL, 'create', NULL, NULL, '2019-10-27 09:36:45'),
(4918, 185, 89, 'certificate', NULL, 'create', NULL, NULL, '2019-10-27 09:36:45'),
(4919, 416, 89, 'attachments', 'requestId', 'update', NULL, '138', '2019-10-27 09:36:45'),
(4920, 416, 89, 'attachments', 'isRepresentativeProof', 'update', '0', '0', '2019-10-27 09:36:45'),
(4921, 169, 89, 'assessments', NULL, 'create', NULL, NULL, '2019-10-27 09:42:40'),
(4922, 169, 89, 'assessments', 'manufactoringByOthers', 'update', '1', '1', '2019-10-27 09:44:53'),
(4923, 169, 89, 'assessments', 'isTotals', 'update', '1', '1', '2019-10-27 09:44:53'),
(4924, 169, 89, 'assessments', 'manufactoringByOthers', 'update', '1', '1', '2019-10-27 09:45:42'),
(4925, 169, 89, 'assessments', 'isTotals', 'update', '1', '1', '2019-10-27 09:45:42'),
(4926, 169, 89, 'assessments', 'manufactoringByOthers', 'update', '1', '1', '2019-10-27 09:46:03'),
(4927, 169, 89, 'assessments', 'isTotals', 'update', '1', '1', '2019-10-27 09:46:03'),
(4928, 417, 89, 'attachments', NULL, 'create', NULL, NULL, '2019-10-27 09:46:52'),
(4929, 418, 89, 'attachments', NULL, 'create', NULL, NULL, '2019-10-27 09:47:41'),
(4930, 139, 89, 'requests', NULL, 'create', NULL, NULL, '2019-10-27 09:48:35'),
(4931, 186, 89, 'certificate', NULL, 'create', NULL, NULL, '2019-10-27 09:48:35'),
(4932, 417, 89, 'attachments', 'requestId', 'update', NULL, '139', '2019-10-27 09:48:35'),
(4933, 417, 89, 'attachments', 'isRepresentativeProof', 'update', '0', '0', '2019-10-27 09:48:35'),
(4934, 418, 89, 'attachments', 'requestId', 'update', NULL, '139', '2019-10-27 09:48:35'),
(4935, 418, 89, 'attachments', 'isRepresentativeProof', 'update', '0', '1', '2019-10-27 09:48:35'),
(4936, 10, 10, 'users', NULL, 'Login', NULL, NULL, '2019-10-27 09:52:30'),
(4937, 169, 10, 'assessments', 'productName', 'update', 'Plastic Chairs', 'Plastic Chair', '2019-10-27 09:53:14'),
(4938, 89, 89, 'users', NULL, 'Login', NULL, NULL, '2019-10-27 09:53:41'),
(4939, 10, 10, 'users', NULL, 'Login', NULL, NULL, '2019-10-27 09:55:41'),
(4940, 9, 9, 'users', NULL, 'Login', NULL, NULL, '2019-10-27 09:58:55'),
(4941, 139, 9, 'requests', 'statusId', 'update', '2', '4', '2019-10-27 09:59:12'),
(4942, 139, 9, 'requests', 'openedByEmployeeId', 'update', NULL, '5', '2019-10-27 09:59:12'),
(4943, 139, 9, 'requests', 'statusId', 'update', '3', '4', '2019-10-27 10:03:29'),
(4944, 139, 9, 'requests', 'isOriginalsReceived', 'update', '0', '1', '2019-10-27 10:03:34'),
(4945, 139, 9, 'requests', 'isOriginalsReceived', 'update', '1', '1', '2019-10-27 10:03:46'),
(4946, 139, 9, 'requests', 'statusId', 'update', '4', '5', '2019-10-27 10:03:54'),
(4947, 417, 89, 'attachments', 'requestId', 'update', '139', NULL, '2019-10-27 10:04:47'),
(4948, 417, 89, 'attachments', 'isRepresentativeProof', 'update', '0', '0', '2019-10-27 10:04:47'),
(4949, 417, 89, 'attachments', 'requestId', 'update', NULL, '139', '2019-10-27 10:04:47'),
(4950, 417, 89, 'attachments', 'isRepresentativeProof', 'update', '0', '0', '2019-10-27 10:04:47'),
(4951, 418, 89, 'attachments', 'requestId', 'update', '139', NULL, '2019-10-27 10:04:47'),
(4952, 418, 89, 'attachments', 'isRepresentativeProof', 'update', '1', '1', '2019-10-27 10:04:47'),
(4953, 418, 89, 'attachments', 'requestId', 'update', NULL, '139', '2019-10-27 10:04:47'),
(4954, 418, 89, 'attachments', 'isRepresentativeProof', 'update', '1', '1', '2019-10-27 10:04:47'),
(4955, 139, 89, 'requests', 'statusId', 'update', '5', '4', '2019-10-27 10:05:43'),
(4956, 88, 88, 'users', NULL, 'Login', NULL, NULL, '2019-10-27 10:06:02'),
(4957, 139, 9, 'requests', 'statusId', 'update', '4', '6', '2019-10-27 10:06:24'),
(4958, 89, 89, 'users', NULL, 'Login', NULL, NULL, '2019-10-27 10:09:37'),
(4959, 11, 11, 'users', NULL, 'Login', NULL, NULL, '2019-10-27 10:10:45'),
(4960, 139, 11, 'requests', 'statusId', 'update', '7', '9', '2019-10-27 10:11:03'),
(4961, 139, 11, 'requests', 'isChamberMember', 'update', '0', '1', '2019-10-27 10:11:03'),
(4962, 139, 11, 'requests', 'isSubscriptionFeesPaid', 'update', '0', '1', '2019-10-27 10:11:03'),
(4963, 139, 11, 'requests', 'statusId', 'update', '9', '12', '2019-10-27 10:11:07'),
(4964, 186, 11, 'certificates', 'certificateNumber', 'update', NULL, '36', '2019-10-27 10:11:07'),
(4965, 186, 11, 'certificates', 'issueDate', 'update', NULL, '2019-10-27 10:07:25', '2019-10-27 10:11:07'),
(4966, 10, 10, 'users', NULL, 'Login', NULL, NULL, '2019-10-27 10:11:40'),
(4967, 67, 89, 'certificateCopyRequest', NULL, 'create', NULL, NULL, '2019-10-27 10:13:18'),
(4968, 67, 11, 'certificateCopyRequest', 'isSubscriptionFeesPaid', 'update', '0', '1', '2019-10-27 10:14:59'),
(4969, 11, 11, 'users', NULL, 'Login', NULL, NULL, '2019-10-27 10:15:18'),
(4970, 11, 11, 'users', NULL, 'Login', NULL, NULL, '2019-10-27 10:15:53'),
(4971, 67, 11, 'certificateCopyRequest', 'isChamberMember', 'update', '0', '1', '2019-10-27 10:16:15'),
(4972, 67, 11, 'certificateCopyRequest', 'isIssued', 'update', '0', '1', '2019-10-27 10:16:19'),
(4973, 67, 11, 'certificateCopyRequest', 'issueDate', 'update', NULL, '2019-10-27 10:07:25', '2019-10-27 10:16:19'),
(4974, 10, 10, 'users', NULL, 'Login', NULL, NULL, '2019-10-27 10:18:53'),
(4975, 9, 9, 'users', NULL, 'Login', NULL, NULL, '2019-10-27 10:23:51'),
(4976, 138, 9, 'requests', 'statusId', 'update', '2', '4', '2019-10-27 10:24:32'),
(4977, 138, 9, 'requests', 'openedByEmployeeId', 'update', NULL, '5', '2019-10-27 10:24:32'),
(4978, 138, 9, 'requests', 'isOriginalsReceived', 'update', '0', '1', '2019-10-27 10:24:41'),
(4979, 138, 9, 'requests', 'statusId', 'update', '4', '6', '2019-10-27 10:24:55'),
(4980, 11, 11, 'users', NULL, 'Login', NULL, NULL, '2019-10-27 10:26:21'),
(4981, 138, 11, 'requests', 'statusId', 'update', '7', '9', '2019-10-27 10:26:35'),
(4982, 138, 11, 'requests', 'isChamberMember', 'update', '0', '1', '2019-10-27 10:26:35'),
(4983, 138, 11, 'requests', 'statusId', 'update', '9', '12', '2019-10-27 10:27:17'),
(4984, 184, 11, 'certificates', 'certificateNumber', 'update', NULL, '37', '2019-10-27 10:27:17'),
(4985, 184, 11, 'certificates', 'issueDate', 'update', NULL, '2019-10-27 10:25:39', '2019-10-27 10:27:17'),
(4986, 185, 11, 'certificates', 'certificateNumber', 'update', NULL, '37', '2019-10-27 10:27:17'),
(4987, 185, 11, 'certificates', 'issueDate', 'update', NULL, '2019-10-27 10:25:39', '2019-10-27 10:27:17'),
(4988, 68, 89, 'certificateCopyRequest', NULL, 'create', NULL, NULL, '2019-10-27 10:28:39'),
(4989, 68, 11, 'certificateCopyRequest', 'isChamberMember', 'update', '0', '1', '2019-10-27 10:29:20'),
(4990, 68, 11, 'certificateCopyRequest', 'isIssued', 'update', '0', '1', '2019-10-27 10:29:24'),
(4991, 68, 11, 'certificateCopyRequest', 'issueDate', 'update', NULL, '2019-10-27 10:25:39', '2019-10-27 10:29:24'),
(4992, 68, 11, 'certificateCopyRequest', 'isSubscriptionFeesPaid', 'update', '0', '1', '2019-10-27 10:32:05'),
(4993, 68, 11, 'certificateCopyRequest', 'isSubscriptionFeesPaid', 'update', '1', '0', '2019-10-27 10:32:42'),
(4994, 11, 11, 'users', NULL, 'Login', NULL, NULL, '2019-10-27 10:34:36'),
(4995, 9, 9, 'users', NULL, 'Login', NULL, NULL, '2019-10-27 10:34:51'),
(4996, 9, 9, 'users', NULL, 'Login', NULL, NULL, '2019-10-27 10:36:14'),
(4997, 89, 89, 'users', NULL, 'Login', NULL, NULL, '2019-10-27 10:36:32'),
(4998, 12, 12, 'users', NULL, 'Login', NULL, NULL, '2019-10-27 10:58:02'),
(4999, 13, 13, 'users', NULL, 'Login', NULL, NULL, '2019-10-27 11:43:09'),
(5000, 14, 14, 'users', NULL, 'Login', NULL, NULL, '2019-10-27 11:44:45'),
(5001, 15, 15, 'users', NULL, 'Login', NULL, NULL, '2019-10-27 11:51:45'),
(5002, 1, 1, 'users', NULL, 'Login', NULL, NULL, '2019-10-27 11:54:03'),
(5003, 12, 1, 'sectors', NULL, 'create', NULL, NULL, '2019-10-27 11:56:22'),
(5004, 10, 10, 'users', NULL, 'Login', NULL, NULL, '2019-10-27 11:57:20'),
(5005, 89, 89, 'users', NULL, 'Login', NULL, NULL, '2019-10-27 12:02:47'),
(5006, 170, 89, 'assessments', NULL, 'create', NULL, NULL, '2019-10-27 12:04:07'),
(5007, 12, 1, 'sectors', NULL, 'delete', NULL, NULL, '2019-10-27 12:05:09'),
(5008, 1, 1, 'users', NULL, 'Login', NULL, NULL, '2019-10-27 12:30:55'),
(5009, 4, 1, 'chambers', 'nameEn', 'update', '.Wood & Furniture Chamber', 'Wood & Furniture Chamber', '2019-10-27 12:31:24'),
(5010, 89, 89, 'users', NULL, 'Login', NULL, NULL, '2019-10-27 12:31:53'),
(5011, 15, 1, 'chambers', NULL, 'create', NULL, NULL, '2019-10-27 12:33:10'),
(5012, 15, 1, 'chambers', NULL, 'delete', NULL, NULL, '2019-10-27 12:34:02'),
(5013, 89, 89, 'users', NULL, 'Login', NULL, NULL, '2019-10-27 13:04:21'),
(5014, 9, 9, 'users', NULL, 'Login', NULL, NULL, '2019-10-27 13:10:09'),
(5015, 11, 11, 'users', NULL, 'Login', NULL, NULL, '2019-10-27 13:12:02'),
(5016, 1, 1, 'users', NULL, 'Login', NULL, NULL, '2019-10-27 21:34:44'),
(5017, 1, 1, 'settings', 'fromEmailPassword', 'update', '$2y$10$8wlhmjMlM47qui9FB7LCjOHWZ8D20pZjs9JXcFgWqJPxwzcXm7I/C', 'eyJpdiI6InZFcUtIK2xGMEorVFowNVNQUDhkM1E9PSIsInZhbHVlIjoiUWlCeXRDNHM4NnF1SjNENXRhU0wyVFQyVWJxeFNKbnVoSTluRm1DbStiaz0iLCJtYWMiOiJlY2ZlYTUxMjliODkxODhjNWQ3Yjc3Yzc3ZWFiNjM4MTg2NWFiMjUyZjM5YTFkMWI4M2RhY2M5ZTJkMTFhNzliIn0=', '2019-10-27 21:44:52'),
(5018, 1, 1, 'settings', 'fromEmailPassword', 'update', 'eyJpdiI6InZFcUtIK2xGMEorVFowNVNQUDhkM1E9PSIsInZhbHVlIjoiUWlCeXRDNHM4NnF1SjNENXRhU0wyVFQyVWJxeFNKbnVoSTluRm1DbStiaz0iLCJtYWMiOiJlY2ZlYTUxMjliODkxODhjNWQ3Yjc3Yzc3ZWFiNjM4MTg2NWFiMjUyZjM5YTFkMWI4M2RhY2M5ZTJkMTFhNzliIn0=', 'eyJpdiI6Ik9OWHoxUlVHbU1mbmJKaWZOaGxHNVE9PSIsInZhbHVlIjoiV3ZUWHhXQm5NS3pSWFlYYTNLMmdreEswdU5IdHhWU1R0SGR1SHNVK1wvOWc9IiwibWFjIjoiN2I1YTdhZDA5NzA4NGQ0NjRlZjI2NTJhMGUxYTcxM2MxMTgzYmY1MjlmYjFlYjNiOGQ4MDc3ZDQ0YTNiMDk4NyJ9', '2019-10-27 22:07:29'),
(5019, 1, 1, 'users', NULL, 'Login', NULL, NULL, '2019-10-27 22:18:46'),
(5020, 17, 17, 'users', 'resetPasswordCode', 'reset', NULL, NULL, '2019-10-27 22:23:36'),
(5021, 1, 1, 'users', NULL, 'Login', NULL, NULL, '2019-10-27 22:30:24'),
(5022, 90, 1, 'users', NULL, 'create', NULL, NULL, '2019-10-27 22:31:12'),
(5023, 91, 1, 'users', NULL, 'create', NULL, NULL, '2019-10-27 22:42:06'),
(5024, 92, 1, 'users', NULL, 'create', NULL, NULL, '2019-10-27 22:44:13'),
(5025, 94, 1, 'users', NULL, 'create', NULL, NULL, '2019-10-27 23:05:26'),
(5026, 15, 15, 'users', NULL, 'Login', NULL, NULL, '2019-10-28 08:53:18'),
(5027, 171, 15, 'assessments', NULL, 'create', NULL, NULL, '2019-10-28 08:53:47'),
(5028, 419, 15, 'attachments', NULL, 'create', NULL, NULL, '2019-10-28 08:54:31'),
(5029, 140, 15, 'requests', NULL, 'create', NULL, NULL, '2019-10-28 08:56:21'),
(5030, 187, 15, 'certificate', NULL, 'create', NULL, NULL, '2019-10-28 08:56:21'),
(5031, 188, 15, 'certificate', NULL, 'create', NULL, NULL, '2019-10-28 08:56:21'),
(5032, 419, 15, 'attachments', 'requestId', 'update', NULL, '140', '2019-10-28 08:56:21'),
(5033, 419, 15, 'attachments', 'isRepresentativeProof', 'update', '0', '0', '2019-10-28 08:56:21'),
(5034, 26, 26, 'users', NULL, 'Login', NULL, NULL, '2019-10-28 08:57:58'),
(5035, 10, 10, 'users', NULL, 'Login', NULL, NULL, '2019-10-28 08:58:16'),
(5036, 1, 1, 'users', NULL, 'Login', NULL, NULL, '2019-10-28 09:00:14'),
(5037, 95, 1, 'users', NULL, 'create', NULL, NULL, '2019-10-28 09:00:48'),
(5038, 95, 95, 'users', 'resetPasswordCode', 'reset', NULL, NULL, '2019-10-28 09:03:02'),
(5039, 95, 95, 'users', 'password', 'reset', NULL, NULL, '2019-10-28 09:03:41'),
(5040, 1, 1, 'users', NULL, 'Login', NULL, NULL, '2019-10-28 09:16:46'),
(5041, 89, 89, 'users', NULL, 'Login', NULL, NULL, '2019-10-28 09:31:51'),
(5042, 69, 89, 'certificateCopyRequest', NULL, 'create', NULL, NULL, '2019-10-28 09:32:32'),
(5043, 70, 89, 'certificateCopyRequest', NULL, 'create', NULL, NULL, '2019-10-28 09:32:41'),
(5044, 9, 9, 'users', NULL, 'Login', NULL, NULL, '2019-10-28 09:33:15'),
(5045, 10, 10, 'users', NULL, 'Login', NULL, NULL, '2019-10-28 09:33:36'),
(5046, 11, 11, 'users', NULL, 'Login', NULL, NULL, '2019-10-28 09:33:56'),
(5047, 69, 11, 'certificateCopyRequest', 'isChamberMember', 'update', '0', '1', '2019-10-28 09:34:38'),
(5048, 69, 11, 'certificateCopyRequest', 'isSubscriptionFeesPaid', 'update', '0', '1', '2019-10-28 09:34:38'),
(5049, 69, 11, 'certificateCopyRequest', 'isIssued', 'update', '0', '1', '2019-10-28 09:34:45'),
(5050, 69, 11, 'certificateCopyRequest', 'issueDate', 'update', NULL, '2019-10-24 10:47:06', '2019-10-28 09:34:45'),
(5051, 70, 11, 'certificateCopyRequest', 'isChamberMember', 'update', '0', '1', '2019-10-28 09:35:22'),
(5052, 70, 11, 'certificateCopyRequest', 'isSubscriptionFeesPaid', 'update', '0', '1', '2019-10-28 09:35:22'),
(5053, 70, 11, 'certificateCopyRequest', 'isIssued', 'update', '0', '1', '2019-10-28 09:35:27'),
(5054, 70, 11, 'certificateCopyRequest', 'issueDate', 'update', NULL, '2019-10-24 10:47:06', '2019-10-28 09:35:27'),
(5055, 15, 15, 'users', NULL, 'Login', NULL, NULL, '2019-10-28 09:51:03'),
(5056, 89, 89, 'users', NULL, 'Login', NULL, NULL, '2019-10-28 09:51:43'),
(5057, 89, 89, 'users', NULL, 'Login', NULL, NULL, '2019-10-28 10:07:38'),
(5058, 10, 10, 'users', NULL, 'Login', NULL, NULL, '2019-10-28 10:13:56'),
(5059, 1, 1, 'users', NULL, 'Login', NULL, NULL, '2019-10-28 10:17:34'),
(5060, 1, 1, 'users', NULL, 'Login', NULL, NULL, '2019-10-28 10:20:32'),
(5061, 89, 89, 'users', NULL, 'Login', NULL, NULL, '2019-10-28 10:23:25'),
(5062, 11, 11, 'users', NULL, 'Login', NULL, NULL, '2019-10-28 10:24:17'),
(5063, 89, 89, 'users', NULL, 'Login', NULL, NULL, '2019-10-28 10:30:32'),
(5064, 172, 89, 'assessments', NULL, 'create', NULL, NULL, '2019-10-28 10:33:16'),
(5065, 89, 89, 'users', NULL, 'Login', NULL, NULL, '2019-10-28 10:34:22'),
(5066, 173, 89, 'assessments', NULL, 'create', NULL, NULL, '2019-10-28 10:35:09'),
(5067, 89, 89, 'users', NULL, 'Login', NULL, NULL, '2019-10-28 10:45:37'),
(5068, 15, 15, 'users', NULL, 'Login', NULL, NULL, '2019-10-28 10:51:13'),
(5069, 11, 11, 'users', NULL, 'Login', NULL, NULL, '2019-10-28 11:12:25'),
(5070, 15, 15, 'users', NULL, 'Login', NULL, NULL, '2019-10-28 11:13:42'),
(5071, 1, 1, 'users', NULL, 'Login', NULL, NULL, '2019-10-28 11:15:48'),
(5072, 11, 11, 'users', NULL, 'Login', NULL, NULL, '2019-10-28 11:28:47'),
(5073, 1, 1, 'users', NULL, 'Login', NULL, NULL, '2019-10-28 11:30:56'),
(5074, 15, 15, 'users', NULL, 'Login', NULL, NULL, '2019-10-28 12:27:02'),
(5075, 1, 1, 'users', NULL, 'Login', NULL, NULL, '2019-10-28 13:38:36'),
(5076, 15, 15, 'users', NULL, 'Login', NULL, NULL, '2019-10-28 13:42:02'),
(5077, 1, 1, 'users', NULL, 'Login', NULL, NULL, '2019-10-28 13:58:58'),
(5078, 1, 1, 'users', NULL, 'Login', NULL, NULL, '2019-10-28 14:38:36'),
(5079, 11, 11, 'users', NULL, 'Login', NULL, NULL, '2019-10-28 18:49:36'),
(5080, 13, 13, 'users', NULL, 'Login', NULL, NULL, '2019-10-28 18:52:11'),
(5081, 14, 14, 'users', NULL, 'Login', NULL, NULL, '2019-10-28 18:52:39'),
(5082, 10, 10, 'users', NULL, 'Login', NULL, NULL, '2019-10-28 18:53:08'),
(5083, 1, 1, 'users', NULL, 'Login', NULL, NULL, '2019-10-28 18:53:34'),
(5084, 1, 1, 'users', NULL, 'Login', NULL, NULL, '2019-10-28 18:57:25'),
(5085, 1, 1, 'users', NULL, 'Login', NULL, NULL, '2019-10-28 19:36:09'),
(5086, 1, 1, 'users', NULL, 'Login', NULL, NULL, '2019-10-28 20:21:09'),
(5087, 15, 15, 'users', NULL, 'Login', NULL, NULL, '2019-10-28 20:23:32'),
(5088, 174, 15, 'assessments', NULL, 'create', NULL, NULL, '2019-10-28 20:26:09'),
(5089, 1, 1, 'users', NULL, 'Login', NULL, NULL, '2019-10-28 20:29:20'),
(5090, 1, 1, 'users', NULL, 'Login', NULL, NULL, '2019-10-28 20:56:27'),
(5091, 15, 15, 'users', NULL, 'Login', NULL, NULL, '2019-10-28 20:57:25'),
(5092, 420, 15, 'attachments', NULL, 'create', NULL, NULL, '2019-10-28 20:58:46'),
(5093, 141, 15, 'requests', NULL, 'create', NULL, NULL, '2019-10-28 20:58:49'),
(5094, 189, 15, 'certificate', NULL, 'create', NULL, NULL, '2019-10-28 20:58:49'),
(5095, 420, 15, 'attachments', 'requestId', 'update', NULL, '141', '2019-10-28 20:58:49'),
(5096, 420, 15, 'attachments', 'isRepresentativeProof', 'update', '0', '0', '2019-10-28 20:58:49'),
(5097, 1, 1, 'users', NULL, 'Login', NULL, NULL, '2019-10-28 20:59:16'),
(5098, 10, 10, 'users', NULL, 'Login', NULL, NULL, '2019-10-28 20:59:37'),
(5099, 9, 9, 'users', NULL, 'Login', NULL, NULL, '2019-10-28 21:00:41'),
(5100, 141, 9, 'requests', 'statusId', 'update', '2', '4', '2019-10-28 21:00:48'),
(5101, 141, 9, 'requests', 'openedByEmployeeId', 'update', NULL, '5', '2019-10-28 21:00:48'),
(5102, 141, 9, 'requests', 'isOriginalsReceived', 'update', '0', '1', '2019-10-28 21:00:53'),
(5103, 141, 9, 'requests', 'isOriginalsReceived', 'update', '1', '1', '2019-10-28 21:00:59'),
(5104, 141, 9, 'requests', 'statusId', 'update', '3', '4', '2019-10-28 21:01:03'),
(5105, 141, 9, 'requests', 'statusId', 'update', '4', '6', '2019-10-28 21:01:07'),
(5106, 10, 10, 'users', NULL, 'Login', NULL, NULL, '2019-10-28 21:01:27'),
(5107, 11, 11, 'users', NULL, 'Login', NULL, NULL, '2019-10-28 21:04:13'),
(5108, 141, 11, 'requests', 'statusId', 'update', '7', '9', '2019-10-28 21:04:37'),
(5109, 141, 11, 'requests', 'isChamberMember', 'update', '0', '1', '2019-10-28 21:04:37'),
(5110, 141, 11, 'requests', 'isSubscriptionFeesPaid', 'update', '0', '1', '2019-10-28 21:04:37'),
(5111, 141, 11, 'requests', 'statusId', 'update', '9', '12', '2019-10-28 21:04:41'),
(5112, 189, 11, 'certificates', 'certificateNumber', 'update', NULL, '38', '2019-10-28 21:04:41'),
(5113, 189, 11, 'certificates', 'issueDate', 'update', NULL, '2019-10-28 21:01:34', '2019-10-28 21:04:41'),
(5114, 1, 1, 'users', NULL, 'Login', NULL, NULL, '2019-10-28 21:05:15'),
(5115, 15, 15, 'users', NULL, 'Login', NULL, NULL, '2019-10-28 21:25:33'),
(5116, 1, 1, 'users', NULL, 'Login', NULL, NULL, '2019-10-28 21:35:11'),
(5117, 10, 10, 'users', NULL, 'Login', NULL, NULL, '2019-10-28 21:45:53'),
(5118, 171, 10, 'assessments', 'productName', 'update', 'jhjjhj', 'uyiu', '2019-10-28 21:47:12'),
(5119, 15, 15, 'users', NULL, 'Login', NULL, NULL, '2019-10-28 21:48:40'),
(5120, 421, 15, 'attachments', NULL, 'create', NULL, NULL, '2019-10-28 21:49:48'),
(5121, 142, 15, 'requests', NULL, 'create', NULL, NULL, '2019-10-28 21:49:52'),
(5122, 190, 15, 'certificate', NULL, 'create', NULL, NULL, '2019-10-28 21:49:52'),
(5123, 191, 15, 'certificate', NULL, 'create', NULL, NULL, '2019-10-28 21:49:52'),
(5124, 421, 15, 'attachments', 'requestId', 'update', NULL, '142', '2019-10-28 21:49:52'),
(5125, 421, 15, 'attachments', 'isRepresentativeProof', 'update', '0', '0', '2019-10-28 21:49:52'),
(5126, 1, 1, 'users', NULL, 'Login', NULL, NULL, '2019-10-28 21:50:08'),
(5127, 10, 10, 'users', NULL, 'Login', NULL, NULL, '2019-10-28 21:51:13'),
(5128, 9, 9, 'users', NULL, 'Login', NULL, NULL, '2019-10-28 21:51:42'),
(5129, 142, 9, 'requests', 'statusId', 'update', 'معين لموظف', 'تتم المراجعه الان', '2019-10-28 21:51:50'),
(5130, 142, 9, 'requests', 'openedByEmployeeId', 'update', NULL, '5', '2019-10-28 21:51:50'),
(5131, 142, 9, 'requests', 'isOriginalsReceived', 'update', '0', '1', '2019-10-28 21:51:56'),
(5132, 142, 9, 'requests', 'statusId', 'update', 'تتم المراجعه الان', 'موافقة', '2019-10-28 21:52:03'),
(5133, 1, 1, 'users', NULL, 'Login', NULL, NULL, '2019-10-28 21:52:14'),
(5134, 15, 15, 'users', NULL, 'Login', NULL, NULL, '2019-10-28 22:16:04'),
(5135, 175, 15, 'assessments', NULL, 'create', NULL, NULL, '2019-10-28 22:17:04'),
(5136, 422, 15, 'attachments', NULL, 'create', NULL, NULL, '2019-10-28 22:18:13'),
(5137, 143, 15, 'requests', NULL, 'create', NULL, NULL, '2019-10-28 22:18:18'),
(5138, 192, 15, 'certificate', NULL, 'create', NULL, NULL, '2019-10-28 22:18:18'),
(5139, 193, 15, 'certificate', NULL, 'create', NULL, NULL, '2019-10-28 22:18:18'),
(5140, 144, 15, 'requests', NULL, 'create', NULL, NULL, '2019-10-28 22:18:19'),
(5141, 194, 15, 'certificate', NULL, 'create', NULL, NULL, '2019-10-28 22:18:19'),
(5142, 195, 15, 'certificate', NULL, 'create', NULL, NULL, '2019-10-28 22:18:19'),
(5143, 422, 15, 'attachments', 'requestId', 'update', 'fdfd', 'fdfd', '2019-10-28 22:18:19'),
(5144, 422, 15, 'attachments', 'isRepresentativeProof', 'update', '0', '0', '2019-10-28 22:18:19'),
(5145, 9, 9, 'users', NULL, 'Login', NULL, NULL, '2019-10-28 22:20:55'),
(5146, 144, 9, 'requests', 'statusId', 'update', 'معين لموظف', 'تتم المراجعه الان', '2019-10-28 22:21:13'),
(5147, 143, 9, 'requests', 'statusId', 'update', 'معين لموظف', 'تتم المراجعه الان', '2019-10-28 22:21:55'),
(5148, 1, 1, 'users', NULL, 'Login', NULL, NULL, '2019-10-28 22:22:36'),
(5149, 9, 9, 'users', NULL, 'Login', NULL, NULL, '2019-10-28 22:24:50'),
(5150, 144, 9, 'requests', 'statusId', 'update', 'تحت المراجعه', 'تتم المراجعه الان', '2019-10-28 22:24:58'),
(5151, 144, 9, 'requests', 'statusId', 'update', 'تحت المراجعه', 'تتم المراجعه الان', '2019-10-28 22:25:29'),
(5152, 144, 9, 'requests', 'statusId', 'update', 'تتم المراجعه الان', 'تحت المراجعه', '2019-10-28 22:26:47'),
(5153, 144, 9, 'requests', 'statusId', 'update', 'تحت المراجعه', 'تتم المراجعه الان', '2019-10-28 22:27:01'),
(5154, 143, 9, 'requests', 'statusId', 'update', 'تحت المراجعه', 'تتم المراجعه الان', '2019-10-28 22:27:29'),
(5155, 143, 9, 'requests', 'statusId', 'update', 'تحت المراجعه', 'تتم المراجعه الان', '2019-10-28 22:29:57'),
(5156, 143, 9, 'requests', 'isOriginalsReceived', 'update', '0', '1', '2019-10-28 22:30:06'),
(5157, 143, 9, 'requests', 'statusId', 'update', 'تتم المراجعه الان', 'موافقة', '2019-10-28 22:30:12'),
(5158, 144, 9, 'requests', 'statusId', 'update', 'تحت المراجعه', 'تتم المراجعه الان', '2019-10-28 22:30:29'),
(5159, 144, 9, 'requests', 'statusId', 'update', 'تحت المراجعه', 'تتم المراجعه الان', '2019-10-28 22:32:11'),
(5160, 144, 9, 'requests', 'isOriginalsReceived', 'update', '0', '1', '2019-10-28 22:33:34'),
(5161, 144, 9, 'requests', 'statusId', 'update', 'تتم المراجعه الان', 'موافقة', '2019-10-28 22:33:46'),
(5162, 96, 96, 'users', NULL, 'register', NULL, NULL, '2019-10-28 22:36:31'),
(5163, 96, 96, 'users', NULL, 'Login', NULL, NULL, '2019-10-28 22:36:55'),
(5164, 17, 17, 'users', 'resetPasswordCode', 'reset', NULL, NULL, '2019-10-28 22:38:09'),
(5165, 32, 32, 'users', 'resetPasswordCode', 'reset', NULL, NULL, '2019-10-28 22:38:34'),
(5166, 32, 32, 'users', 'password', 'reset', NULL, NULL, '2019-10-28 22:40:07'),
(5167, 32, 32, 'users', NULL, 'Login', NULL, NULL, '2019-10-28 22:40:17'),
(5168, 1, 1, 'users', NULL, 'Login', NULL, NULL, '2019-10-28 22:40:46'),
(5169, 95, 95, 'users', 'resetPasswordCode', 'reset', NULL, NULL, '2019-10-28 22:41:19'),
(5170, 95, 95, 'users', 'password', 'reset', NULL, NULL, '2019-10-28 22:43:21'),
(5171, 1, 1, 'users', NULL, 'Login', NULL, NULL, '2019-10-28 22:44:08'),
(5172, 95, 95, 'users', NULL, 'Login', NULL, NULL, '2019-10-28 22:48:10'),
(5173, 1, 1, 'users', NULL, 'Login', NULL, NULL, '2019-10-29 13:55:20'),
(5174, 15, 15, 'users', NULL, 'Login', NULL, NULL, '2019-10-29 14:04:09'),
(5175, 11, 11, 'users', NULL, 'Login', NULL, NULL, '2019-10-29 14:05:59'),
(5176, 11, 11, 'users', NULL, 'Login', NULL, NULL, '2019-10-29 14:27:34'),
(5177, 88, 88, 'users', NULL, 'Login', NULL, NULL, '2019-10-29 15:15:38'),
(5178, 15, 15, 'users', NULL, 'Login', NULL, NULL, '2019-10-29 15:16:05'),
(5179, 11, 11, 'users', NULL, 'Login', NULL, NULL, '2019-10-29 15:16:34'),
(5180, 1, 1, 'users', NULL, 'Login', NULL, NULL, '2019-10-30 08:35:56'),
(5181, 15, 15, 'users', NULL, 'Login', NULL, NULL, '2019-10-30 09:00:38'),
(5182, 15, 15, 'users', NULL, 'Login', NULL, NULL, '2019-10-30 09:01:27'),
(5183, 15, 15, 'users', NULL, 'Login', NULL, NULL, '2019-10-30 09:02:07'),
(5184, 1, 1, 'users', NULL, 'Login', NULL, NULL, '2019-10-30 09:12:03'),
(5185, 89, 89, 'users', NULL, 'Login', NULL, NULL, '2019-10-30 09:15:20'),
(5186, 1, 1, 'users', NULL, 'Login', NULL, NULL, '2019-10-30 09:30:08'),
(5187, 11, 11, 'users', NULL, 'Login', NULL, NULL, '2019-10-30 09:32:39'),
(5188, 11, 11, 'users', NULL, 'Login', NULL, NULL, '2019-10-30 09:32:47'),
(5189, 11, 11, 'users', NULL, 'Login', NULL, NULL, '2019-10-30 09:33:05'),
(5190, 11, 11, 'users', NULL, 'Login', NULL, NULL, '2019-10-30 09:33:12'),
(5191, 11, 11, 'users', NULL, 'Login', NULL, NULL, '2019-10-30 09:34:11'),
(5192, 9, 9, 'users', NULL, 'Login', NULL, NULL, '2019-10-30 09:34:50'),
(5193, 1, 1, 'users', NULL, 'Login', NULL, NULL, '2019-10-30 09:35:53'),
(5194, 9, 9, 'users', NULL, 'Login', NULL, NULL, '2019-10-30 09:38:04'),
(5195, 15, 15, 'users', NULL, 'Login', NULL, NULL, '2019-10-30 09:38:52'),
(5196, 12, 12, 'users', NULL, 'Login', NULL, NULL, '2019-10-30 09:39:10'),
(5197, 12, 12, 'users', NULL, 'Login', NULL, NULL, '2019-10-30 09:39:42'),
(5198, 15, 15, 'users', NULL, 'Login', NULL, NULL, '2019-10-30 09:40:15'),
(5199, 15, 15, 'users', NULL, 'Login', NULL, NULL, '2019-10-30 09:40:31'),
(5200, 12, 12, 'users', NULL, 'Login', NULL, NULL, '2019-10-30 10:03:04'),
(5201, 89, 89, 'users', NULL, 'Login', NULL, NULL, '2019-10-30 10:04:19'),
(5202, 1, 1, 'users', NULL, 'Login', NULL, NULL, '2019-10-30 10:14:28'),
(5203, 89, 89, 'users', NULL, 'Login', NULL, NULL, '2019-10-30 10:22:17'),
(5204, 78, 89, 'gs', 'isTwofactorAUthenticationEnabled', 'update', '0', '1', '2019-10-30 10:22:45'),
(5205, 89, 89, 'users', NULL, 'Login', NULL, NULL, '2019-10-30 10:22:58'),
(5206, 89, 89, 'users', NULL, 'Login', NULL, NULL, '2019-10-30 10:24:26'),
(5207, 89, 89, 'users', NULL, 'Login', NULL, NULL, '2019-10-30 10:27:05'),
(5208, 89, 89, 'users', NULL, 'Login', NULL, NULL, '2019-10-30 10:27:52'),
(5209, 89, 89, 'users', NULL, 'Login', NULL, NULL, '2019-10-30 10:29:21'),
(5210, 78, 89, 'gs', 'isTwofactorAUthenticationEnabled', 'update', '1', '1', '2019-10-30 10:29:39'),
(5211, 89, 89, 'users', NULL, 'Login', NULL, NULL, '2019-10-30 10:29:48'),
(5212, 97, 97, 'users', NULL, 'register', NULL, NULL, '2019-10-30 10:31:14'),
(5213, 97, 97, 'users', NULL, 'Login', NULL, NULL, '2019-10-30 10:31:56'),
(5214, 15, 15, 'users', NULL, 'Login', NULL, NULL, '2019-10-30 10:35:30'),
(5215, 11, 11, 'users', NULL, 'Login', NULL, NULL, '2019-10-30 11:02:38'),
(5216, 89, 89, 'users', NULL, 'Login', NULL, NULL, '2019-10-30 11:08:03'),
(5217, 176, 89, 'assessments', NULL, 'create', NULL, NULL, '2019-10-30 11:09:23'),
(5218, 423, 89, 'attachments', NULL, 'create', NULL, NULL, '2019-10-30 11:09:37'),
(5219, 177, 89, 'assessments', NULL, 'create', NULL, NULL, '2019-10-30 11:12:55'),
(5220, 424, 89, 'attachments', NULL, 'create', NULL, NULL, '2019-10-30 11:21:42'),
(5221, 145, 89, 'requests', NULL, 'create', NULL, NULL, '2019-10-30 11:21:44'),
(5222, 196, 89, 'certificate', NULL, 'create', NULL, NULL, '2019-10-30 11:21:44'),
(5223, 424, 89, 'attachments', 'requestId', 'update', NULL, '145', '2019-10-30 11:21:44'),
(5224, 424, 89, 'attachments', 'isRepresentativeProof', 'update', '0', '0', '2019-10-30 11:21:44'),
(5225, 9, 9, 'users', NULL, 'Login', NULL, NULL, '2019-10-30 11:22:10'),
(5226, 9, 9, 'users', NULL, 'Login', NULL, NULL, '2019-10-30 11:22:14'),
(5227, 9, 9, 'users', NULL, 'Login', NULL, NULL, '2019-10-30 11:22:20'),
(5228, 9, 9, 'users', NULL, 'Login', NULL, NULL, '2019-10-30 11:22:26'),
(5229, 10, 10, 'users', NULL, 'Login', NULL, NULL, '2019-10-30 11:23:59'),
(5230, 10, 10, 'users', NULL, 'Login', NULL, NULL, '2019-10-30 11:24:19'),
(5231, 10, 10, 'users', NULL, 'Login', NULL, NULL, '2019-10-30 11:24:22'),
(5232, 9, 9, 'users', NULL, 'Login', NULL, NULL, '2019-10-30 11:24:59'),
(5233, 9, 9, 'users', NULL, 'Login', NULL, NULL, '2019-10-30 11:25:06'),
(5234, 9, 9, 'users', NULL, 'Login', NULL, NULL, '2019-10-30 11:25:08'),
(5235, 89, 89, 'users', NULL, 'Login', NULL, NULL, '2019-10-30 11:25:25'),
(5236, 9, 9, 'users', NULL, 'Login', NULL, NULL, '2019-10-30 11:26:19'),
(5237, 9, 9, 'users', NULL, 'Login', NULL, NULL, '2019-10-30 11:27:12'),
(5238, 145, 9, 'requests', 'statusId', 'update', 'معين لموظف', 'تتم المراجعه الان', '2019-10-30 11:27:27'),
(5239, 145, 9, 'requests', 'openedByEmployeeId', 'update', NULL, '5', '2019-10-30 11:27:27'),
(5240, 89, 89, 'users', NULL, 'Login', NULL, NULL, '2019-10-30 11:27:37'),
(5241, 145, 9, 'requests', 'isOriginalsReceived', 'update', '0', '1', '2019-10-30 11:27:53'),
(5242, 145, 9, 'requests', 'statusId', 'update', 'تتم المراجعه الان', 'موافقة', '2019-10-30 11:28:19'),
(5243, 11, 11, 'users', NULL, 'Login', NULL, NULL, '2019-10-30 11:28:48'),
(5244, 10, 10, 'users', NULL, 'Login', NULL, NULL, '2019-10-30 11:29:57'),
(5245, 9, 9, 'users', NULL, 'Login', NULL, NULL, '2019-10-30 11:31:09'),
(5246, 10, 10, 'users', NULL, 'Login', NULL, NULL, '2019-10-30 11:32:16'),
(5247, 11, 11, 'users', NULL, 'Login', NULL, NULL, '2019-10-30 11:32:49'),
(5248, 145, 11, 'requests', 'statusId', 'update', 'تأكيد الموافقة	\r\n', 'صحيح', '2019-10-30 11:33:04'),
(5249, 145, 11, 'requests', 'isChamberMember', 'update', '0', '1', '2019-10-30 11:33:04'),
(5250, 145, 11, 'requests', 'isSubscriptionFeesPaid', 'update', '0', '1', '2019-10-30 11:33:04'),
(5251, 145, 11, 'requests', 'statusId', 'update', 'صحيح', 'جاهز', '2019-10-30 11:33:27'),
(5252, 89, 89, 'users', NULL, 'Login', NULL, NULL, '2019-10-30 11:33:46'),
(5253, 11, 11, 'users', NULL, 'Login', NULL, NULL, '2019-10-30 11:34:17'),
(5254, 89, 89, 'users', NULL, 'Login', NULL, NULL, '2019-10-30 11:34:49'),
(5255, 89, 89, 'users', NULL, 'Login', NULL, NULL, '2019-10-30 11:36:04'),
(5256, 1, 1, 'users', NULL, 'Login', NULL, NULL, '2019-10-30 11:37:41'),
(5257, 15, 15, 'users', NULL, 'Login', NULL, NULL, '2019-10-30 11:37:55'),
(5258, 11, 11, 'users', NULL, 'Login', NULL, NULL, '2019-10-30 11:52:11'),
(5259, 89, 89, 'users', NULL, 'Login', NULL, NULL, '2019-10-30 11:53:05'),
(5260, 78, 89, 'gs', 'isTwofactorAUthenticationEnabled', 'update', '1', '0', '2019-10-30 11:54:29'),
(5261, 89, 89, 'users', NULL, 'Login', NULL, NULL, '2019-10-30 11:55:13'),
(5262, 71, 89, 'certificateCopyRequest', NULL, 'create', NULL, NULL, '2019-10-30 11:59:13'),
(5263, 72, 89, 'certificateCopyRequest', NULL, 'create', NULL, NULL, '2019-10-30 11:59:56'),
(5264, 10, 10, 'users', NULL, 'Login', NULL, NULL, '2019-10-30 12:14:45'),
(5265, 9, 9, 'users', NULL, 'Login', NULL, NULL, '2019-10-30 12:19:09'),
(5266, 11, 11, 'users', NULL, 'Login', NULL, NULL, '2019-10-30 12:21:04'),
(5267, 13, 13, 'users', NULL, 'Login', NULL, NULL, '2019-10-30 12:25:18'),
(5268, 14, 14, 'users', NULL, 'Login', NULL, NULL, '2019-10-30 12:27:18'),
(5269, 89, 89, 'users', NULL, 'Login', NULL, NULL, '2019-10-30 12:31:06'),
(5270, 1, 1, 'users', NULL, 'Login', NULL, NULL, '2019-10-30 12:35:34'),
(5271, 89, 89, 'users', NULL, 'Login', NULL, NULL, '2019-10-30 12:38:54'),
(5272, 89, 89, 'users', NULL, 'Login', NULL, NULL, '2019-10-30 12:42:39'),
(5273, 15, 15, 'users', NULL, 'Login', NULL, NULL, '2019-10-30 13:37:55'),
(5274, 15, 15, 'users', NULL, 'Login', NULL, NULL, '2019-10-30 15:14:33'),
(5275, 1, 1, 'users', NULL, 'Login', NULL, NULL, '2019-10-30 15:55:07'),
(5276, 11, 11, 'users', NULL, 'Login', NULL, NULL, '2019-10-30 15:56:06'),
(5277, 11, 11, 'users', NULL, 'Login', NULL, NULL, '2019-10-30 17:15:33'),
(5278, 15, 15, 'users', NULL, 'Login', NULL, NULL, '2019-10-30 17:16:29'),
(5279, 146, 15, 'requests', NULL, 'create', NULL, NULL, '2019-10-30 17:16:42'),
(5280, 178, 15, 'assessment', NULL, 'create', NULL, NULL, '2019-10-30 17:16:42'),
(5281, 197, 15, 'certificate', NULL, 'create', NULL, NULL, '2019-10-30 17:16:42'),
(5282, 147, 15, 'requests', NULL, 'create', NULL, NULL, '2019-10-30 17:20:25'),
(5283, 179, 15, 'assessment', NULL, 'create', NULL, NULL, '2019-10-30 17:20:25'),
(5284, 198, 15, 'certificate', NULL, 'create', NULL, NULL, '2019-10-30 17:20:25'),
(5285, 147, 15, 'requests', 'statusId', 'update', 'مسودة', 'جديد', '2019-10-30 17:20:34'),
(5286, 427, 15, 'attachments', 'requestId', 'update', '147', NULL, '2019-10-30 17:20:34'),
(5287, 427, 15, 'attachments', 'isRepresentativeProof', 'update', '0', '0', '2019-10-30 17:20:34'),
(5288, 428, 15, 'attachments', 'requestId', 'update', '147', NULL, '2019-10-30 17:20:34'),
(5289, 428, 15, 'attachments', 'isRepresentativeProof', 'update', '0', '0', '2019-10-30 17:20:34'),
(5290, 427, 15, 'attachments', 'requestId', 'update', NULL, '147', '2019-10-30 17:20:34'),
(5291, 427, 15, 'attachments', 'isRepresentativeProof', 'update', '0', '0', '2019-10-30 17:20:34'),
(5292, 428, 15, 'attachments', 'requestId', 'update', NULL, '147', '2019-10-30 17:20:34'),
(5293, 428, 15, 'attachments', 'isRepresentativeProof', 'update', '0', '0', '2019-10-30 17:20:34'),
(5294, 10, 10, 'users', NULL, 'Login', NULL, NULL, '2019-10-30 17:21:46'),
(5295, 147, 10, 'requests', 'employeeId', 'update', '41', '5', '2019-10-30 17:22:02'),
(5296, 9, 9, 'users', NULL, 'Login', NULL, NULL, '2019-10-30 17:22:23'),
(5297, 147, 9, 'requests', 'statusId', 'update', 'معين لموظف', 'تتم المراجعه الان', '2019-10-30 17:23:25'),
(5298, 147, 9, 'requests', 'statusId', 'update', 'تتم المراجعه الان', 'موافقة', '2019-10-30 17:23:39'),
(5299, 11, 11, 'users', NULL, 'Login', NULL, NULL, '2019-10-30 17:23:57'),
(5300, 11, 11, 'users', NULL, 'Login', NULL, NULL, '2019-10-30 17:47:04'),
(5301, 15, 15, 'users', NULL, 'Login', NULL, NULL, '2019-10-30 17:47:34'),
(5302, 11, 11, 'users', NULL, 'Login', NULL, NULL, '2019-10-30 19:20:06'),
(5303, 11, 11, 'users', NULL, 'Login', NULL, NULL, '2019-10-30 19:23:22'),
(5304, 1, 1, 'users', NULL, 'Login', NULL, NULL, '2019-10-30 19:26:55'),
(5305, 1, 1, 'users', NULL, 'Login', NULL, NULL, '2019-10-31 07:41:36'),
(5306, 15, 15, 'users', NULL, 'Login', NULL, NULL, '2019-10-31 07:43:51'),
(5307, 89, 89, 'users', NULL, 'Login', NULL, NULL, '2019-10-31 07:50:17'),
(5308, 15, 15, 'users', NULL, 'Login', NULL, NULL, '2019-10-31 09:40:12'),
(5309, 1, 1, 'users', NULL, 'Login', NULL, NULL, '2019-10-31 10:54:06'),
(5310, 11, 11, 'users', NULL, 'Login', NULL, NULL, '2019-10-31 10:56:44'),
(5311, 72, 11, 'certificateCopyRequest', 'isChamberMember', 'update', '0', '1', '2019-10-31 10:57:02'),
(5312, 72, 11, 'certificateCopyRequest', 'isSubscriptionFeesPaid', 'update', '0', '1', '2019-10-31 10:57:02'),
(5313, 72, 11, 'certificateCopyRequest', 'isIssued', 'update', '0', '1', '2019-10-31 10:57:06'),
(5314, 72, 11, 'certificateCopyRequest', 'issueDate', 'update', NULL, '2019-10-27 10:25:39', '2019-10-31 10:57:06'),
(5315, 89, 89, 'users', NULL, 'Login', NULL, NULL, '2019-10-31 11:00:14'),
(5316, 73, 89, 'certificateCopyRequest', NULL, 'create', NULL, NULL, '2019-10-31 11:00:30'),
(5317, 11, 11, 'users', NULL, 'Login', NULL, NULL, '2019-10-31 11:00:47'),
(5318, 73, 11, 'certificateCopyRequest', 'isChamberMember', 'update', '0', '1', '2019-10-31 11:01:04'),
(5319, 73, 11, 'certificateCopyRequest', 'isSubscriptionFeesPaid', 'update', '0', '1', '2019-10-31 11:01:04'),
(5320, 73, 11, 'certificateCopyRequest', 'isIssued', 'update', '0', '1', '2019-10-31 11:01:06'),
(5321, 73, 11, 'certificateCopyRequest', 'issueDate', 'update', NULL, '2019-10-27 10:25:39', '2019-10-31 11:01:06'),
(5322, 11, 11, 'users', NULL, 'Login', NULL, NULL, '2019-10-31 11:01:40'),
(5323, 11, 11, 'users', NULL, 'Login', NULL, NULL, '2019-10-31 11:03:18'),
(5324, 71, 11, 'certificateCopyRequest', 'isChamberMember', 'update', '0', '1', '2019-10-31 11:04:15'),
(5325, 71, 11, 'certificateCopyRequest', 'isSubscriptionFeesPaid', 'update', '0', '1', '2019-10-31 11:04:15'),
(5326, 71, 11, 'certificateCopyRequest', 'isIssued', 'update', '0', '1', '2019-10-31 11:04:19'),
(5327, 71, 11, 'certificateCopyRequest', 'issueDate', 'update', NULL, '2019-10-27 10:07:25', '2019-10-31 11:04:19'),
(5328, 9, 9, 'users', NULL, 'Login', NULL, NULL, '2019-10-31 11:13:08'),
(5329, 11, 11, 'users', NULL, 'Login', NULL, NULL, '2019-10-31 11:17:30'),
(5330, 11, 11, 'users', NULL, 'Login', NULL, NULL, '2019-10-31 14:52:17'),
(5331, 1, 1, 'users', NULL, 'Login', NULL, NULL, '2019-11-04 09:32:01'),
(5332, 11, 11, 'users', NULL, 'Login', NULL, NULL, '2019-11-04 09:33:05'),
(5333, 1, 1, 'users', NULL, 'Login', NULL, NULL, '2019-11-04 09:56:12'),
(5334, 14, 14, 'users', NULL, 'Login', NULL, NULL, '2019-11-04 09:58:07'),
(5335, 13, 13, 'users', NULL, 'Login', NULL, NULL, '2019-11-04 09:58:32'),
(5336, 11, 11, 'users', NULL, 'Login', NULL, NULL, '2019-11-04 10:00:04'),
(5337, 15, 15, 'users', NULL, 'Login', NULL, NULL, '2019-11-04 10:12:34'),
(5338, 11, 11, 'users', NULL, 'Login', NULL, NULL, '2019-11-04 10:59:44'),
(5339, 11, 11, 'users', NULL, 'Login', NULL, NULL, '2019-11-04 12:34:21'),
(5340, 11, 11, 'users', NULL, 'Login', NULL, NULL, '2019-11-04 13:24:12'),
(5341, 1, 1, 'users', NULL, 'Login', NULL, NULL, '2019-11-04 14:08:37'),
(5342, 15, 15, 'users', NULL, 'Login', NULL, NULL, '2019-11-04 15:02:34'),
(5343, 11, 11, 'users', NULL, 'Login', NULL, NULL, '2019-11-04 15:02:49'),
(5344, 11, 11, 'users', NULL, 'Login', NULL, NULL, '2019-11-04 15:55:20'),
(5345, 1, 1, 'users', NULL, 'Login', NULL, NULL, '2019-11-04 16:44:41'),
(5346, 1, 1, 'users', NULL, 'Login', NULL, NULL, '2019-11-04 18:04:42'),
(5347, 1, 1, 'users', NULL, 'Login', NULL, NULL, '2019-11-07 09:25:12'),
(5348, 15, 15, 'users', NULL, 'Login', NULL, NULL, '2019-11-07 09:25:35'),
(5349, 15, 15, 'users', NULL, 'Login', NULL, NULL, '2019-11-07 09:35:51'),
(5350, 98, 98, 'users', NULL, 'register', NULL, NULL, '2019-11-07 09:41:44'),
(5351, 98, 98, 'users', NULL, 'Login', NULL, NULL, '2019-11-07 09:42:09'),
(5352, 99, 99, 'users', NULL, 'register', NULL, NULL, '2019-11-10 08:10:22'),
(5353, 89, 89, 'users', NULL, 'Login', NULL, NULL, '2019-11-10 08:26:49'),
(5354, 89, 89, 'users', NULL, 'Login', NULL, NULL, '2019-11-10 08:32:12'),
(5355, 10, 10, 'users', NULL, 'Login', NULL, NULL, '2019-11-10 08:39:01'),
(5356, 1, 1, 'users', NULL, 'Login', NULL, NULL, '2019-11-10 08:39:34'),
(5357, 1, 1, 'users', NULL, 'Login', NULL, NULL, '2019-11-10 08:50:31'),
(5358, 11, 11, 'users', NULL, 'Login', NULL, NULL, '2019-11-10 09:51:46'),
(5359, 1, 1, 'users', NULL, 'Login', NULL, NULL, '2019-11-10 10:19:18'),
(5360, 1, 1, 'users', NULL, 'Login', NULL, NULL, '2019-11-10 10:39:33'),
(5361, 11, 11, 'users', NULL, 'Login', NULL, NULL, '2019-11-10 10:49:52'),
(5362, 1, 1, 'users', NULL, 'Login', NULL, NULL, '2019-11-10 12:35:22'),
(5363, 1, 1, 'users', NULL, 'Login', NULL, NULL, '2019-11-10 12:54:32'),
(5364, 1, 1, 'users', NULL, 'Login', NULL, NULL, '2019-11-10 13:41:41'),
(5365, 11, 11, 'users', NULL, 'Login', NULL, NULL, '2019-11-10 13:46:13'),
(5366, 11, 11, 'users', NULL, 'Login', NULL, NULL, '2019-11-10 13:46:51'),
(5367, 1, 1, 'users', NULL, 'Login', NULL, NULL, '2019-11-10 14:20:53'),
(5368, 1, 1, 'users', NULL, 'Login', NULL, NULL, '2019-11-10 14:48:30'),
(5369, 11, 11, 'users', NULL, 'Login', NULL, NULL, '2019-11-10 16:43:42');

-- --------------------------------------------------------

--
-- Table structure for table `migrations`
--

CREATE TABLE `migrations` (
  `id` int(10) UNSIGNED NOT NULL,
  `migration` varchar(255) COLLATE utf8mb4_unicode_ci NOT NULL,
  `batch` int(11) NOT NULL
) ENGINE=InnoDB DEFAULT CHARSET=utf8mb4 COLLATE=utf8mb4_unicode_ci;

--
-- Dumping data for table `migrations`
--

INSERT INTO `migrations` (`id`, `migration`, `batch`) VALUES
(3, '2019_10_10_104928_create_trusted_devices_table', 2),
(6, '2019_10_10_111616_add_coulmns_to_users', 3);

-- --------------------------------------------------------

--
-- Table structure for table `old_certificates`
--

CREATE TABLE `old_certificates` (
  `id` varchar(30) COLLATE utf8mb4_unicode_ci NOT NULL,
  `certificateTypeId` tinyint(3) UNSIGNED NOT NULL,
  `companyName` varchar(255) COLLATE utf8mb4_unicode_ci NOT NULL,
  `companyActivity` varchar(255) COLLATE utf8mb4_unicode_ci NOT NULL,
  `productName` varchar(255) COLLATE utf8mb4_unicode_ci NOT NULL,
  `copy` int(10) UNSIGNED NOT NULL,
  `companyAddress` varchar(255) COLLATE utf8mb4_unicode_ci NOT NULL,
  `companyCity` varchar(50) COLLATE utf8mb4_unicode_ci NOT NULL,
  `companyRegNo` varchar(255) COLLATE utf8mb4_unicode_ci NOT NULL,
  `localPercentage` double NOT NULL,
  `manufacturingByOthers` tinyint(4) NOT NULL,
  `manufacturingCompanyName` text COLLATE utf8mb4_unicode_ci NOT NULL,
  `manufacturingCompanyIndustrialRegistry` varchar(255) COLLATE utf8mb4_unicode_ci NOT NULL,
  `executiveManagerName` varchar(255) COLLATE utf8mb4_unicode_ci NOT NULL,
  `issueYear` smallint(5) UNSIGNED DEFAULT NULL,
  `startDate` timestamp NULL DEFAULT NULL,
  `endDate` timestamp NULL DEFAULT NULL,
  `created_at` timestamp NULL DEFAULT NULL,
  `updated_at` timestamp NULL DEFAULT NULL
) ENGINE=InnoDB DEFAULT CHARSET=utf8mb4 COLLATE=utf8mb4_unicode_ci;

--
-- Dumping data for table `old_certificates`
--

INSERT INTO `old_certificates` (`id`, `certificateTypeId`, `companyName`, `companyActivity`, `productName`, `copy`, `companyAddress`, `companyCity`, `companyRegNo`, `localPercentage`, `manufacturingByOthers`, `manufacturingCompanyName`, `manufacturingCompanyIndustrialRegistry`, `executiveManagerName`, `issueYear`, `startDate`, `endDate`, `created_at`, `updated_at`) VALUES
('EXP-2', 1, 'Carrier', 'Air Conditioning', 'Carrier', 8, '125 Maryoutya', 'Cairotty', '87451', 99.99, 1, 'شركة المحلة الكبرى للغزل والنسيج', '84550', 'Hossam Hassan', 2019, '2017-07-14 22:00:00', '2017-12-31 22:00:00', '2019-09-21 22:00:00', '2019-09-25 22:00:00'),
('LAW5-1', 2, 'Ikea', 'Fourniture', 'Chair', 5, 'الجيزة القاهرة ', 'Giza', '12321', 58.8, 1, 'شركة المحلة الكبرى للغزل والنسيج', '321312', 'Ahmed Hassan', 2016, '2018-09-01 22:00:00', '2019-09-01 22:00:00', '2019-09-21 22:00:00', '2019-09-22 22:00:00');

-- --------------------------------------------------------

--
-- Table structure for table `representative_types`
--

CREATE TABLE `representative_types` (
  `id` int(11) NOT NULL,
  `nameEn` varchar(255) COLLATE utf8mb4_unicode_ci NOT NULL,
  `nameAr` varchar(255) COLLATE utf8mb4_unicode_ci NOT NULL,
  `key` varchar(255) COLLATE utf8mb4_unicode_ci NOT NULL,
  `needAttachment` tinyint(1) NOT NULL
) ENGINE=InnoDB DEFAULT CHARSET=utf8mb4 COLLATE=utf8mb4_unicode_ci;

--
-- Dumping data for table `representative_types`
--

INSERT INTO `representative_types` (`id`, `nameEn`, `nameAr`, `key`, `needAttachment`) VALUES
(1, 'concerned person', 'صاحب الشأن', 'Concerned_person', 0),
(2, 'representative', 'وكيل', 'Representative', 1),
(3, 'delegate', 'مفوض', 'Delegate', 1);

-- --------------------------------------------------------

--
-- Table structure for table `requests`
--

CREATE TABLE `requests` (
  `id` bigint(20) UNSIGNED NOT NULL,
  `statusId` int(10) UNSIGNED DEFAULT NULL,
  `applicantId` int(10) UNSIGNED DEFAULT NULL,
  `assessmentId` int(10) UNSIGNED DEFAULT NULL,
  `employeeId` int(10) UNSIGNED DEFAULT NULL,
  `sectorId` int(10) UNSIGNED DEFAULT NULL,
  `sectionId` int(10) UNSIGNED DEFAULT NULL,
  `openedByEmployeeId` int(11) DEFAULT NULL,
  `chamberMemberNumber` varchar(255) COLLATE utf8mb4_unicode_ci NOT NULL,
  `representativeTelephone` varchar(255) COLLATE utf8mb4_unicode_ci NOT NULL,
  `representativeMobile` varchar(255) COLLATE utf8mb4_unicode_ci NOT NULL,
  `representativeFax` varchar(255) COLLATE utf8mb4_unicode_ci DEFAULT NULL,
  `representativeEmail` varchar(255) COLLATE utf8mb4_unicode_ci NOT NULL,
  `representativeName` varchar(255) COLLATE utf8mb4_unicode_ci NOT NULL,
  `representativeNationalId` varchar(255) COLLATE utf8mb4_unicode_ci NOT NULL,
  `representativeTypeId` int(11) NOT NULL,
  `representativeDelegationNumber` varchar(255) COLLATE utf8mb4_unicode_ci NOT NULL,
  `representativeDelegationIssuedBy` varchar(255) COLLATE utf8mb4_unicode_ci NOT NULL,
  `representativeMailingAddress` varchar(255) COLLATE utf8mb4_unicode_ci NOT NULL,
  `industrialRegistry` varchar(255) COLLATE utf8mb4_unicode_ci NOT NULL,
  `isOriginalsReceived` tinyint(1) NOT NULL DEFAULT '0',
  `isChamberMember` tinyint(1) NOT NULL DEFAULT '0',
  `isSubscriptionFeesPaid` tinyint(1) NOT NULL DEFAULT '0',
  `isIDAFeesPaid` tinyint(1) NOT NULL DEFAULT '0',
  `isFEIFeesPaid` tinyint(1) NOT NULL DEFAULT '0',
  `isRenewal` tinyint(1) NOT NULL DEFAULT '0',
  `originalRequestId` int(11) DEFAULT NULL,
  `isDeleted` tinyint(1) NOT NULL DEFAULT '0',
  `deleted_at` timestamp NULL DEFAULT NULL,
  `created_at` timestamp NULL DEFAULT NULL,
  `updated_at` timestamp NULL DEFAULT NULL
) ENGINE=InnoDB DEFAULT CHARSET=utf8mb4 COLLATE=utf8mb4_unicode_ci;

--
-- Dumping data for table `requests`
--

INSERT INTO `requests` (`id`, `statusId`, `applicantId`, `assessmentId`, `employeeId`, `sectorId`, `sectionId`, `openedByEmployeeId`, `chamberMemberNumber`, `representativeTelephone`, `representativeMobile`, `representativeFax`, `representativeEmail`, `representativeName`, `representativeNationalId`, `representativeTypeId`, `representativeDelegationNumber`, `representativeDelegationIssuedBy`, `representativeMailingAddress`, `industrialRegistry`, `isOriginalsReceived`, `isChamberMember`, `isSubscriptionFeesPaid`, `isIDAFeesPaid`, `isFEIFeesPaid`, `isRenewal`, `originalRequestId`, `isDeleted`, `deleted_at`, `created_at`, `updated_at`) VALUES
(16, 12, 1, 1, 5, 2, 1, 5, '', '01021952160', '01021952160', '123', 'mahmoud@gmail.com', 'محمود محمد محمد', '131802273', 3, '123', 'القاهره', 'القاهره', '123', 1, 1, 1, 1, 1, 0, NULL, 0, NULL, '2019-06-18 17:45:11', '2019-06-18 18:18:52'),
(17, 12, 2, 2, 5, 2, 1, 5, '', '01234567890', '01234567890', '01234567890', 'dev@orchtech.com', 'user 1', '29966885554422331', 1, '', '', 'dokki', '555', 1, 1, 1, 1, 1, 0, NULL, 0, NULL, '2019-06-19 13:52:49', '2019-06-24 15:58:01'),
(18, 12, 4, 4, 5, 3, 1, 5, '', '01021952160', '01021952160', '2121', 'mohamed.khairy@gmail.com', 'محمد خيري', '29403131802273', 1, '', '', 'الاسكندريه', '1203', 1, 1, 1, 1, 1, 0, NULL, 0, NULL, '2019-06-20 16:23:11', '2019-09-16 17:33:16'),
(19, 12, 1, 5, 5, 2, 1, 5, '123', '01021952160', '01021952160', '121345', 'IDAEmployee@example.com', 'محمد', '235469877', 1, '', '', 'مصر', '12345', 1, 1, 1, 1, 1, 0, NULL, 0, NULL, '2019-06-24 10:32:17', '2019-06-27 11:31:53'),
(20, 5, 11, 15, 5, 4, 1, 5, '121524', '01021952160', '01021952160', '12345', 'mohamed@mdm', 'mohamed', '12456789', 1, '', '', 'الجيزه', 'test', 1, 0, 0, 0, 0, 0, NULL, 0, NULL, '2019-06-26 15:04:42', '2019-07-15 16:25:56'),
(21, 12, 5, 17, 18, 3, 1, 18, '123456', '01021952160', '01021952160', '12345', 'mohamed.khairy@gmail.com', 'mohamed khairy', '012145745225', 3, '21545', 'alex', 'alexandaria', '12345', 1, 1, 1, 1, 1, 0, NULL, 0, NULL, '2019-06-27 12:37:02', '2019-06-27 14:26:10'),
(22, 12, 7, 18, 5, 6, 1, 5, '1322', '012344445555', '012344445555', '', 'hr@rabya.com', 'كريم محمد اسماعيل', '125689765432', 1, '', '', 'مكتب رقم 25 الدور الثالث - شارع الدقى - الجيزه', '9000004532', 1, 1, 1, 1, 1, 0, NULL, 0, NULL, '2019-06-27 16:24:07', '2019-07-02 09:56:17'),
(23, 12, 1, 3, 5, 1, 1, 5, '123', '12345678911', '01234567890', '', 'applicant@example.com', 'asd', '123456789465789', 1, '', '', 'asd', 'asd', 1, 1, 1, 1, 1, 0, NULL, 0, NULL, '2019-07-01 14:25:15', '2019-07-01 16:54:23'),
(24, 3, 7, 19, 5, 7, 1, 5, '12234555', '12644345678', '01234567859', '', 'hr@rabya.com', 'حسن حسنى', '132456789876', 1, '', '', '25 شارع طارق حسني - حلميه الزيتون', '1213', 1, 0, 0, 0, 0, 0, NULL, 0, NULL, '2019-07-01 15:05:18', '2019-10-12 14:49:00'),
(25, 12, 7, 20, 18, 7, 1, 5, '12345', '0198765433445', '0198765433445', '', 'hr@rabya.com', 'احمد عادل عبد الحليم محمد', '234556778899087', 1, '', '', '15 شارع عبداله بالخير - الدقي', '12334556', 1, 1, 1, 1, 1, 0, NULL, 0, NULL, '2019-07-01 15:52:03', '2019-07-02 14:09:00'),
(26, 12, 7, 22, 5, 7, 1, 5, '12234', '12345677887666', '34243535435', '', 'hr@rabya.com', 'احمد عبد الحليم', '2324343333354', 1, '', '', 'rana.sabra@orchtech.com', '12334', 1, 1, 1, 1, 1, 0, NULL, 0, NULL, '2019-07-01 16:00:05', '2019-09-10 11:21:15'),
(27, 3, 1, 25, 18, 3, 1, 18, '123455', '123456789456', '01021952160', '', 'IDAEmployee@example.com', 'mohamed', '12345678', 1, '', '', 'tttt', '1555', 1, 0, 0, 0, 0, 0, NULL, 0, NULL, '2019-07-01 18:35:04', '2019-10-12 14:49:00'),
(28, 12, 1, 26, 18, 2, 1, 5, '12345', '01021952160', '010219652160', '', 'FEIEmployee@example.com', 'TEST', '17865665656666', 1, '', '', 'test', '24545', 1, 1, 0, 1, 1, 0, NULL, 0, NULL, '2019-07-01 18:39:36', '2019-07-18 18:29:17'),
(29, 12, 4, 14, 18, 1, 1, 5, '123345', '01021952160', '01021952160', '123', 'test@ttttttt.com', 'mohamed.khairy', '1245578966325', 1, '', '', 'alex', '12345', 1, 1, 1, 1, 1, 0, NULL, 0, NULL, '2019-07-02 11:09:45', '2019-09-06 11:30:53'),
(30, 12, 7, 27, 18, 1, 1, 21, '12345', '12345678', '01234567891', '', 'hr@rabya.com', 'Rana Mohamed Hamed', '1989093154678939', 1, '', '', '25 Ahmed Fahmy street - Dokki - Giza - Egypt', 'RM123456', 1, 1, 1, 1, 1, 0, NULL, 0, NULL, '2019-07-03 10:31:11', '2019-07-04 10:42:11'),
(31, 12, 1, 9, 5, 1, 1, 5, '123', '01234567890', '01234567890', '01234567890', 'test@mail.com', 'test', '1234567891012', 1, '', '', 'Cairo', '123', 1, 1, 1, 1, 1, 0, NULL, 0, NULL, '2019-07-05 14:30:49', '2019-09-16 09:50:43'),
(32, 12, 1, 6, 5, 1, 1, 5, '123', '12312312311', '123123123123123', '12312323232', 'test@testmail.com', 'asd', '123123123123123', 1, '', '', '123', '456', 1, 1, 0, 1, 1, 0, NULL, 0, NULL, '2019-07-05 14:37:21', '2019-07-21 17:44:39'),
(33, 12, 7, 32, 18, 2, 1, 21, '123455', '02345678', '01234567890', '', 'hr@rabya.com', 'كريم محمد اسماعيل', '112354556677889767', 1, '', '', '6 شارع 9 المعادى - جيزه - القاهره', '123454', 1, 1, 0, 1, 1, 0, NULL, 0, NULL, '2019-07-14 15:22:07', '2019-07-14 15:53:28'),
(34, 12, 4, 36, 5, 2, 1, 5, '1234', '01021952160', '01021952160', '123', 'mohamed.khairy.eg@gmail.com', 'محمد', '29403131802273', 3, '1234', 'القاهره', 'الجيزه', '1245789', 1, 1, 1, 1, 1, 0, NULL, 0, NULL, '2019-07-16 17:45:47', '2019-07-16 17:51:38'),
(35, 12, 7, 38, 28, 1, 1, 5, '1990', '23456789', '01238456789', '', 'hr@rabya.com', 'محمد محمود', '19897654321456789', 1, '', '', '25 شارع الحريه - المعادى - جيزه', '12334', 1, 1, 1, 1, 1, 0, NULL, 0, NULL, '2019-07-21 10:05:56', '2019-07-22 09:54:40'),
(36, 12, 7, 40, 28, 1, 1, 21, '1234', '23456789', '012345678905', '', 'hr@rabya.com', 'احمد محمد', '123234434', 1, '', '', '25 شارع الجريه', '123', 1, 1, 0, 1, 1, 0, NULL, 0, NULL, '2019-07-21 12:50:15', '2019-07-21 15:25:45'),
(37, 12, 1, 41, 5, 2, 1, 5, '6646', '0123456789', '01234567890', '', 'asdasd@asasd.asdasd', 'asd', '12345678946546', 1, '', '', 'asd', 'asdasd', 1, 1, 1, 1, 1, 0, NULL, 0, NULL, '2019-07-21 14:50:36', '2019-07-21 15:06:16'),
(38, 12, 1, 8, 5, 1, 1, 5, '1323213', '01234567890', '01234567890', '', 'Admiasdn@example.com', 'asd', '132456798', 1, '', '', 'IDAssssManager@example.com', 'asd', 1, 1, 1, 1, 1, 0, NULL, 0, NULL, '2019-07-21 15:11:10', '2019-07-21 15:14:52'),
(39, 12, 1, 43, 5, 2, 1, 5, '12345667', '12335656', '01234566789', '', 'appliacnt@example.com', 'ahmed', '12345678787', 1, '', '', '12 horya street', '1213', 1, 1, 0, 1, 1, 0, NULL, 0, NULL, '2019-07-21 15:32:01', '2019-07-21 15:42:27'),
(40, 12, 5, 10, 18, 2, 1, 5, '12345', '01021952160', '01021952160', '12345', 'FEIEmployee@example.com', 'mohamed ', '2789546321', 1, '', '', 'test', 'test', 1, 1, 1, 1, 1, 0, NULL, 0, NULL, '2019-07-21 15:49:42', '2019-09-17 16:30:19'),
(41, 12, 1, 45, 5, 2, 1, 5, '12312312311', '23445567', '012345786789', '', 'APPLICANT@EXAMPLE.COM', 'aHMED mOHAMED', '123445667', 1, '', '', '24 HORYA STREET', '12344', 1, 1, 1, 1, 1, 0, NULL, 0, NULL, '2019-07-21 16:56:05', '2019-07-21 17:04:35'),
(42, 12, 16, 48, 5, 1, 1, 5, '12334', '578676575', '6867867686867', '', 'marwa.chehata@orchtech.com', 'Ahmed', '6565', 1, '', '', '575', '1234', 1, 1, 0, 1, 1, 0, NULL, 0, NULL, '2019-07-21 18:43:02', '2019-07-21 19:04:25'),
(43, 12, 16, 47, 28, 2, 1, 5, '12334', '565675764', '7656675765677', '56', 'MARWA.CHEHATA@ORCHTECH.COM', '1414', '6465454', 1, '', '', '564', '131', 1, 1, 1, 1, 1, 0, NULL, 0, NULL, '2019-07-21 19:00:09', '2019-07-22 00:01:50'),
(44, 5, 1, 51, 28, 1, 1, 5, '1231323', '013213213123', '012356464655', '', 'asdasdasdad@example.com', 'asd', '33232168765443', 1, '', '', 'asd', 'asd', 1, 0, 0, 0, 0, 0, NULL, 0, NULL, '2019-07-21 20:12:22', '2019-09-30 11:21:16'),
(45, 9, 17, 53, 5, 1, 1, 5, '2112365', '01021952160', '01021952160', '1235', 'mo@test.com', 'test', '2123343343482', 2, '574545', 'test', 'testq', '2121', 1, 1, 0, 1, 1, 0, NULL, 0, NULL, '2019-07-22 09:45:19', '2019-08-15 09:12:27'),
(46, 12, 7, 55, 28, 1, 5, 5, '123456', '0234567892', '0123456788998', '', 'hr@rabya.com', 'ahmed', '67565765765765', 1, '', '', '25 horya street', '4345', 1, 1, 0, 1, 1, 0, NULL, 0, NULL, '2019-07-22 11:27:16', '2019-07-22 11:51:45'),
(47, 9, 19, 57, 5, 2, 5, 5, '123455', '65656565', '656565656565', '565', 'ibrahim.fathy@orchtech.com', '8ttt', '12345667888766', 1, '', '', 'hgdhghg', '434', 1, 1, 0, 1, 1, 0, NULL, 0, NULL, '2019-08-26 11:43:26', '2019-08-29 15:39:51'),
(48, 12, 20, 58, 28, 1, 5, 5, '123154', '01232332545', '01231231554', '0212313564', 'jhghjj@t.e', 'Soliman', '123123315', 1, '', '', 'jkhjk@h.d', '321231', 1, 1, 1, 1, 1, 0, NULL, 0, NULL, '2019-08-28 11:10:09', '2019-08-28 11:15:32'),
(52, 13, 20, 66, 28, 1, 5, 5, '123154', '01232332545', '01231231554', '0212313564', 'jhghjj@t.e', 'Soliman', '123123315', 1, '', '', 'jkhjk@h.d', '321231', 1, 1, 1, 1, 1, 0, 48, 0, NULL, '2019-09-02 00:36:54', '2019-09-02 00:36:54'),
(53, 13, 20, 67, 28, 1, 5, 5, '123154', '01232332545', '01231231554', '0212313564', 'jhghjj@t.e', 'Soliman', '123123315', 1, '', '', 'jkhjk@h.d', '321231', 1, 1, 1, 1, 1, 0, 48, 0, NULL, '2019-09-02 19:42:39', '2019-09-02 19:42:39'),
(54, 13, 1, 68, 5, 2, 1, 5, '12345667', '12335656', '01234566789', '', 'appliacnt@example.com', 'ahmed', '12345678787', 1, '', '', '12 horya street', '1213', 1, 1, 0, 1, 1, 1, 39, 0, NULL, '2019-09-08 10:14:30', '2019-09-08 10:14:30'),
(55, 13, 1, 69, 5, 2, 1, 5, '12345667', '12335656', '01234566789', '', 'appliacnt@example.com', 'ahmed', '12345678787', 1, '', '', '12 horya street', '1213', 1, 1, 0, 1, 1, 1, 39, 0, NULL, '2019-09-08 10:22:12', '2019-09-08 10:22:12'),
(56, 13, 1, 70, 5, 2, 1, 5, '12345667', '12335656', '01234566789', '', 'appliacnt@example.com', 'ahmed', '12345678787', 1, '', '', '12 horya street', '1213', 1, 1, 0, 1, 1, 1, 39, 0, NULL, '2019-09-08 10:22:29', '2019-09-08 10:22:29'),
(57, 13, 1, 71, 5, 2, 1, 5, '12345667', '12335656', '01234566789', '', 'appliacnt@example.com', 'ahmed', '12345678787', 1, '', '', '12 horya street', '1213', 1, 1, 0, 1, 1, 1, 39, 0, NULL, '2019-09-08 10:34:27', '2019-09-08 10:34:27'),
(58, 13, 1, 72, 5, 2, 1, 5, '12345667', '12335656', '01234566789', '', 'appliacnt@example.com', 'ahmed', '12345678787', 1, '', '', '12 horya street', '1213', 1, 1, 0, 1, 1, 1, 39, 0, NULL, '2019-09-08 10:38:20', '2019-09-08 10:38:20'),
(59, 13, 1, 73, 5, 2, 1, 5, '12345667', '12335656', '01234566789', '', 'appliacnt@example.com', 'ahmed', '12345678787', 1, '', '', '12 horya street', '1213', 1, 1, 0, 1, 1, 1, 39, 0, NULL, '2019-09-08 10:39:11', '2019-09-08 10:39:11'),
(60, 13, 1, 74, 5, 2, 1, 5, '12345667', '12335656', '01234566789', '', 'appliacnt@example.com', 'ahmed', '12345678787', 1, '', '', '12 horya street', '1213', 1, 1, 0, 1, 1, 1, 39, 0, NULL, '2019-09-08 10:41:47', '2019-09-08 10:41:47'),
(61, 13, 1, 75, 5, 2, 1, 5, '12345667', '12335656', '01234566789', '', 'appliacnt@example.com', 'ahmed', '12345678787', 1, '', '', '12 horya street', '1213', 1, 1, 0, 1, 1, 1, 39, 0, NULL, '2019-09-08 10:48:25', '2019-09-08 10:48:25'),
(62, 13, 1, 76, 5, 2, 1, 5, '12345667', '12335656', '01234566789', '', 'appliacnt@example.com', 'ahmed', '12345678787', 1, '', '', '12 horya street', '1213', 1, 1, 0, 1, 1, 1, 39, 0, NULL, '2019-09-08 10:49:33', '2019-09-08 10:49:33'),
(63, 13, 1, 77, 5, 2, 1, 5, '12345667', '12335656', '01234566789', '', 'appliacnt@example.com', 'ahmed', '12345678787', 1, '', '', '12 horya street', '1213', 1, 1, 0, 1, 1, 1, 39, 0, NULL, '2019-09-08 10:55:45', '2019-09-08 10:55:45'),
(64, 13, 1, 78, 5, 2, 1, 5, '12345667', '12335656', '01234566789', '', 'appliacnt@example.com', 'ahmed', '12345678787', 1, '', '', '12 horya street', '1213', 1, 1, 0, 1, 1, 1, 39, 0, NULL, '2019-09-08 11:06:21', '2019-09-08 11:06:21'),
(65, 13, 1, 79, 5, 2, 1, 5, '12345667', '12335656', '01234566789', '', 'appliacnt@example.com', 'ahmed', '12345678787', 1, '', '', '12 horya street', '1213', 1, 1, 0, 1, 1, 1, 39, 0, NULL, '2019-09-08 11:21:13', '2019-09-08 11:21:13'),
(66, 13, 1, 80, 5, 2, 1, 5, '12345667', '12335656', '01234566789', '', 'appliacnt@example.com', 'ahmed', '12345678787', 1, '', '', '12 horya street', '1213', 1, 1, 0, 1, 1, 1, 39, 0, NULL, '2019-09-08 11:21:50', '2019-09-08 11:21:50'),
(67, 13, 1, 81, 5, 2, 1, 5, '12345667', '12335656', '01234566789', '', 'appliacnt@example.com', 'ahmed', '12345678787', 1, '', '', '12 horya street', '1213', 1, 1, 0, 1, 1, 1, 39, 0, NULL, '2019-09-08 11:24:39', '2019-09-08 11:24:39'),
(68, 13, 1, 82, 5, 2, 1, 5, '12345667', '12335656', '01234566789', '', 'appliacnt@example.com', 'ahmed', '12345678787', 1, '', '', '12 horya street', '1213', 1, 1, 0, 1, 1, 1, 39, 0, NULL, '2019-09-08 12:08:26', '2019-09-08 12:08:26'),
(69, 13, 1, 83, 5, 2, 1, 5, '12345667', '12335656', '01234566789', '', 'appliacnt@example.com', 'ahmed', '12345678787', 1, '', '', '12 horya street', '1213', 1, 1, 0, 1, 1, 1, 39, 0, NULL, '2019-09-08 12:10:53', '2019-09-08 12:10:53'),
(70, 13, 1, 84, 5, 2, 1, 5, '12345667', '12335656', '01234566789', '', 'appliacnt@example.com', 'ahmed', '12345678787', 1, '', '', '12 horya street', '1213', 1, 1, 0, 1, 1, 1, 39, 0, NULL, '2019-09-08 12:17:03', '2019-09-08 12:17:03'),
(71, 13, 1, 85, 5, 2, 1, 5, '12345667', '12335656', '01234566789', '', 'appliacnt@example.com', 'ahmed', '12345678787', 1, '', '', '12 horya street', '1213', 1, 1, 0, 1, 1, 1, 39, 0, NULL, '2019-09-08 12:18:31', '2019-09-08 12:18:31'),
(72, 13, 1, 86, 5, 2, 1, 5, '12345667', '12335656', '01234566789', '', 'appliacnt@example.com', 'ahmed', '12345678787', 1, '', '', '12 horya street', '1213', 1, 1, 0, 1, 1, 1, 39, 0, NULL, '2019-09-08 12:26:17', '2019-09-08 12:26:17'),
(73, 12, 1, 87, 28, 2, 1, 5, '12345667', '12335656', '01234566789', '', 'appliacnt@example.com', 'ahmed', '12345678787', 1, '', '', '12 horya street', '1213', 1, 1, 1, 1, 1, 1, 39, 0, NULL, '2019-09-08 12:43:50', '2019-09-17 16:34:00'),
(74, 12, 1, 88, 28, 1, 1, 5, '1323213', '01234567890', '01234567890', '', 'Admiasdn@example.com', 'asd', '132456798', 1, '', '', 'IDAssssManager@example.com', 'asd', 1, 1, 1, 1, 1, 1, 38, 0, NULL, '2019-09-08 12:44:39', '2019-09-16 09:38:48'),
(75, 13, 1, 89, 5, 1, 1, 5, '1323213', '01234567890', '01234567890', '', 'Admiasdn@example.com', 'asd', '132456798', 1, '', '', 'IDAssssManager@example.com', 'asd', 1, 1, 1, 1, 1, 1, 38, 0, NULL, '2019-09-08 12:45:18', '2019-09-08 12:45:18'),
(76, 13, 1, 90, 5, 2, 1, 5, '12345667', '12335656', '01234566789', '', 'appliacnt@example.com', 'ahmed', '12345678787', 1, '', '', '12 horya street', '1213', 1, 1, 0, 1, 1, 1, 39, 0, NULL, '2019-09-08 15:46:01', '2019-09-08 15:46:01'),
(77, 12, 1, 7, 5, 2, 5, 5, '132132564', '0124578369', '01254987364', '0245678913', 'jh@jh.jh', 'Mahmoud', '1231321546654', 1, '', '', 'ghjghjhgghjghjghggg', '12323132', 1, 1, 0, 1, 1, 0, NULL, 0, NULL, '2019-09-09 12:49:33', '2019-09-09 13:01:15'),
(78, 12, 23, 94, 28, 1, 5, 21, '123', '0123456789', '010056745434', '', 'hr@orchtech.com', 'Ahmed', '0182', 1, '', '', '25 شارع الجيزه - الدقى - الدقى', '12345', 1, 1, 1, 1, 1, 0, NULL, 0, NULL, '2019-09-15 16:53:54', '2019-09-16 09:31:45'),
(79, 12, 23, 95, 28, 1, 5, 5, '123', '453545456', '012345677899', '', 'hr@orchtech.com', 'fdf', '433', 1, '', '', 'gfhf', '455676', 1, 1, 1, 1, 1, 0, NULL, 0, NULL, '2019-09-16 09:02:47', '2019-09-16 09:31:08'),
(80, 12, 23, 96, 21, 1, 5, 5, '1234', '424234234', '234242343243242', '', 'hr@orchtech.com', '43', '2424', 1, '', '', '34234', '44343', 1, 1, 1, 1, 1, 0, NULL, 0, NULL, '2019-09-16 09:37:13', '2019-09-16 09:48:28'),
(81, 12, 23, 97, 21, 1, 5, 5, '112', '464564565', '4564565656565', '', 'hr@orchtech.com', '456546', '65765', 1, '', '', '5645656', '45465', 1, 1, 1, 1, 1, 0, NULL, 0, NULL, '2019-09-16 09:55:04', '2019-09-16 09:58:50'),
(82, 12, 27, 98, 18, 3, 6, 5, '123456', '01234567897', '01234567897', '', 'hr@air-arabia.com', 'Ahmed Mohamed Salah ', '98765432123456', 1, '', '', '29 5th setlement - New Cairo', '1234', 1, 1, 1, 1, 1, 0, NULL, 0, NULL, '2019-09-16 14:51:58', '2019-09-17 17:05:13'),
(83, 12, 27, 99, 21, 1, 5, 5, '123456', '98765432', '01234567865', '', 'hr@air-arabia.com', 'ahmed mohamed', '12345678912345', 1, '', '', 'new cairo - fifth setlment', '12345', 1, 1, 0, 1, 1, 0, NULL, 0, NULL, '2019-09-17 16:07:17', '2019-09-17 16:27:35'),
(84, 12, 27, 102, 21, 1, 5, 5, '1234', '023456789', '01234565789', '', 'hr@air-arabia.com', 'Rana Mohamed', '765432134567887', 1, '', '', 'new cairo', '213', 1, 1, 1, 1, 1, 0, NULL, 0, NULL, '2019-09-17 16:39:29', '2019-09-17 16:42:22'),
(85, 12, 27, 103, 21, 1, 5, 5, '34656', '02345678', '012345678956', '', 'hr@air-arabia.com', 'ahmed mohamed', '123456789123456', 1, '', '', 'new cairo - fifth setlement', '123456', 1, 1, 0, 1, 1, 0, NULL, 0, NULL, '2019-09-17 16:59:44', '2019-09-17 17:05:47'),
(86, 12, 27, 105, 5, 1, 5, 5, '12345', '0123455678', '012345678976', '', 'hr@air-arabia.com', 'rana', '12345678912345', 1, '', '', 'new cairo', '123456', 1, 1, 1, 1, 1, 0, NULL, 0, NULL, '2019-09-18 09:24:56', '2019-09-18 09:29:18'),
(87, 12, 27, 106, 21, 2, 1, 5, '12345678', '02345678', '01209866554', '', 'hr@air-arabia.com', 'Ahmed Mohamed Adel', '123456789101123', 1, '', '', 'New cairo - fifth setlement', '12345678', 1, 1, 1, 1, 1, 0, NULL, 0, NULL, '2019-09-18 10:03:01', '2019-09-18 10:15:33'),
(88, 2, 1, 109, 28, 1, 6, NULL, '0212313213', '0123234564', '01234545648', '02126464', 'hhhhhhh@h.h', 'hhhhhhhhhhh', '2121234564', 1, '', '', 'hhhhhhhhhhhhhhh', 'hhhhhhhhhh', 0, 0, 0, 0, 0, 0, NULL, 0, NULL, '2019-09-18 12:39:05', '2019-09-18 10:41:54'),
(89, 7, 28, 107, 28, 1, 5, 5, '1999', '02345678', '0123456789876', '', 'hr@test1.com', 'Ahmed Hamed', '123456789123454', 1, '', '', 'new cairo', '1234', 1, 0, 0, 1, 1, 0, NULL, 0, NULL, '2019-09-18 12:39:21', '2019-09-18 11:13:56'),
(90, 2, 1, 11, 28, 2, 5, NULL, '46546545664', '01212345465', '01212345465', '0231321415', 'fdgh@f.h', 'hfhfgh', '2242232342332', 1, '', '', 'fhfh', '564456446', 0, 0, 0, 0, 0, 0, NULL, 0, NULL, '2019-09-19 10:36:16', '2019-09-19 08:37:54'),
(91, 12, 27, 115, 5, 2, 7, 5, '123456', '01234567898', '01234567898', '', 'hr@air-arabia.com', 'شركه اير ايرابيا', '123456789101114', 1, '', '', 'حدائق اكتوبر الجديده', '123456', 1, 1, 1, 1, 1, 0, NULL, 0, NULL, '2019-09-29 11:29:52', '2019-09-29 11:52:44'),
(92, 12, 31, 117, 21, 2, 1, 5, '1234', '02345678987', '01234567894', '', 'hr@purple.com', 'Ahmed Mohamed', '98765432132345', 1, '', '', 'new cairo', '86786', 1, 1, 0, 1, 1, 0, NULL, 0, NULL, '2019-09-30 15:20:50', '2019-09-30 15:55:11'),
(93, 13, 31, 118, 21, 2, 1, 5, '1234', '02345678987', '01234567894', '', 'hr@purple.com', 'Ahmed Mohamed', '98765432132345', 1, '', '', 'new cairo', '86786', 1, 1, 0, 1, 1, 1, 92, 0, NULL, '2019-09-30 16:14:40', '2019-09-30 16:14:40'),
(94, 13, 27, 119, 5, 2, 7, 5, '123456', '01234567898', '01234567898', '', 'hr@air-arabia.com', 'شركه اير ايرابيا', '123456789101114', 1, '', '', 'حدائق اكتوبر الجديده', '123456', 1, 1, 1, 1, 1, 1, 91, 0, NULL, '2019-10-01 11:35:45', '2019-10-01 11:35:45'),
(95, 13, 27, 120, 5, 2, 7, 5, '123456', '01234567898', '01234567898', '', 'hr@air-arabia.com', 'شركه اير ايرابيا', '123456789101114', 1, '', '', 'حدائق اكتوبر الجديده', '123456', 1, 1, 1, 1, 1, 1, 91, 0, NULL, '2019-10-01 12:53:56', '2019-10-01 12:53:56'),
(96, 12, 35, 121, 18, 2, 1, 5, '34234', '0234354354', '012435333454', '', 'seed@seed.org', 'محمد', '32874832748324', 1, '', '', '324324324 ', '34543543543', 1, 1, 1, 1, 1, 0, NULL, 0, NULL, '2019-10-01 14:31:53', '2019-10-01 14:43:08'),
(97, 13, 27, 123, 18, 3, 6, 5, '123456', '01234567897', '01234567897', '', 'hr@air-arabia.com', 'Ahmed Mohamed Salah ', '98765432123456', 1, '', '', '29 5th setlement - New Cairo', '1234', 1, 1, 1, 1, 1, 1, 82, 0, NULL, '2019-10-01 16:10:37', '2019-10-01 16:10:37'),
(98, 13, 27, 124, 18, 3, 6, 5, '123456', '01234567897', '01234567897', '', 'hr@air-arabia.com', 'Ahmed Mohamed Salah ', '98765432123456', 1, '', '', '29 5th setlement - New Cairo', '1234', 1, 1, 1, 1, 1, 1, 82, 0, NULL, '2019-10-01 16:28:46', '2019-10-01 16:28:46'),
(99, 13, 27, 125, 18, 3, 6, 5, '123456', '01234567897', '01234567897', '', 'hr@air-arabia.com', 'Ahmed Mohamed Salah ', '98765432123456', 1, '', '', '29 5th setlement - New Cairo', '1234', 1, 1, 1, 1, 1, 1, 82, 0, NULL, '2019-10-01 16:35:30', '2019-10-01 16:35:30'),
(100, 13, 27, 127, 18, 3, 6, 5, '123456', '01234567897', '01234567897', '', 'hr@air-arabia.com', 'Ahmed Mohamed Salah ', '98765432123456', 1, '', '', '29 5th setlement - New Cairo', '1234', 1, 1, 1, 1, 1, 1, 82, 0, NULL, '2019-10-01 16:38:47', '2019-10-01 16:38:47'),
(101, 13, 27, 128, 18, 3, 6, 5, '123456', '01234567897', '01234567897', '', 'hr@air-arabia.com', 'Ahmed Mohamed Salah ', '98765432123456', 1, '', '', '29 5th setlement - New Cairo', '1234', 1, 1, 1, 1, 1, 1, 82, 0, NULL, '2019-10-01 16:39:21', '2019-10-01 16:39:21'),
(102, 13, 27, 129, 18, 3, 6, 5, '123456', '01234567897', '01234567897', '', 'hr@air-arabia.com', 'Ahmed Mohamed Salah ', '98765432123456', 1, '', '', '29 5th setlement - New Cairo', '1234', 1, 1, 1, 1, 1, 1, 82, 0, NULL, '2019-10-01 16:39:53', '2019-10-01 16:39:53'),
(103, 12, 39, 126, 18, 2, 1, 5, '83247832445', '0245646545645', '01242343454', '', 'SEED@SEED.COM', 'محمد', '46456476456456', 1, '', '', 'قثفف', '345435435', 1, 1, 0, 1, 1, 0, NULL, 0, NULL, '2019-10-01 16:40:19', '2019-10-01 16:53:40'),
(104, 13, 27, 130, 18, 3, 6, 5, '123456', '01234567897', '01234567897', '', 'hr@air-arabia.com', 'Ahmed Mohamed Salah ', '98765432123456', 1, '', '', '29 5th setlement - New Cairo', '1234', 1, 1, 1, 1, 1, 1, 82, 0, NULL, '2019-10-01 16:41:10', '2019-10-01 16:41:10'),
(105, 13, 27, 131, 18, 3, 6, 5, '123456', '01234567897', '01234567897', '', 'hr@air-arabia.com', 'Ahmed Mohamed Salah ', '98765432123456', 1, '', '', '29 5th setlement - New Cairo', '1234', 1, 1, 1, 1, 1, 1, 82, 0, NULL, '2019-10-01 16:42:12', '2019-10-01 16:42:12'),
(106, 13, 27, 132, 18, 3, 6, 5, '123456', '01234567897', '01234567897', '', 'hr@air-arabia.com', 'Ahmed Mohamed Salah ', '98765432123456', 1, '', '', '29 5th setlement - New Cairo', '1234', 1, 1, 1, 1, 1, 1, 82, 0, NULL, '2019-10-01 16:43:20', '2019-10-01 16:43:20'),
(107, 2, 27, 133, 18, 3, 6, 5, '123456', '01234567897', '01234567897', '', 'hr@air-arabia.com', 'Ahmed Mohamed Salah ', '98765432123456', 1, '', '', '29 5th setlement - New Cairo', '1234', 1, 1, 1, 1, 1, 1, 82, 0, NULL, '2019-10-01 16:49:41', '2019-10-01 15:03:54'),
(108, 2, 27, 134, 18, 3, 6, 5, '123456', '01234567897', '01234567897', '', 'hr@air-arabia.com', 'Ahmed Mohamed Salah ', '98765432123456', 1, '', '', '29 5th setlement - New Cairo', '1234', 1, 1, 1, 1, 1, 1, 82, 0, NULL, '2019-10-01 16:52:15', '2019-10-01 15:07:54'),
(109, 13, 39, 135, 18, 2, 1, 5, '83247832445', '0245646545645', '01242343454', '', 'SEED@SEED.COM', 'محمد', '46456476456456', 1, '', '', 'قثفف', '345435435', 1, 1, 0, 1, 1, 1, 103, 0, NULL, '2019-10-01 16:55:29', '2019-10-01 16:55:29'),
(110, 13, 39, 136, 18, 2, 1, 5, '83247832445', '0245646545645', '01242343454', '', 'SEED@SEED.COM', 'محمد', '46456476456456', 1, '', '', 'قثفف', '345435435', 1, 1, 0, 1, 1, 1, 103, 0, NULL, '2019-10-01 16:55:45', '2019-10-01 16:55:45'),
(111, 2, 27, 137, 28, 1, 5, 5, '1234', '023456789', '01234565789', '', 'hr@air-arabia.com', 'Rana Mohamed', '765432134567887', 1, '', '', 'new cairo', '213', 1, 1, 1, 1, 1, 1, 84, 0, NULL, '2019-10-01 17:29:08', '2019-10-01 15:43:54'),
(112, 13, 27, 138, 18, 3, 6, 5, '123456', '01234567897', '01234567897', '', 'hr@air-arabia.com', 'Ahmed Mohamed Salah ', '98765432123456', 1, '', '', '29 5th setlement - New Cairo', '1234', 1, 1, 1, 1, 1, 1, 82, 0, NULL, '2019-10-01 18:22:47', '2019-10-01 18:22:47'),
(113, 7, 27, 143, 18, 3, 1, 5, '1234', '0234567891', '01234564789', '', 'hr@air-arabia.com', 'Rana Mohamed', '12234445678910', 2, '1234', 'Air-Arabia', 'new Cairo', '7767', 1, 0, 0, 1, 1, 0, NULL, 0, NULL, '2019-10-02 12:25:53', '2019-10-02 12:44:50'),
(114, 2, 1, 16, 18, 4, 5, NULL, '5646565446', '01212336464', '01222313212', '546544', 'hg@u.d', 'jkhkhk', '45456454545545', 1, '', '', 'jkhjkhkjh', '454544', 0, 0, 0, 0, 0, 0, NULL, 0, NULL, '2019-10-02 15:07:18', '2019-10-02 13:21:54'),
(115, 2, 1, 144, 28, 2, 5, 5, '132132564', '0124578369', '01254987364', '0245678913', 'jh@jh.jh', 'Mahmoud', '1231321546654', 1, '', '', 'ghjghjhgghjghjghggg', '12323132', 1, 1, 0, 1, 1, 1, 77, 0, NULL, '2019-10-02 15:10:32', '2019-10-02 13:25:54'),
(116, 13, 1, 145, 5, 2, 5, 5, '132132564', '0124578369', '01254987364', '0245678913', 'jh@jh.jh', 'Mahmoud', '1231321546654', 1, '', '', 'ghjghjhgghjghjghggg', '12323132', 1, 1, 0, 1, 1, 1, 77, 0, NULL, '2019-10-02 15:14:28', '2019-10-02 15:14:28'),
(117, 2, 1, 23, 28, 2, 5, NULL, '56465465', '012133125465', '012133215646', '546464654', 'hg@k.d', 'jhjhjhjgjhg', '54566564546565', 1, '', '', 'hjkhhkjhjk', '45456646', 0, 0, 0, 0, 0, 0, NULL, 0, NULL, '2019-10-02 16:06:00', '2019-10-02 14:21:54'),
(118, 2, 1, 24, 18, 4, 7, NULL, '656456465464654', '01233213545', '01222354656', '546464', 'yg@u.q', 'hgghfhg', '54655543121256', 1, '', '', 'hgfghghhhgjfjf', '6545646546', 0, 0, 0, 0, 0, 0, NULL, 0, NULL, '2019-10-02 16:07:49', '2019-10-02 14:21:54'),
(119, 2, 1, 146, 28, 2, 5, 5, '132132564', '0124578369', '01254987364', '0245678913', 'jh@jh.jh', 'Mahmoud', '1231321546654', 1, '', '', 'ghjghjhgghjghjghggg', '12323132', 1, 1, 0, 1, 1, 1, 77, 0, NULL, '2019-10-02 16:08:06', '2019-10-02 14:23:54'),
(120, 13, 1, 147, 5, 2, 5, 5, '132132564', '0124578369', '01254987364', '0245678913', 'jh@jh.jh', 'Mahmoud', '1231321546654', 1, '', '', 'ghjghjhgghjghjghggg', '12323132', 1, 1, 0, 1, 1, 1, 77, 0, NULL, '2019-10-02 16:24:01', '2019-10-02 16:24:01'),
(121, 2, 1, 148, 28, 2, 5, 5, '132132564', '0124578369', '01254987364', '0245678913', 'jh@jh.jh', 'Mahmoud', '1231321546654', 1, '', '', 'ghjghjhgghjghjghggg', '12323132', 1, 1, 0, 1, 1, 1, 77, 0, NULL, '2019-10-02 16:28:08', '2019-10-25 13:55:54'),
(122, 2, 1, 149, 28, 2, 5, 5, '132132564', '0124578369', '01254987364', '0245678913', 'jh@jh.jh', 'Mahmoud', '1231321546654', 1, '', '', 'ghjghjhgghjghjghggg', '12323132', 1, 1, 0, 1, 1, 1, 77, 0, NULL, '2019-10-02 16:29:06', '2019-10-02 14:43:54'),
(123, 2, 1, 150, 28, 2, 5, 5, '132132564', '0124578369', '01254987364', '0245678913', 'jh@jh.jh', 'Mahmoud', '1231321546654', 1, '', '', 'ghjghjhgghjghjghggg', '12323132', 1, 1, 0, 1, 1, 1, 77, 0, NULL, '2019-10-02 16:30:59', '2019-10-25 13:55:54'),
(124, 2, 1, 151, 28, 2, 5, 5, '132132564', '0124578369', '01254987364', '0245678913', 'jh@jh.jh', 'Mahmoud', '1231321546654', 1, '', '', 'ghjghjhgghjghjghggg', '12323132', 1, 1, 0, 1, 1, 1, 77, 0, NULL, '2019-10-02 16:32:28', '2019-10-25 13:53:54'),
(125, 2, 1, 153, 28, 2, 5, 5, '132132564', '0124578369', '01254987364', '0245678913', 'jh@jh.jh', 'Mahmoud', '1231321546654', 1, '', '', 'ghjghjhgghjghjghggg', '12323132', 1, 1, 0, 1, 1, 1, 77, 0, NULL, '2019-10-02 16:43:06', '2019-10-02 14:57:54'),
(126, 5, 40, 152, 28, 2, 1, 5, '2321', '023874384723', '012322312312', '66', 'seed222@seed.com', 'غغغغ', '66666666663435', 1, '', '', '6666', '34334', 0, 0, 0, 0, 0, 0, NULL, 0, NULL, '2019-10-02 16:44:12', '2019-10-02 17:08:34'),
(127, 2, 1, 154, 28, 2, 5, 5, '132132564', '0124578369', '01254987364', '0245678913', 'jh@jh.jh', 'Mahmoud', '1231321546654', 1, '', '', 'ghjghjhgghjghjghggg', '12323132', 1, 1, 0, 1, 1, 1, 77, 0, NULL, '2019-10-02 16:46:51', '2019-10-02 15:01:54'),
(128, 7, 1, 155, 28, 2, 5, 5, '132132564', '0124578369', '01254987364', '0245678913', 'jh@jh.jh', 'Mahmoud', '1231321546654', 1, '', '', 'ghjghjhgghjghjghggg', '12323132', 1, 1, 0, 1, 1, 1, 77, 0, NULL, '2019-10-02 16:48:28', '2019-10-02 15:31:56'),
(129, 2, 1, 156, 28, 2, 7, NULL, '378643', '01021762437', '01021986543', '786', 'fei@example.com', 'uiyu', '12345678998765', 1, '', '', 'iuoy', '786', 0, 0, 0, 0, 0, 0, NULL, 0, NULL, '2019-10-20 23:19:19', '2019-10-20 21:33:54'),
(130, 12, 44, 158, 21, 1, 5, 28, '12345', '0234567898', '01234567899877', '', 'dina.amr@orchtech.com', 'Dina Amr', '12345678910234', 1, '454', 'Owner', 'Haram - Giza', '2009', 1, 1, 1, 1, 1, 0, NULL, 0, NULL, '2019-10-24 10:26:03', '2019-10-24 10:49:23'),
(131, 8, 1, 159, 5, 2, 1, 5, '12312312311', '23445567', '012345786789', '', 'APPLICANT@EXAMPLE.COM', 'aHMED mOHAMED', '123445667', 1, '', '', '24 HORYA STREET', '12344', 1, 1, 1, 1, 1, 1, 41, 0, NULL, '2019-10-24 10:59:52', '2019-10-24 11:05:17'),
(132, 5, 43, 160, 5, 1, 5, 5, '54455454', '0213456789', '012457836902', '0213456789', 'jh@h.r', '65456', '65456464656546', 1, '', '', '456544', '5454644', 0, 0, 0, 0, 0, 0, NULL, 0, NULL, '2019-10-24 15:09:45', '2019-10-24 15:51:50'),
(133, 2, 1, 161, 18, 3, 7, NULL, '834343', '01021972176', '01021987654', '78675', 'm@m.m', 'oipupyty', '78686575678878', 1, '', '', 'lkujhk', 'yutituyiu', 0, 0, 0, 0, 0, 0, NULL, 0, NULL, '2019-10-25 15:33:45', '2019-10-25 13:47:54'),
(134, 2, 1, 162, 18, 4, 5, NULL, '545454', '01021982160', '01029475490', '54544545', 'm@m.c', 'oiui', '12345678998604', 1, '', '', 'tiurtr', 'uyui', 0, 0, 0, 0, 0, 0, NULL, 0, NULL, '2019-10-25 16:03:48', '2019-10-25 14:17:54'),
(135, 2, 1, 163, 18, 5, 6, NULL, '8786', '09876543265', '01873666663', '786', 'tye@eu.uy', 'iyutytu', '23456788889909', 1, '', '', 'kkk', 't45454', 0, 0, 0, 0, 0, 0, NULL, 0, NULL, '2019-10-26 12:08:50', '2019-10-26 10:23:54'),
(136, 2, 1, 164, 18, 4, 7, NULL, '5454', '0224567654', '012345678987', '543543', 'gg@hh.gg', '434343kd', '23456788978907', 1, '', '', 'frtrtt', 'trtr', 0, 0, 0, 0, 0, 0, NULL, 0, NULL, '2019-10-26 12:16:06', '2019-10-26 10:31:54'),
(137, 2, 1, 165, 18, 3, 6, NULL, '434', '098765432473', '09876543231', '5445', 'j@jr.f', 'uyyiyyu', '87654356789087', 1, '', '', 'gu', 'yuy', 0, 0, 0, 0, 0, 0, NULL, 0, NULL, '2019-10-26 12:42:39', '2019-10-26 10:57:54'),
(138, 12, 44, 168, 28, 1, 5, 5, '1234', '01299843257', '01355427643', '', 'dina.amr@orchtech.com', 'Dina', '11234567891212', 1, '', '', '3 nile street ', '123', 1, 1, 0, 1, 1, 0, NULL, 0, NULL, '2019-10-27 09:36:45', '2019-10-27 10:27:17'),
(139, 12, 44, 169, 18, 3, 6, 5, '38', '01299374854', '01066382347', '', 'amr@gmail.com', 'Amr', '19283746512894', 2, '99', 'Giza', '4Dokki street', '12', 1, 1, 1, 1, 1, 0, NULL, 0, NULL, '2019-10-27 09:48:35', '2019-10-27 10:11:07'),
(140, 2, 1, 171, 18, 3, 6, NULL, '123', '010219523630', '01023232323', '2222', 'm@m.m', 'rererer', '12345678909087', 1, '', '', 'sdsds', 'erer', 0, 0, 0, 0, 0, 0, NULL, 0, NULL, '2019-10-28 08:56:21', '2019-10-28 07:57:54'),
(141, 12, 1, 174, 41, 1, 5, 5, '7867', '09876543212', '098765432123', '876', 'h@h.h', 'uiyitu', '87654567898765', 1, '', '', 'uyt', '765567', 1, 1, 1, 1, 1, 0, NULL, 0, NULL, '2019-10-28 20:58:49', '2019-10-28 21:04:41'),
(142, 7, 1, 167, 41, 1, 5, 5, '76', '09876543212', '09876543212', '7656', 'jhg@kjh.jh', 'yut', '98765432123456', 1, '', '', 'jhg', 'rerere', 1, 0, 0, 1, 1, 0, NULL, 0, NULL, '2019-10-28 21:49:52', '2019-10-28 20:53:56'),
(143, 3, 1, 175, 41, 1, 5, 5, '767', '09876543212', '09876543212', '765', 'h@h.h', 'jkhgkf', '98765432123456', 1, '', '', 'uytiu', '7868', 1, 0, 0, 1, 1, 0, NULL, 0, NULL, '2019-10-28 22:18:18', '2019-10-28 21:31:56'),
(144, 7, 1, 175, 41, 1, 5, 5, '767', '09876543212', '09876543212', '765', 'h@h.h', 'jkhgkf', '98765432123456', 1, '', '', 'uytiu', '7868', 1, 0, 0, 1, 1, 0, NULL, 0, NULL, '2019-10-28 22:18:19', '2019-10-28 21:33:56'),
(145, 12, 44, 177, 28, 2, 5, 5, '12', '02991876382', '01088263767', '', 'dina.amr@orchtech.com', 'Dina', '18273647263718', 1, '', '', 'dina.amr@orchtech.com', '232', 1, 1, 1, 1, 1, 0, NULL, 0, NULL, '2019-10-30 11:21:44', '2019-10-30 11:33:27'),
(146, 13, 1, 178, 5, 2, 1, 5, '', '01021952160', '01021952160', '123', 'mahmoud@gmail.com', 'محمود محمد محمد', '131802273', 3, '123', 'القاهره', 'القاهره', '123', 1, 1, 1, 1, 1, 1, 16, 0, NULL, '2019-10-30 17:16:42', '2019-10-30 17:16:42'),
(147, 7, 1, 179, 5, 1, 1, 5, '123', '12312312311', '123123123123123', '12312323232', 'test@testmail.com', 'asd', '123123123123123', 1, '', '', '123', '456', 1, 1, 0, 1, 1, 1, 32, 0, NULL, '2019-10-30 17:20:25', '2019-10-30 16:23:56');

-- --------------------------------------------------------

--
-- Table structure for table `requeststatus`
--

CREATE TABLE `requeststatus` (
  `id` int(11) NOT NULL,
  `nameEn` varchar(255) COLLATE utf8mb4_unicode_ci NOT NULL,
  `nameAr` varchar(255) COLLATE utf8mb4_unicode_ci NOT NULL,
  `key` varchar(255) COLLATE utf8mb4_unicode_ci NOT NULL
) ENGINE=InnoDB DEFAULT CHARSET=utf8mb4 COLLATE=utf8mb4_unicode_ci;

--
-- Dumping data for table `requeststatus`
--

INSERT INTO `requeststatus` (`id`, `nameEn`, `nameAr`, `key`) VALUES
(1, 'New', 'جديد', 'New'),
(2, 'Assigned', 'معين لموظف', 'Assigned'),
(3, 'UnderReview Closed', 'تحت المراجعه', 'UnderReview_Closed'),
(4, 'UnderReview Opened', 'تتم المراجعه الان', 'UnderReview_Opened'),
(5, 'Returned', 'مرتجع	\r\n', 'Returned'),
(6, 'Accepted', 'موافقة', 'Accepted'),
(7, 'Acceptance Confirmed', 'تأكيد الموافقة	\r\n', 'AcceptanceConfirmed'),
(8, 'Decline Confirmed', 'تأكيد الرفض	\r\n', 'DeclineConfirmed'),
(9, 'Validated', 'صحيح', 'Validated'),
(10, 'FEI Approved', 'تم الموافقة عليه من موظف اتحاد الصناعات	\r\n', 'FEI_Approved'),
(11, 'Declined', 'مرفوض	\r\n', 'Declined'),
(12, 'Issued', 'جاهز', 'Issued'),
(13, 'Draft', 'مسودة', 'Draft');

-- --------------------------------------------------------

--
-- Table structure for table `request_actions`
--

CREATE TABLE `request_actions` (
  `id` bigint(20) UNSIGNED NOT NULL,
  `requestId` int(10) UNSIGNED NOT NULL,
  `actionId` int(10) UNSIGNED NOT NULL,
  `byUserId` int(10) UNSIGNED DEFAULT NULL,
  `toUserId` int(10) UNSIGNED DEFAULT NULL,
  `isAuto` tinyint(1) NOT NULL DEFAULT '0',
  `comment` text COLLATE utf8mb4_unicode_ci,
  `created_at` timestamp NULL DEFAULT NULL,
  `updated_at` timestamp NULL DEFAULT NULL
) ENGINE=InnoDB DEFAULT CHARSET=utf8mb4 COLLATE=utf8mb4_unicode_ci;

--
-- Dumping data for table `request_actions`
--

INSERT INTO `request_actions` (`id`, `requestId`, `actionId`, `byUserId`, `toUserId`, `isAuto`, `comment`, `created_at`, `updated_at`) VALUES
(1, 16, 1, 15, NULL, 0, NULL, '2019-06-18 17:45:11', '2019-06-18 17:45:11'),
(2, 16, 2, NULL, 5, 1, NULL, '2019-06-18 18:11:54', '2019-06-18 18:11:54'),
(3, 16, 3, 9, NULL, 0, NULL, '2019-06-18 18:14:39', '2019-06-18 18:14:39'),
(4, 16, 4, 9, NULL, 0, 'تم استلام الاصول', '2019-06-18 18:14:55', '2019-06-18 18:14:55'),
(5, 16, 8, 9, NULL, 0, '', '2019-06-18 18:15:29', '2019-06-18 18:15:29'),
(6, 16, 8, 10, NULL, 0, 'مقبول', '2019-06-18 18:15:59', '2019-06-18 18:15:59'),
(7, 16, 12, 11, NULL, 0, 'عضو في الغرفه ودفع الاشتراك ', '2019-06-18 18:18:19', '2019-06-18 18:18:19'),
(8, 16, 17, 11, NULL, 0, NULL, '2019-06-18 18:18:52', '2019-06-18 18:18:52'),
(9, 17, 1, 18, NULL, 0, NULL, '2019-06-19 13:52:49', '2019-06-19 13:52:49'),
(10, 17, 2, 10, 5, 0, 'FYA', '2019-06-19 13:53:32', '2019-06-19 13:53:32'),
(11, 17, 3, 9, NULL, 0, NULL, '2019-06-19 15:35:26', '2019-06-19 15:35:26'),
(12, 17, 5, 9, NULL, 0, NULL, '2019-06-19 15:35:30', '2019-06-19 15:35:30'),
(13, 17, 3, 9, NULL, 0, NULL, '2019-06-19 15:35:36', '2019-06-19 15:35:36'),
(14, 17, 5, 9, NULL, 0, NULL, '2019-06-19 15:36:20', '2019-06-19 15:36:20'),
(15, 17, 3, 9, NULL, 0, NULL, '2019-06-19 15:36:26', '2019-06-19 15:36:26'),
(16, 18, 1, 20, NULL, 0, NULL, '2019-06-20 16:23:11', '2019-06-20 16:23:11'),
(17, 18, 2, NULL, 5, 1, NULL, '2019-06-20 16:33:54', '2019-06-20 16:33:54'),
(18, 17, 5, 9, NULL, 0, NULL, '2019-06-23 16:36:26', '2019-06-23 16:36:26'),
(19, 17, 3, 9, NULL, 0, NULL, '2019-06-23 16:49:12', '2019-06-23 16:49:12'),
(20, 18, 3, 9, NULL, 0, NULL, '2019-06-23 16:49:31', '2019-06-23 16:49:31'),
(21, 17, 5, 9, NULL, 0, NULL, '2019-06-24 09:53:54', '2019-06-24 09:53:54'),
(22, 19, 1, 15, NULL, 0, NULL, '2019-06-24 10:32:17', '2019-06-24 10:32:17'),
(23, 19, 2, NULL, 5, 1, NULL, '2019-06-24 10:41:54', '2019-06-24 10:41:54'),
(24, 19, 3, 9, NULL, 0, NULL, '2019-06-24 11:33:58', '2019-06-24 11:33:58'),
(25, 19, 5, 9, NULL, 0, NULL, '2019-06-24 11:34:04', '2019-06-24 11:34:04'),
(26, 19, 3, 9, NULL, 0, NULL, '2019-06-24 11:34:09', '2019-06-24 11:34:09'),
(27, 19, 5, 9, NULL, 0, NULL, '2019-06-24 11:34:59', '2019-06-24 11:34:59'),
(28, 19, 3, 9, NULL, 0, NULL, '2019-06-24 11:35:01', '2019-06-24 11:35:01'),
(29, 19, 4, 9, NULL, 0, 'comment', '2019-06-24 11:36:31', '2019-06-24 11:36:31'),
(30, 19, 5, 9, 5, 0, 'comment', '2019-06-24 11:36:31', '2019-06-24 11:36:31'),
(31, 19, 3, 9, NULL, 0, NULL, '2019-06-24 11:36:49', '2019-06-24 11:36:49'),
(32, 19, 4, 9, NULL, 0, 'not recived', '2019-06-24 11:37:14', '2019-06-24 11:37:14'),
(33, 19, 5, 9, 5, 0, 'not recived', '2019-06-24 11:37:14', '2019-06-24 11:37:14'),
(34, 19, 3, 9, NULL, 0, NULL, '2019-06-24 11:37:34', '2019-06-24 11:37:34'),
(35, 19, 5, 9, NULL, 0, NULL, '2019-06-24 11:37:45', '2019-06-24 11:37:45'),
(36, 19, 3, 9, NULL, 0, NULL, '2019-06-24 11:39:22', '2019-06-24 11:39:22'),
(37, 17, 2, NULL, 5, 1, NULL, '2019-06-24 11:53:54', '2019-06-24 11:53:54'),
(38, 19, 4, 9, NULL, 1, '', '2019-06-24 11:54:15', '2019-06-24 11:54:15'),
(39, 19, 5, 9, 5, 1, '', '2019-06-24 11:54:15', '2019-06-24 11:54:15'),
(40, 19, 3, 9, NULL, 0, NULL, '2019-06-24 11:59:13', '2019-06-24 11:59:13'),
(41, 19, 4, 9, NULL, 0, '', '2019-06-24 11:59:20', '2019-06-24 11:59:20'),
(42, 19, 5, 9, 5, 0, '', '2019-06-24 11:59:20', '2019-06-24 11:59:20'),
(43, 19, 3, 9, NULL, 0, NULL, '2019-06-24 11:59:25', '2019-06-24 11:59:25'),
(44, 19, 5, 9, NULL, 0, NULL, '2019-06-24 11:59:44', '2019-06-24 11:59:44'),
(45, 17, 3, 9, NULL, 0, NULL, '2019-06-24 15:57:17', '2019-06-24 15:57:17'),
(46, 17, 4, 9, NULL, 0, '', '2019-06-24 15:57:23', '2019-06-24 15:57:23'),
(47, 17, 8, 9, NULL, 0, '', '2019-06-24 15:57:26', '2019-06-24 15:57:26'),
(48, 17, 8, 10, NULL, 0, '', '2019-06-24 15:57:41', '2019-06-24 15:57:41'),
(49, 17, 12, 11, NULL, 0, '', '2019-06-24 15:57:54', '2019-06-24 15:57:54'),
(50, 17, 12, 11, NULL, 0, '', '2019-06-24 15:57:58', '2019-06-24 15:57:58'),
(51, 17, 17, 11, NULL, 0, NULL, '2019-06-24 15:58:01', '2019-06-24 15:58:01'),
(52, 18, 4, 9, NULL, 0, 'حفظ', '2019-06-25 12:28:43', '2019-06-25 12:28:43'),
(53, 18, 4, 9, NULL, 0, 'حفظ', '2019-06-25 12:28:55', '2019-06-25 12:28:55'),
(54, 18, 4, 9, NULL, 0, 'تم استلام الاصول', '2019-06-25 12:29:31', '2019-06-25 12:29:31'),
(55, 18, 11, 9, 4, 0, 'اعاده الي مقدمه', '2019-06-25 12:29:40', '2019-06-25 12:29:40'),
(56, 18, 16, 20, 9, 0, 'اعاده الي الموظف', '2019-06-25 12:30:55', '2019-06-25 12:30:55'),
(57, 18, 3, 9, NULL, 0, NULL, '2019-06-25 12:32:53', '2019-06-25 12:32:53'),
(58, 18, 4, 9, NULL, 0, 'حفظ تاني', '2019-06-25 12:36:16', '2019-06-25 12:36:16'),
(59, 18, 4, 9, NULL, 1, '', '2019-06-25 13:54:17', '2019-06-25 13:54:17'),
(60, 18, 5, 9, 5, 1, '', '2019-06-25 13:54:17', '2019-06-25 13:54:17'),
(61, 19, 3, 9, NULL, 0, NULL, '2019-06-25 14:11:20', '2019-06-25 14:11:20'),
(62, 19, 4, 9, NULL, 0, '', '2019-06-25 17:53:58', '2019-06-25 17:53:58'),
(63, 19, 4, 9, NULL, 0, '', '2019-06-25 17:54:08', '2019-06-25 17:54:08'),
(64, 19, 4, 9, NULL, 0, 'test', '2019-06-25 17:54:13', '2019-06-25 17:54:13'),
(65, 19, 4, 9, NULL, 0, 'test', '2019-06-25 17:54:25', '2019-06-25 17:54:25'),
(66, 19, 4, 9, NULL, 0, 'test', '2019-06-25 17:54:54', '2019-06-25 17:54:54'),
(67, 19, 5, 9, 5, 0, 'test', '2019-06-25 17:54:54', '2019-06-25 17:54:54'),
(68, 19, 3, 9, NULL, 0, NULL, '2019-06-25 17:55:03', '2019-06-25 17:55:03'),
(69, 19, 4, 9, NULL, 0, 'test', '2019-06-25 17:55:06', '2019-06-25 17:55:06'),
(70, 19, 5, 9, NULL, 0, NULL, '2019-06-25 17:55:13', '2019-06-25 17:55:13'),
(71, 19, 3, 9, NULL, 0, NULL, '2019-06-25 17:55:21', '2019-06-25 17:55:21'),
(72, 19, 4, 9, NULL, 0, 'test', '2019-06-25 17:55:36', '2019-06-25 17:55:36'),
(73, 19, 5, 9, NULL, 0, NULL, '2019-06-25 17:55:48', '2019-06-25 17:55:48'),
(74, 19, 3, 9, NULL, 0, NULL, '2019-06-25 17:55:52', '2019-06-25 17:55:52'),
(75, 19, 4, 9, NULL, 0, '', '2019-06-25 17:58:07', '2019-06-25 17:58:07'),
(76, 19, 4, 9, NULL, 0, '', '2019-06-25 17:58:11', '2019-06-25 17:58:11'),
(77, 19, 4, 9, NULL, 1, 'sdfsf', '2019-06-25 18:35:08', '2019-06-25 18:35:08'),
(78, 19, 5, 9, 5, 1, 'sdfsf', '2019-06-25 18:35:08', '2019-06-25 18:35:08'),
(79, 19, 3, 9, NULL, 0, NULL, '2019-06-25 18:38:51', '2019-06-25 18:38:51'),
(80, 19, 11, 9, 1, 0, 'return', '2019-06-25 19:06:02', '2019-06-25 19:06:02'),
(81, 18, 3, 9, NULL, 0, NULL, '2019-06-26 14:30:07', '2019-06-26 14:30:07'),
(82, 20, 1, 32, NULL, 0, NULL, '2019-06-26 15:04:42', '2019-06-26 15:04:42'),
(83, 20, 2, 10, 5, 0, 'assign to idaemployee', '2019-06-26 15:05:26', '2019-06-26 15:05:26'),
(84, 20, 3, 9, NULL, 0, NULL, '2019-06-26 15:05:43', '2019-06-26 15:05:43'),
(85, 20, 4, 9, NULL, 0, 'تم استلام الاصول ', '2019-06-26 15:05:55', '2019-06-26 15:05:55'),
(86, 20, 4, 9, NULL, 0, '', '2019-06-26 15:06:47', '2019-06-26 15:06:47'),
(87, 20, 5, 9, 5, 0, '', '2019-06-26 15:06:47', '2019-06-26 15:06:47'),
(88, 20, 3, 9, NULL, 0, NULL, '2019-06-26 15:06:52', '2019-06-26 15:06:52'),
(89, 20, 4, 9, NULL, 0, '', '2019-06-26 15:07:15', '2019-06-26 15:07:15'),
(90, 20, 5, 9, 5, 0, '', '2019-06-26 15:07:15', '2019-06-26 15:07:15'),
(91, 18, 4, 9, NULL, 0, '', '2019-06-26 15:18:34', '2019-06-26 15:18:34'),
(92, 18, 5, 9, 5, 0, '', '2019-06-26 15:18:34', '2019-06-26 15:18:34'),
(93, 20, 3, 9, NULL, 0, NULL, '2019-06-26 15:18:46', '2019-06-26 15:18:46'),
(94, 20, 11, 9, 11, 0, 'return', '2019-06-26 15:30:06', '2019-06-26 15:30:06'),
(95, 20, 16, 32, 9, 0, 'done', '2019-06-26 15:32:40', '2019-06-26 15:32:40'),
(96, 20, 3, 9, NULL, 0, NULL, '2019-06-26 15:33:36', '2019-06-26 15:33:36'),
(97, 19, 16, 15, 9, 0, 'attachment updated', '2019-06-26 15:34:03', '2019-06-26 15:34:03'),
(98, 20, 4, 9, NULL, 0, '', '2019-06-26 15:36:48', '2019-06-26 15:36:48'),
(99, 20, 4, 9, NULL, 0, '', '2019-06-26 15:37:09', '2019-06-26 15:37:09'),
(100, 20, 11, 9, 11, 0, 'return', '2019-06-26 15:39:48', '2019-06-26 15:39:48'),
(101, 20, 16, 32, 9, 0, 'return to employee', '2019-06-26 15:40:59', '2019-06-26 15:40:59'),
(102, 20, 3, 9, NULL, 0, NULL, '2019-06-26 15:41:12', '2019-06-26 15:41:12'),
(103, 20, 11, 9, 11, 0, 'return', '2019-06-26 15:50:58', '2019-06-26 15:50:58'),
(104, 20, 16, 32, 9, 0, 'اعاده للموظف تاني', '2019-06-26 15:57:11', '2019-06-26 15:57:11'),
(105, 20, 3, 9, NULL, 0, NULL, '2019-06-26 15:57:28', '2019-06-26 15:57:28'),
(106, 20, 11, 9, 11, 0, 'return', '2019-06-26 15:57:55', '2019-06-26 15:57:55'),
(107, 19, 8, 0, 5, 1, '', '2019-06-26 15:34:03', '2019-06-26 15:34:03'),
(108, 20, 16, 32, 9, 0, 'اعاده للموظف', '2019-06-26 17:39:45', '2019-06-26 17:39:45'),
(109, 20, 3, 9, NULL, 0, NULL, '2019-06-26 17:39:58', '2019-06-26 17:39:58'),
(110, 20, 11, 9, 11, 0, 'return', '2019-06-26 17:40:28', '2019-06-26 17:40:28'),
(111, 19, 3, 9, NULL, 0, NULL, '2019-06-27 10:55:23', '2019-06-27 10:55:23'),
(112, 19, 8, 9, NULL, 0, 'قبول بواسطه الموظف', '2019-06-27 10:55:45', '2019-06-27 10:55:45'),
(113, 19, 8, 0, 5, 1, '', '2019-06-27 08:56:03', '2019-06-27 08:56:03'),
(114, 19, 8, 0, 5, 1, '', '2019-06-27 09:02:03', '2019-06-27 09:02:03'),
(115, 19, 8, 0, 5, 1, '', '2019-06-27 09:04:03', '2019-06-27 09:04:03'),
(116, 19, 8, 10, NULL, 0, 'قبول بواسطه المدير', '2019-06-27 11:08:32', '2019-06-27 11:08:32'),
(117, 19, 12, 11, NULL, 0, 'حفظ من ال fei', '2019-06-27 11:16:31', '2019-06-27 11:16:31'),
(118, 19, 14, 11, NULL, 0, NULL, '2019-06-27 11:28:15', '2019-06-27 11:28:15'),
(119, 19, 14, 11, NULL, 0, NULL, '2019-06-27 11:28:25', '2019-06-27 11:28:25'),
(120, 19, 12, 11, NULL, 0, 'عضو فالغرفه ودفع الرسوم', '2019-06-27 11:30:51', '2019-06-27 11:30:51'),
(121, 19, 17, 11, NULL, 0, NULL, '2019-06-27 11:31:53', '2019-06-27 11:31:53'),
(122, 21, 1, 26, NULL, 0, NULL, '2019-06-27 12:37:02', '2019-06-27 12:37:02'),
(123, 21, 2, NULL, 18, 1, NULL, '2019-06-27 12:41:54', '2019-06-27 12:41:54'),
(124, 21, 3, 36, NULL, 0, NULL, '2019-06-27 12:47:37', '2019-06-27 12:47:37'),
(125, 21, 4, 36, NULL, 0, 'تم استلام الاصول من قبل محمود بنجاح ', '2019-06-27 12:48:08', '2019-06-27 12:48:08'),
(126, 21, 11, 36, 5, 0, '', '2019-06-27 12:48:33', '2019-06-27 12:48:33'),
(127, 21, 16, 26, 36, 0, 'ارسال الي الموظف مره اخري مع اضافه بعض التعديلات , برجاء قبول الطلب ', '2019-06-27 12:50:44', '2019-06-27 12:50:44'),
(128, 21, 3, 36, NULL, 0, NULL, '2019-06-27 12:51:40', '2019-06-27 12:51:40'),
(129, 21, 8, 36, NULL, 0, 'بعد ارسال اطلب مره اخري من مقدمه تمت مراجعته والموافقه عليه ', '2019-06-27 12:52:12', '2019-06-27 12:52:12'),
(134, 21, 8, 0, 0, 1, '', '2019-06-27 12:09:56', '2019-06-27 12:09:56'),
(135, 21, 12, 11, NULL, 0, 'عضو فالغرفه ودفع الرسوم', '2019-06-27 14:25:33', '2019-06-27 14:25:33'),
(136, 21, 17, 11, NULL, 0, NULL, '2019-06-27 14:26:10', '2019-06-27 14:26:10'),
(137, 22, 1, 28, NULL, 0, NULL, '2019-06-27 16:24:07', '2019-06-27 16:24:07'),
(138, 22, 2, 10, 5, 0, 'يرجي التاكد من المرفقات', '2019-06-27 16:32:37', '2019-06-27 16:32:37'),
(139, 22, 3, 9, NULL, 0, NULL, '2019-06-27 16:33:46', '2019-06-27 16:33:46'),
(140, 22, 4, 9, NULL, 0, 'تم استلام الاصول', '2019-06-27 16:34:06', '2019-06-27 16:34:06'),
(141, 22, 8, 9, NULL, 0, 'تم استلام الاصول', '2019-06-27 16:34:11', '2019-06-27 16:34:11'),
(142, 22, 8, 0, 0, 1, '', '2019-06-27 15:33:56', '2019-06-27 15:33:56'),
(143, 22, 12, 11, NULL, 0, 'يرجي التاكد من المرفقات', '2019-06-27 18:12:13', '2019-06-27 18:12:13'),
(144, 23, 1, 15, NULL, 0, NULL, '2019-07-01 14:25:15', '2019-07-01 14:25:15'),
(145, 23, 2, 10, 5, 0, '', '2019-07-01 14:29:58', '2019-07-01 14:29:58'),
(146, 23, 3, 9, NULL, 0, NULL, '2019-07-01 14:46:02', '2019-07-01 14:46:02'),
(147, 23, 4, 9, NULL, 0, '', '2019-07-01 14:46:06', '2019-07-01 14:46:06'),
(148, 23, 8, 9, NULL, 0, 'comment', '2019-07-01 14:48:16', '2019-07-01 14:48:16'),
(149, 23, 8, 10, NULL, 0, 'comment', '2019-07-01 14:48:41', '2019-07-01 14:48:41'),
(150, 24, 1, 28, NULL, 0, NULL, '2019-07-01 15:05:18', '2019-07-01 15:05:18'),
(151, 24, 2, 10, 5, 0, 'check the originals and match with the attachments', '2019-07-01 15:06:15', '2019-07-01 15:06:15'),
(152, 24, 3, 9, NULL, 0, NULL, '2019-07-01 15:07:26', '2019-07-01 15:07:26'),
(153, 24, 4, 9, NULL, 0, '', '2019-07-01 15:22:26', '2019-07-01 15:22:26'),
(154, 24, 5, 9, 5, 0, '', '2019-07-01 15:22:26', '2019-07-01 15:22:26'),
(155, 25, 1, 28, NULL, 0, NULL, '2019-07-01 15:52:03', '2019-07-01 15:52:03'),
(156, 26, 1, 28, NULL, 0, NULL, '2019-07-01 16:00:05', '2019-07-01 16:00:05'),
(157, 26, 2, 10, 5, 0, 'check attachment and compare with originals', '2019-07-01 16:40:37', '2019-07-01 16:40:37'),
(158, 26, 3, 9, NULL, 0, NULL, '2019-07-01 16:41:15', '2019-07-01 16:41:15'),
(159, 25, 2, NULL, 18, 1, NULL, '2019-07-01 16:51:54', '2019-07-01 16:51:54'),
(160, 26, 4, 9, NULL, 1, '', '2019-07-01 16:52:32', '2019-07-01 16:52:32'),
(161, 26, 5, 9, 5, 1, '', '2019-07-01 16:52:32', '2019-07-01 16:52:32'),
(162, 23, 12, 11, NULL, 0, 'عضو في الغرفه وتم دفع الفلوس', '2019-07-01 16:54:19', '2019-07-01 16:54:19'),
(163, 23, 17, 11, NULL, 0, NULL, '2019-07-01 16:54:23', '2019-07-01 16:54:23'),
(164, 25, 3, 9, NULL, 0, NULL, '2019-07-01 17:01:20', '2019-07-01 17:01:20'),
(165, 25, 4, 9, NULL, 0, '', '2019-07-01 17:25:22', '2019-07-01 17:25:22'),
(166, 25, 8, 9, NULL, 0, 'تم التحقق', '2019-07-01 17:25:42', '2019-07-01 17:25:42'),
(167, 25, 15, 10, 18, 0, 'check again', '2019-07-01 17:42:25', '2019-07-01 17:42:25'),
(168, 25, 3, 9, NULL, 0, NULL, '2019-07-01 17:42:50', '2019-07-01 17:42:50'),
(169, 25, 8, 9, NULL, 0, 'تم', '2019-07-01 17:43:07', '2019-07-01 17:43:07'),
(170, 27, 1, 15, NULL, 0, NULL, '2019-07-01 18:35:04', '2019-07-01 18:35:04'),
(171, 28, 1, 15, NULL, 0, NULL, '2019-07-01 18:39:36', '2019-07-01 18:39:36'),
(172, 25, 8, 0, 0, 1, '', '2019-07-01 16:43:56', '2019-07-01 16:43:56'),
(173, 27, 2, NULL, 18, 1, NULL, '2019-07-01 19:35:54', '2019-07-01 19:35:54'),
(174, 28, 2, NULL, 18, 1, NULL, '2019-07-01 19:39:54', '2019-07-01 19:39:54'),
(175, 22, 12, 11, NULL, 0, 'تم التحقق', '2019-07-02 09:56:14', '2019-07-02 09:56:14'),
(176, 22, 17, 11, NULL, 0, NULL, '2019-07-02 09:56:18', '2019-07-02 09:56:18'),
(177, 28, 3, 9, NULL, 0, NULL, '2019-07-02 10:04:14', '2019-07-02 10:04:14'),
(178, 28, 4, 9, NULL, 0, '', '2019-07-02 10:09:55', '2019-07-02 10:09:55'),
(179, 28, 5, 9, 18, 0, '', '2019-07-02 10:09:55', '2019-07-02 10:09:55'),
(180, 28, 3, 9, NULL, 0, NULL, '2019-07-02 10:10:11', '2019-07-02 10:10:11'),
(181, 28, 4, 9, NULL, 1, '', '2019-07-02 10:11:32', '2019-07-02 10:11:32'),
(182, 28, 5, 9, 18, 1, '', '2019-07-02 10:11:32', '2019-07-02 10:11:32'),
(183, 28, 3, 9, NULL, 0, NULL, '2019-07-02 10:13:48', '2019-07-02 10:13:48'),
(184, 28, 4, 9, NULL, 1, '', '2019-07-02 10:14:15', '2019-07-02 10:14:15'),
(185, 28, 5, 9, 18, 1, '', '2019-07-02 10:14:15', '2019-07-02 10:14:15'),
(186, 28, 3, 9, NULL, 0, NULL, '2019-07-02 10:15:39', '2019-07-02 10:15:39'),
(187, 27, 3, 36, NULL, 0, NULL, '2019-07-02 10:16:54', '2019-07-02 10:16:54'),
(188, 27, 4, 36, NULL, 0, 'تم استلام الاصول ', '2019-07-02 10:16:59', '2019-07-02 10:16:59'),
(189, 28, 4, 9, NULL, 1, '', '2019-07-02 10:18:06', '2019-07-02 10:18:06'),
(190, 28, 5, 9, 18, 1, '', '2019-07-02 10:18:06', '2019-07-02 10:18:06'),
(191, 28, 3, 9, NULL, 0, NULL, '2019-07-02 10:25:26', '2019-07-02 10:25:26'),
(192, 28, 4, 9, NULL, 1, '', '2019-07-02 10:25:43', '2019-07-02 10:25:43'),
(193, 28, 5, 9, 18, 1, '', '2019-07-02 10:25:43', '2019-07-02 10:25:43'),
(194, 28, 3, 9, NULL, 0, NULL, '2019-07-02 10:25:55', '2019-07-02 10:25:55'),
(195, 28, 4, 9, NULL, 0, '', '2019-07-02 10:26:03', '2019-07-02 10:26:03'),
(196, 28, 5, 9, 18, 0, '', '2019-07-02 10:26:03', '2019-07-02 10:26:03'),
(197, 28, 3, 9, NULL, 0, NULL, '2019-07-02 10:26:17', '2019-07-02 10:26:17'),
(198, 27, 4, 36, NULL, 0, 'تم استلام الاصول التعليق\n', '2019-07-02 10:35:32', '2019-07-02 10:35:32'),
(199, 27, 5, 36, 18, 0, 'تم استلام الاصول التعليق\n', '2019-07-02 10:35:32', '2019-07-02 10:35:32'),
(200, 28, 4, 9, NULL, 0, '', '2019-07-02 10:35:35', '2019-07-02 10:35:35'),
(201, 28, 5, 9, 18, 0, '', '2019-07-02 10:35:35', '2019-07-02 10:35:35'),
(202, 28, 3, 9, NULL, 0, NULL, '2019-07-02 10:35:56', '2019-07-02 10:35:56'),
(203, 28, 4, 9, NULL, 0, '', '2019-07-02 10:36:07', '2019-07-02 10:36:07'),
(204, 28, 5, 9, 18, 0, '', '2019-07-02 10:36:07', '2019-07-02 10:36:07'),
(205, 28, 3, 9, NULL, 0, NULL, '2019-07-02 10:37:29', '2019-07-02 10:37:29'),
(206, 28, 4, 9, NULL, 1, '', '2019-07-02 10:37:46', '2019-07-02 10:37:46'),
(207, 28, 5, 9, 18, 1, '', '2019-07-02 10:37:46', '2019-07-02 10:37:46'),
(208, 28, 3, 9, NULL, 0, NULL, '2019-07-02 10:38:03', '2019-07-02 10:38:03'),
(209, 28, 4, 9, NULL, 1, '', '2019-07-02 10:38:21', '2019-07-02 10:38:21'),
(210, 28, 5, 9, 18, 1, '', '2019-07-02 10:38:21', '2019-07-02 10:38:21'),
(211, 27, 3, 36, NULL, 0, NULL, '2019-07-02 10:38:32', '2019-07-02 10:38:32'),
(212, 28, 3, 9, NULL, 0, NULL, '2019-07-02 10:39:22', '2019-07-02 10:39:22'),
(213, 28, 4, 9, NULL, 1, '', '2019-07-02 10:39:40', '2019-07-02 10:39:40'),
(214, 28, 5, 9, 18, 1, '', '2019-07-02 10:39:40', '2019-07-02 10:39:40'),
(215, 28, 3, 9, NULL, 0, NULL, '2019-07-02 10:42:38', '2019-07-02 10:42:38'),
(216, 28, 4, 9, NULL, 0, '', '2019-07-02 10:42:50', '2019-07-02 10:42:50'),
(217, 28, 5, 9, 18, 0, '', '2019-07-02 10:42:50', '2019-07-02 10:42:50'),
(218, 28, 3, 9, NULL, 0, NULL, '2019-07-02 10:42:56', '2019-07-02 10:42:56'),
(219, 28, 4, 9, NULL, 0, '', '2019-07-02 10:43:06', '2019-07-02 10:43:06'),
(220, 28, 5, 9, 18, 0, '', '2019-07-02 10:43:06', '2019-07-02 10:43:06'),
(221, 28, 3, 9, NULL, 0, NULL, '2019-07-02 10:43:27', '2019-07-02 10:43:27'),
(222, 28, 4, 9, NULL, 1, '', '2019-07-02 10:43:44', '2019-07-02 10:43:44'),
(223, 28, 5, 9, 18, 1, '', '2019-07-02 10:43:44', '2019-07-02 10:43:44'),
(224, 28, 3, 9, NULL, 0, NULL, '2019-07-02 10:47:01', '2019-07-02 10:47:01'),
(225, 28, 4, 9, NULL, 1, '', '2019-07-02 10:47:26', '2019-07-02 10:47:26'),
(226, 28, 5, 9, 18, 1, '', '2019-07-02 10:47:26', '2019-07-02 10:47:26'),
(227, 28, 3, 9, NULL, 0, NULL, '2019-07-02 10:53:53', '2019-07-02 10:53:53'),
(228, 28, 4, 9, NULL, 1, '', '2019-07-02 10:54:58', '2019-07-02 10:54:58'),
(229, 28, 5, 9, 18, 1, '', '2019-07-02 10:54:58', '2019-07-02 10:54:58'),
(230, 28, 3, 9, NULL, 0, NULL, '2019-07-02 11:01:00', '2019-07-02 11:01:00'),
(231, 28, 4, 9, NULL, 1, '', '2019-07-02 11:01:17', '2019-07-02 11:01:17'),
(232, 28, 5, 9, 18, 1, '', '2019-07-02 11:01:17', '2019-07-02 11:01:17'),
(233, 28, 3, 9, NULL, 0, NULL, '2019-07-02 11:02:29', '2019-07-02 11:02:29'),
(234, 28, 4, 9, NULL, 1, '', '2019-07-02 11:02:46', '2019-07-02 11:02:46'),
(235, 28, 5, 9, 18, 1, '', '2019-07-02 11:02:46', '2019-07-02 11:02:46'),
(236, 28, 3, 9, NULL, 0, NULL, '2019-07-02 11:03:18', '2019-07-02 11:03:18'),
(237, 28, 4, 9, NULL, 0, '', '2019-07-02 11:03:27', '2019-07-02 11:03:27'),
(238, 28, 5, 9, 18, 0, '', '2019-07-02 11:03:27', '2019-07-02 11:03:27'),
(239, 28, 3, 9, NULL, 0, NULL, '2019-07-02 11:03:32', '2019-07-02 11:03:32'),
(240, 28, 4, 9, NULL, 1, '', '2019-07-02 11:03:49', '2019-07-02 11:03:49'),
(241, 28, 5, 9, 18, 1, '', '2019-07-02 11:03:49', '2019-07-02 11:03:49'),
(242, 29, 1, 20, NULL, 0, NULL, '2019-07-02 11:09:45', '2019-07-02 11:09:45'),
(243, 29, 2, NULL, 18, 1, NULL, '2019-07-02 12:09:54', '2019-07-02 12:09:54'),
(244, 18, 3, 9, NULL, 0, NULL, '2019-07-02 14:07:34', '2019-07-02 14:07:34'),
(245, 25, 12, 11, NULL, 0, '', '2019-07-02 14:08:58', '2019-07-02 14:08:58'),
(246, 25, 17, 11, NULL, 0, NULL, '2019-07-02 14:09:00', '2019-07-02 14:09:00'),
(247, 30, 1, 28, NULL, 0, NULL, '2019-07-03 10:31:11', '2019-07-03 10:31:11'),
(248, 30, 2, NULL, 18, 1, NULL, '2019-07-03 11:31:54', '2019-07-03 11:31:54'),
(249, 25, 14, 11, NULL, 0, NULL, '2019-07-03 12:47:53', '2019-07-03 12:47:53'),
(250, 30, 3, 39, NULL, 0, NULL, '2019-07-04 09:42:09', '2019-07-04 09:42:09'),
(251, 30, 4, 39, NULL, 0, '', '2019-07-04 09:48:33', '2019-07-04 09:48:33'),
(252, 30, 8, 39, NULL, 0, 'تم التاكد من صحه البيانات', '2019-07-04 09:49:10', '2019-07-04 09:49:10'),
(253, 30, 8, 10, NULL, 0, 'تم', '2019-07-04 10:34:55', '2019-07-04 10:34:55'),
(254, 30, 12, 12, NULL, 0, 'تم التاكد من صحه البيانات', '2019-07-04 10:39:17', '2019-07-04 10:39:17'),
(255, 30, 12, 11, NULL, 0, 'تم', '2019-07-04 10:42:07', '2019-07-04 10:42:07'),
(256, 30, 17, 11, NULL, 0, NULL, '2019-07-04 10:42:11', '2019-07-04 10:42:11'),
(257, 29, 3, 9, NULL, 0, NULL, '2019-07-05 14:27:58', '2019-07-05 14:27:58'),
(258, 29, 11, 9, 4, 0, 'not complete ', '2019-07-05 14:28:32', '2019-07-05 14:28:32'),
(259, 31, 1, 15, NULL, 0, NULL, '2019-07-05 14:30:49', '2019-07-05 14:30:49'),
(260, 31, 2, 10, 5, 0, 'see this', '2019-07-05 14:32:19', '2019-07-05 14:32:19'),
(261, 31, 3, 9, NULL, 0, NULL, '2019-07-05 14:32:34', '2019-07-05 14:32:34'),
(262, 31, 11, 9, 1, 0, 'test', '2019-07-05 14:32:46', '2019-07-05 14:32:46'),
(263, 32, 1, 15, NULL, 0, NULL, '2019-07-05 14:37:21', '2019-07-05 14:37:21'),
(264, 32, 2, 10, 5, 0, 'asd', '2019-07-05 14:39:36', '2019-07-05 14:39:36'),
(265, 32, 3, 9, NULL, 0, NULL, '2019-07-05 14:39:56', '2019-07-05 14:39:56'),
(266, 32, 4, 9, NULL, 0, 'asd', '2019-07-05 14:40:05', '2019-07-05 14:40:05'),
(267, 32, 11, 9, 1, 0, 'asd', '2019-07-05 14:40:09', '2019-07-05 14:40:09'),
(268, 33, 1, 28, NULL, 0, NULL, '2019-07-14 15:22:07', '2019-07-14 15:22:07'),
(269, 33, 2, NULL, 18, 1, NULL, '2019-07-14 15:23:54', '2019-07-14 15:23:54'),
(270, 33, 3, 9, NULL, 0, NULL, '2019-07-14 15:28:46', '2019-07-14 15:28:46'),
(271, 33, 11, 9, 7, 0, 'لم يتم استلام الطلب', '2019-07-14 15:29:23', '2019-07-14 15:29:23'),
(272, 33, 16, 28, 9, 0, 'تم ارسال الاصول', '2019-07-14 15:36:47', '2019-07-14 15:36:47'),
(273, 33, 3, 39, NULL, 0, NULL, '2019-07-14 15:43:23', '2019-07-14 15:43:23'),
(274, 33, 5, 39, NULL, 0, NULL, '2019-07-14 15:43:36', '2019-07-14 15:43:36'),
(275, 33, 3, 39, NULL, 0, NULL, '2019-07-14 15:44:11', '2019-07-14 15:44:11'),
(276, 33, 4, 39, NULL, 0, '', '2019-07-14 15:44:27', '2019-07-14 15:44:27'),
(277, 33, 8, 39, NULL, 0, 'تم التاكد من الاصول', '2019-07-14 15:44:49', '2019-07-14 15:44:49'),
(278, 33, 8, 10, NULL, 0, '', '2019-07-14 15:51:36', '2019-07-14 15:51:36'),
(279, 33, 12, 11, NULL, 0, '', '2019-07-14 15:52:41', '2019-07-14 15:52:41'),
(280, 33, 17, 11, NULL, 0, NULL, '2019-07-14 15:53:28', '2019-07-14 15:53:28'),
(281, 33, 4, 14, NULL, 0, NULL, '2019-07-15 11:49:34', '2019-07-15 11:49:34'),
(282, 28, 3, 9, NULL, 0, NULL, '2019-07-15 12:16:07', '2019-07-15 12:16:07'),
(283, 28, 4, 9, NULL, 1, '', '2019-07-15 12:27:12', '2019-07-15 12:27:12'),
(284, 28, 5, 9, 18, 1, '', '2019-07-15 12:27:12', '2019-07-15 12:27:12'),
(285, 28, 3, 9, NULL, 0, NULL, '2019-07-15 12:27:52', '2019-07-15 12:27:52'),
(286, 20, 16, 32, 9, 0, 'تم التعديل ', '2019-07-15 16:25:17', '2019-07-15 16:25:17'),
(287, 20, 3, 9, NULL, 0, NULL, '2019-07-15 16:25:40', '2019-07-15 16:25:40'),
(288, 20, 11, 9, 11, 0, 'لا لسه في حاجات غلط', '2019-07-15 16:25:56', '2019-07-15 16:25:56'),
(289, 20, 8, 0, 0, 1, '', '2019-07-15 16:25:56', '2019-07-15 16:25:56'),
(290, 18, 4, 9, NULL, 1, '', '2019-07-16 13:43:18', '2019-07-16 13:43:18'),
(291, 18, 5, 9, 5, 1, '', '2019-07-16 13:43:18', '2019-07-16 13:43:18'),
(292, 28, 4, 9, NULL, 1, '', '2019-07-16 15:34:13', '2019-07-16 15:34:13'),
(293, 28, 5, 9, 18, 1, '', '2019-07-16 15:34:13', '2019-07-16 15:34:13'),
(294, 34, 1, 20, NULL, 0, NULL, '2019-07-16 17:45:47', '2019-07-16 17:45:47'),
(295, 34, 2, 10, 5, 0, 'راجع الطلب ده يا موظف', '2019-07-16 17:47:03', '2019-07-16 17:47:03'),
(296, 34, 3, 9, NULL, 0, NULL, '2019-07-16 17:47:27', '2019-07-16 17:47:27'),
(297, 34, 4, 9, NULL, 0, 'تم استلام الاصول', '2019-07-16 17:47:39', '2019-07-16 17:47:39'),
(298, 34, 4, 9, NULL, 0, 'قبول الطلب', '2019-07-16 17:48:08', '2019-07-16 17:48:08'),
(299, 34, 5, 9, 5, 0, 'قبول الطلب', '2019-07-16 17:48:08', '2019-07-16 17:48:08'),
(300, 34, 3, 9, NULL, 0, NULL, '2019-07-16 17:48:50', '2019-07-16 17:48:50'),
(301, 34, 8, 9, NULL, 0, 'قبول', '2019-07-16 17:49:22', '2019-07-16 17:49:22'),
(302, 34, 8, 10, NULL, 0, 'تمام ', '2019-07-16 17:50:10', '2019-07-16 17:50:10'),
(303, 34, 12, 11, NULL, 0, 'دفع الرسوم وكله تمام', '2019-07-16 17:51:25', '2019-07-16 17:51:25'),
(304, 34, 17, 11, NULL, 0, NULL, '2019-07-16 17:51:38', '2019-07-16 17:51:38'),
(305, 28, 3, 9, NULL, 0, NULL, '2019-07-18 18:21:49', '2019-07-18 18:21:49'),
(306, 28, 4, 9, NULL, 0, 'تم المراجعه', '2019-07-18 18:22:04', '2019-07-18 18:22:04'),
(307, 28, 8, 9, NULL, 0, 'تم المراجعه', '2019-07-18 18:22:11', '2019-07-18 18:22:11'),
(308, 28, 8, 10, NULL, 0, 'تاكد', '2019-07-18 18:22:56', '2019-07-18 18:22:56'),
(309, 28, 12, 11, NULL, 0, '', '2019-07-18 18:29:14', '2019-07-18 18:29:14'),
(310, 28, 17, 11, NULL, 0, NULL, '2019-07-18 18:29:17', '2019-07-18 18:29:17'),
(311, 35, 1, 28, NULL, 0, NULL, '2019-07-21 10:05:56', '2019-07-21 10:05:56'),
(312, 35, 2, NULL, 28, 1, NULL, '2019-07-21 10:07:54', '2019-07-21 10:07:54'),
(313, 29, 16, 20, 9, 0, 'send to employee', '2019-07-21 10:15:20', '2019-07-21 10:15:20'),
(314, 29, 4, 9, NULL, 0, 'تم استلام الاصول', '2019-07-21 10:16:13', '2019-07-21 10:16:13'),
(315, 35, 3, 39, NULL, 0, NULL, '2019-07-21 10:17:12', '2019-07-21 10:17:12'),
(316, 35, 11, 39, 7, 0, 'لم يتم استلام الاصول', '2019-07-21 11:26:45', '2019-07-21 11:26:45'),
(317, 35, 16, 28, 39, 0, 'تم الارسال', '2019-07-21 11:28:58', '2019-07-21 11:28:58'),
(318, 35, 11, 39, 7, 0, 'تم', '2019-07-21 11:29:20', '2019-07-21 11:29:20'),
(319, 35, 16, 28, 39, 0, 'done', '2019-07-21 11:30:22', '2019-07-21 11:30:22'),
(320, 35, 4, 39, NULL, 0, '', '2019-07-21 11:31:50', '2019-07-21 11:31:50'),
(321, 35, 4, 39, NULL, 0, '', '2019-07-21 12:01:03', '2019-07-21 12:01:03'),
(322, 35, 8, 39, NULL, 0, 'تم القبول', '2019-07-21 12:05:14', '2019-07-21 12:05:14'),
(323, 35, 15, 10, 28, 0, 'اعاده مراجعه', '2019-07-21 12:05:55', '2019-07-21 12:05:55'),
(324, 35, 3, 39, NULL, 0, NULL, '2019-07-21 12:27:38', '2019-07-21 12:27:38'),
(325, 35, 5, 39, NULL, 0, NULL, '2019-07-21 12:36:50', '2019-07-21 12:36:50'),
(326, 35, 3, 9, NULL, 0, NULL, '2019-07-21 12:37:02', '2019-07-21 12:37:02'),
(327, 35, 8, 9, NULL, 0, 'تم التحقق', '2019-07-21 12:37:14', '2019-07-21 12:37:14'),
(328, 35, 8, 10, NULL, 0, '', '2019-07-21 12:37:34', '2019-07-21 12:37:34'),
(329, 36, 1, 28, NULL, 0, NULL, '2019-07-21 12:50:15', '2019-07-21 12:50:15'),
(330, 36, 2, 10, 28, 0, '', '2019-07-21 12:50:39', '2019-07-21 12:50:39'),
(331, 36, 3, 39, NULL, 0, NULL, '2019-07-21 12:51:03', '2019-07-21 12:51:03'),
(332, 36, 4, 39, NULL, 0, '', '2019-07-21 12:51:18', '2019-07-21 12:51:18'),
(333, 36, 8, 39, NULL, 0, 'done', '2019-07-21 12:51:48', '2019-07-21 12:51:48'),
(334, 36, 15, 10, 28, 0, 'not done', '2019-07-21 12:52:05', '2019-07-21 12:52:05'),
(335, 36, 5, 39, NULL, 0, NULL, '2019-07-21 12:52:35', '2019-07-21 12:52:35'),
(336, 36, 3, 39, NULL, 0, NULL, '2019-07-21 14:37:07', '2019-07-21 14:37:07'),
(337, 36, 8, 39, NULL, 0, 'تم', '2019-07-21 14:37:20', '2019-07-21 14:37:20'),
(338, 36, 8, 0, 0, 1, '', '2019-07-21 12:39:56', '2019-07-21 12:39:56'),
(339, 37, 1, 15, NULL, 0, NULL, '2019-07-21 14:50:36', '2019-07-21 14:50:36'),
(340, 37, 2, 10, 5, 0, '', '2019-07-21 14:51:29', '2019-07-21 14:51:29'),
(341, 37, 3, 9, NULL, 0, NULL, '2019-07-21 14:52:01', '2019-07-21 14:52:01'),
(342, 37, 4, 9, NULL, 0, '', '2019-07-21 14:52:08', '2019-07-21 14:52:08'),
(343, 37, 4, 9, NULL, 0, '', '2019-07-21 15:05:12', '2019-07-21 15:05:12'),
(344, 37, 8, 9, NULL, 0, 'sdf', '2019-07-21 15:05:19', '2019-07-21 15:05:19'),
(345, 37, 8, 10, NULL, 0, '', '2019-07-21 15:05:32', '2019-07-21 15:05:32'),
(346, 37, 12, 11, NULL, 0, '', '2019-07-21 15:06:13', '2019-07-21 15:06:13'),
(347, 37, 17, 11, NULL, 0, NULL, '2019-07-21 15:06:16', '2019-07-21 15:06:16'),
(348, 38, 1, 15, NULL, 0, NULL, '2019-07-21 15:11:10', '2019-07-21 15:11:10'),
(349, 38, 2, 10, 5, 0, '', '2019-07-21 15:11:45', '2019-07-21 15:11:45'),
(350, 38, 3, 9, NULL, 0, NULL, '2019-07-21 15:12:28', '2019-07-21 15:12:28'),
(351, 38, 4, 9, NULL, 0, '', '2019-07-21 15:12:48', '2019-07-21 15:12:48'),
(352, 38, 8, 9, NULL, 0, 'asd', '2019-07-21 15:13:13', '2019-07-21 15:13:13'),
(353, 38, 8, 10, NULL, 0, '', '2019-07-21 15:13:42', '2019-07-21 15:13:42'),
(354, 38, 12, 11, NULL, 0, '', '2019-07-21 15:14:27', '2019-07-21 15:14:27'),
(355, 38, 17, 11, NULL, 0, NULL, '2019-07-21 15:14:52', '2019-07-21 15:14:52'),
(356, 36, 12, 11, NULL, 0, '', '2019-07-21 15:25:43', '2019-07-21 15:25:43'),
(357, 36, 17, 11, NULL, 0, NULL, '2019-07-21 15:25:45', '2019-07-21 15:25:45'),
(358, 39, 1, 15, NULL, 0, NULL, '2019-07-21 15:32:01', '2019-07-21 15:32:01'),
(359, 39, 2, 10, 5, 0, '', '2019-07-21 15:32:52', '2019-07-21 15:32:52'),
(360, 39, 3, 9, NULL, 0, NULL, '2019-07-21 15:34:02', '2019-07-21 15:34:02'),
(361, 39, 11, 9, 1, 0, 'you have to send attachmentrs', '2019-07-21 15:38:42', '2019-07-21 15:38:42'),
(362, 39, 16, 15, 9, 0, 'done', '2019-07-21 15:39:21', '2019-07-21 15:39:21'),
(363, 39, 4, 9, NULL, 0, '', '2019-07-21 15:39:40', '2019-07-21 15:39:40'),
(364, 39, 8, 9, NULL, 0, 'accepted', '2019-07-21 15:39:48', '2019-07-21 15:39:48'),
(365, 39, 8, 10, NULL, 0, '', '2019-07-21 15:40:21', '2019-07-21 15:40:21'),
(366, 39, 12, 11, NULL, 0, '', '2019-07-21 15:41:47', '2019-07-21 15:41:47'),
(367, 39, 17, 11, NULL, 0, NULL, '2019-07-21 15:42:27', '2019-07-21 15:42:27'),
(368, 40, 1, 26, NULL, 0, NULL, '2019-07-21 15:49:42', '2019-07-21 15:49:42'),
(369, 40, 2, 10, 18, 0, '', '2019-07-21 15:50:13', '2019-07-21 15:50:13'),
(370, 40, 3, 9, NULL, 0, NULL, '2019-07-21 15:50:33', '2019-07-21 15:50:33'),
(371, 40, 4, 9, NULL, 0, '', '2019-07-21 15:50:36', '2019-07-21 15:50:36'),
(372, 40, 5, 9, NULL, 0, NULL, '2019-07-21 15:50:51', '2019-07-21 15:50:51'),
(373, 40, 3, 9, NULL, 0, NULL, '2019-07-21 15:51:29', '2019-07-21 15:51:29'),
(374, 40, 4, 9, NULL, 0, '', '2019-07-21 15:51:34', '2019-07-21 15:51:34'),
(375, 40, 5, 9, NULL, 0, NULL, '2019-07-21 15:51:46', '2019-07-21 15:51:46'),
(376, 40, 3, 9, NULL, 0, NULL, '2019-07-21 15:53:06', '2019-07-21 15:53:06'),
(377, 40, 4, 9, NULL, 0, '', '2019-07-21 15:53:09', '2019-07-21 15:53:09'),
(378, 40, 4, 9, NULL, 0, '', '2019-07-21 15:53:43', '2019-07-21 15:53:43'),
(379, 40, 5, 9, NULL, 0, NULL, '2019-07-21 15:55:18', '2019-07-21 15:55:18'),
(380, 40, 3, 9, NULL, 0, NULL, '2019-07-21 15:56:15', '2019-07-21 15:56:15'),
(381, 41, 1, 15, NULL, 0, NULL, '2019-07-21 16:56:05', '2019-07-21 16:56:05'),
(382, 41, 2, 10, 5, 0, 'check the attachments', '2019-07-21 16:57:06', '2019-07-21 16:57:06'),
(383, 41, 3, 9, NULL, 0, NULL, '2019-07-21 16:58:27', '2019-07-21 16:58:27'),
(384, 41, 4, 9, NULL, 0, '', '2019-07-21 16:59:59', '2019-07-21 16:59:59'),
(385, 41, 8, 9, NULL, 0, 'done', '2019-07-21 17:00:07', '2019-07-21 17:00:07'),
(386, 41, 8, 10, NULL, 0, '', '2019-07-21 17:01:52', '2019-07-21 17:01:52'),
(387, 41, 12, 11, NULL, 0, '', '2019-07-21 17:03:28', '2019-07-21 17:03:28'),
(388, 41, 17, 11, NULL, 0, NULL, '2019-07-21 17:04:35', '2019-07-21 17:04:35'),
(389, 41, 4, 14, NULL, 0, NULL, '2019-07-21 17:09:20', '2019-07-21 17:09:20'),
(390, 32, 16, 15, 9, 0, 'sadasd', '2019-07-21 17:41:58', '2019-07-21 17:41:58'),
(391, 32, 8, 9, NULL, 0, 'asd', '2019-07-21 17:42:37', '2019-07-21 17:42:37'),
(392, 32, 8, 10, NULL, 0, '', '2019-07-21 17:43:01', '2019-07-21 17:43:01'),
(393, 32, 12, 11, NULL, 0, '', '2019-07-21 17:43:42', '2019-07-21 17:43:42'),
(394, 32, 17, 11, NULL, 0, NULL, '2019-07-21 17:44:39', '2019-07-21 17:44:39'),
(395, 42, 1, 53, NULL, 0, NULL, '2019-07-21 18:43:02', '2019-07-21 18:43:02'),
(396, 42, 2, 10, 5, 0, '', '2019-07-21 18:43:32', '2019-07-21 18:43:32'),
(397, 42, 3, 9, NULL, 0, NULL, '2019-07-21 18:43:51', '2019-07-21 18:43:51'),
(398, 42, 11, 9, 16, 0, 'gg', '2019-07-21 18:43:59', '2019-07-21 18:43:59'),
(399, 43, 1, 53, NULL, 0, NULL, '2019-07-21 19:00:09', '2019-07-21 19:00:09'),
(400, 43, 2, NULL, 28, 1, NULL, '2019-07-21 19:01:54', '2019-07-21 19:01:54'),
(401, 42, 16, 53, 9, 0, '55565', '2019-07-21 19:02:15', '2019-07-21 19:02:15'),
(402, 42, 4, 9, NULL, 0, 'DONE', '2019-07-21 19:02:47', '2019-07-21 19:02:47'),
(403, 42, 8, 9, NULL, 0, 'DONE', '2019-07-21 19:02:50', '2019-07-21 19:02:50'),
(404, 42, 8, 10, NULL, 0, '', '2019-07-21 19:03:12', '2019-07-21 19:03:12'),
(405, 42, 12, 11, NULL, 0, '', '2019-07-21 19:04:03', '2019-07-21 19:04:03'),
(406, 42, 17, 11, NULL, 0, NULL, '2019-07-21 19:04:25', '2019-07-21 19:04:25'),
(407, 44, 1, 15, NULL, 0, NULL, '2019-07-21 20:12:22', '2019-07-21 20:12:22'),
(408, 44, 2, NULL, 28, 1, NULL, '2019-07-21 20:13:54', '2019-07-21 20:13:54'),
(409, 44, 3, 9, NULL, 0, NULL, '2019-07-21 20:14:45', '2019-07-21 20:14:45'),
(410, 44, 4, 9, NULL, 0, '', '2019-07-21 20:14:48', '2019-07-21 20:14:48'),
(411, 44, 11, 9, 1, 0, 'aadsd', '2019-07-21 20:14:58', '2019-07-21 20:14:58'),
(412, 43, 3, 9, NULL, 0, NULL, '2019-07-21 23:50:57', '2019-07-21 23:50:57'),
(413, 43, 11, 9, 16, 0, 'check', '2019-07-21 23:51:09', '2019-07-21 23:51:09'),
(414, 43, 16, 53, 9, 0, 'done', '2019-07-21 23:56:28', '2019-07-21 23:56:28'),
(415, 43, 4, 9, NULL, 0, '', '2019-07-21 23:57:01', '2019-07-21 23:57:01'),
(416, 43, 8, 9, NULL, 0, 'done', '2019-07-21 23:57:08', '2019-07-21 23:57:08'),
(417, 43, 8, 10, NULL, 0, '', '2019-07-21 23:58:15', '2019-07-21 23:58:15'),
(418, 43, 12, 12, NULL, 0, '', '2019-07-22 00:00:24', '2019-07-22 00:00:24'),
(419, 43, 12, 11, NULL, 0, '', '2019-07-22 00:01:33', '2019-07-22 00:01:33'),
(420, 43, 17, 11, NULL, 0, NULL, '2019-07-22 00:01:50', '2019-07-22 00:01:50'),
(421, 45, 1, 54, NULL, 0, NULL, '2019-07-22 09:45:19', '2019-07-22 09:45:19'),
(422, 45, 2, 10, 5, 0, '', '2019-07-22 09:45:41', '2019-07-22 09:45:41'),
(423, 45, 3, 9, NULL, 0, NULL, '2019-07-22 09:45:58', '2019-07-22 09:45:58'),
(424, 45, 11, 9, 17, 0, 'ادخل مرفقات اخري', '2019-07-22 09:46:26', '2019-07-22 09:46:26'),
(425, 45, 16, 54, 9, 0, 'تم التعديل ', '2019-07-22 09:48:30', '2019-07-22 09:48:30'),
(426, 45, 4, 9, NULL, 0, 'done', '2019-07-22 09:51:21', '2019-07-22 09:51:21'),
(427, 45, 8, 9, NULL, 0, 'done', '2019-07-22 09:51:24', '2019-07-22 09:51:24'),
(428, 45, 8, 10, NULL, 0, '', '2019-07-22 09:51:40', '2019-07-22 09:51:40'),
(429, 35, 12, 12, NULL, 0, '', '2019-07-22 09:53:07', '2019-07-22 09:53:07'),
(430, 35, 17, 11, NULL, 0, NULL, '2019-07-22 09:54:40', '2019-07-22 09:54:40'),
(431, 46, 1, 28, NULL, 0, NULL, '2019-07-22 11:27:16', '2019-07-22 11:27:16'),
(432, 46, 2, NULL, 28, 1, NULL, '2019-07-22 11:29:54', '2019-07-22 11:29:54'),
(433, 46, 3, 9, NULL, 0, NULL, '2019-07-22 11:41:42', '2019-07-22 11:41:42'),
(434, 46, 4, 9, NULL, 0, 'done', '2019-07-22 11:42:56', '2019-07-22 11:42:56'),
(435, 46, 8, 9, NULL, 0, 'done', '2019-07-22 11:43:00', '2019-07-22 11:43:00'),
(436, 46, 8, 10, NULL, 0, '', '2019-07-22 11:44:15', '2019-07-22 11:44:15'),
(437, 46, 12, 11, NULL, 0, '', '2019-07-22 11:51:35', '2019-07-22 11:51:35'),
(438, 46, 17, 11, NULL, 0, NULL, '2019-07-22 11:51:45', '2019-07-22 11:51:45'),
(439, 45, 12, 11, NULL, 0, '', '2019-08-15 09:12:27', '2019-08-15 09:12:27'),
(440, 47, 1, 64, NULL, 0, NULL, '2019-08-26 11:43:26', '2019-08-26 11:43:26'),
(441, 47, 2, 10, 5, 0, 'check attachment\n', '2019-08-26 11:44:55', '2019-08-26 11:44:55'),
(442, 47, 3, 9, NULL, 0, NULL, '2019-08-26 11:46:16', '2019-08-26 11:46:16'),
(443, 47, 4, 9, NULL, 0, 'orginials received and checked', '2019-08-26 11:47:07', '2019-08-26 11:47:07'),
(444, 47, 8, 9, NULL, 0, 'orginials received and checked', '2019-08-26 11:47:14', '2019-08-26 11:47:14'),
(445, 47, 8, 10, NULL, 0, 'done', '2019-08-26 11:49:11', '2019-08-26 11:49:11'),
(446, 48, 1, 65, NULL, 0, NULL, '2019-08-28 11:10:09', '2019-08-28 11:10:09'),
(447, 48, 2, NULL, 28, 1, NULL, '2019-08-28 11:11:54', '2019-08-28 11:11:54'),
(448, 48, 3, 9, NULL, 0, NULL, '2019-08-28 11:12:55', '2019-08-28 11:12:55'),
(449, 48, 4, 9, NULL, 0, 'انت كويس', '2019-08-28 11:13:09', '2019-08-28 11:13:09'),
(450, 48, 8, 9, NULL, 0, 'انت كويس', '2019-08-28 11:13:15', '2019-08-28 11:13:15'),
(451, 48, 8, 10, NULL, 0, '', '2019-08-28 11:14:01', '2019-08-28 11:14:01'),
(452, 48, 12, 11, NULL, 0, 'you are good', '2019-08-28 11:15:09', '2019-08-28 11:15:09'),
(453, 48, 12, 11, NULL, 0, 'you are good', '2019-08-28 11:15:28', '2019-08-28 11:15:28'),
(454, 48, 17, 11, NULL, 0, NULL, '2019-08-28 11:15:32', '2019-08-28 11:15:32'),
(455, 47, 12, 11, NULL, 0, '', '2019-08-29 15:39:51', '2019-08-29 15:39:51'),
(456, 40, 4, 9, NULL, 0, '', '2019-09-03 15:14:57', '2019-09-03 15:14:57'),
(457, 40, 8, 9, NULL, 0, '123', '2019-09-03 15:15:09', '2019-09-03 15:15:09'),
(458, 40, 8, 0, 0, 1, '', '2019-09-03 13:17:56', '2019-09-03 13:17:56'),
(459, 29, 8, 9, NULL, 0, 'مقبول', '2019-09-04 11:54:32', '2019-09-04 11:54:32'),
(460, 29, 8, 0, 0, 1, '', '2019-09-04 09:55:56', '2019-09-04 09:55:56'),
(461, 26, 3, 9, NULL, 0, NULL, '2019-09-04 12:22:32', '2019-09-04 12:22:32'),
(462, 26, 4, 9, NULL, 0, '', '2019-09-04 12:23:05', '2019-09-04 12:23:05'),
(463, 26, 8, 9, NULL, 0, 'مقبول', '2019-09-04 12:23:22', '2019-09-04 12:23:22'),
(464, 26, 8, 10, NULL, 0, '', '2019-09-04 12:24:46', '2019-09-04 12:24:46'),
(465, 29, 12, 11, NULL, 0, '', '2019-09-06 11:30:50', '2019-09-06 11:30:50'),
(466, 29, 17, 11, NULL, 0, NULL, '2019-09-06 11:30:53', '2019-09-06 11:30:53'),
(467, 73, 2, NULL, 28, 1, NULL, '2019-09-08 12:45:54', '2019-09-08 12:45:54'),
(468, 74, 2, NULL, 28, 1, NULL, '2019-09-08 12:45:54', '2019-09-08 12:45:54'),
(470, 74, 3, 9, NULL, 0, NULL, '2019-09-08 15:30:44', '2019-09-08 15:30:44'),
(471, 74, 8, 9, NULL, 0, 'تم القبول', '2019-09-08 15:31:05', '2019-09-08 15:31:05'),
(472, 74, 8, 0, 0, 1, '', '2019-09-08 13:33:56', '2019-09-08 13:33:56'),
(473, 77, 1, 15, NULL, 0, NULL, '2019-09-09 12:49:33', '2019-09-09 12:49:33'),
(474, 77, 2, 10, 5, 0, '', '2019-09-09 12:50:54', '2019-09-09 12:50:54'),
(475, 77, 3, 9, NULL, 0, NULL, '2019-09-09 12:51:16', '2019-09-09 12:51:16'),
(476, 77, 4, 9, NULL, 0, '', '2019-09-09 12:51:28', '2019-09-09 12:51:28'),
(477, 77, 8, 9, NULL, 0, 'مقبول', '2019-09-09 12:51:42', '2019-09-09 12:51:42'),
(478, 77, 8, 10, NULL, 0, '', '2019-09-09 12:52:11', '2019-09-09 12:52:11'),
(479, 77, 12, 11, NULL, 0, '', '2019-09-09 12:52:57', '2019-09-09 12:52:57'),
(480, 77, 17, 11, NULL, 0, NULL, '2019-09-09 13:01:15', '2019-09-09 13:01:15'),
(481, 73, 3, 9, NULL, 0, NULL, '2019-09-09 17:29:41', '2019-09-09 17:29:41'),
(482, 73, 4, 9, NULL, 0, '', '2019-09-09 17:32:49', '2019-09-09 17:32:49'),
(483, 73, 4, 9, NULL, 0, 'تم استلام', '2019-09-09 17:33:10', '2019-09-09 17:33:10'),
(484, 26, 12, 11, NULL, 0, '', '2019-09-10 11:17:54', '2019-09-10 11:17:54'),
(485, 26, 17, 11, NULL, 0, NULL, '2019-09-10 11:21:15', '2019-09-10 11:21:15'),
(486, 78, 1, 68, NULL, 0, NULL, '2019-09-15 16:53:54', '2019-09-15 16:53:54'),
(487, 78, 2, NULL, 28, 1, NULL, '2019-09-15 16:55:54', '2019-09-15 16:55:54'),
(488, 78, 3, 39, NULL, 0, NULL, '2019-09-15 17:05:08', '2019-09-15 17:05:08'),
(489, 78, 4, 39, NULL, 0, 'لم يتم استلام الاصول', '2019-09-15 17:09:14', '2019-09-15 17:09:14'),
(490, 78, 11, 39, 23, 0, 'لم يتم استلام الاصول', '2019-09-15 17:09:21', '2019-09-15 17:09:21'),
(491, 78, 16, 68, 39, 0, 'تم ارسال المرفقات', '2019-09-15 17:10:13', '2019-09-15 17:10:13'),
(492, 78, 4, 39, NULL, 0, 'تم التحقق من الطلب والمرفقات', '2019-09-15 17:10:54', '2019-09-15 17:10:54'),
(493, 78, 8, 39, NULL, 0, 'تم التحقق من الطلب والمرفقات', '2019-09-15 17:10:59', '2019-09-15 17:10:59'),
(494, 78, 8, 0, 0, 1, '', '2019-09-15 15:13:56', '2019-09-15 15:13:56'),
(495, 73, 8, 9, NULL, 0, 'مقبول', '2019-09-16 08:57:51', '2019-09-16 08:57:51'),
(496, 73, 8, 0, 0, 1, '', '2019-09-16 06:59:56', '2019-09-16 06:59:56'),
(497, 79, 1, 68, NULL, 0, NULL, '2019-09-16 09:02:47', '2019-09-16 09:02:47'),
(498, 79, 2, NULL, 28, 1, NULL, '2019-09-16 09:03:54', '2019-09-16 09:03:54'),
(499, 79, 3, 9, NULL, 0, NULL, '2019-09-16 09:04:41', '2019-09-16 09:04:41'),
(500, 79, 11, 9, 23, 0, 'test', '2019-09-16 09:04:55', '2019-09-16 09:04:55'),
(501, 79, 16, 68, 9, 0, 'done', '2019-09-16 09:05:41', '2019-09-16 09:05:41'),
(502, 79, 4, 9, NULL, 0, 'done', '2019-09-16 09:05:57', '2019-09-16 09:05:57'),
(503, 79, 8, 9, NULL, 0, 'done', '2019-09-16 09:05:58', '2019-09-16 09:05:58'),
(504, 79, 8, 0, 0, 1, '', '2019-09-16 07:07:56', '2019-09-16 07:07:56'),
(505, 79, 12, 12, NULL, 0, 'done', '2019-09-16 09:28:07', '2019-09-16 09:28:07'),
(506, 78, 12, 11, NULL, 0, '', '2019-09-16 09:31:43', '2019-09-16 09:31:43'),
(507, 80, 1, 68, NULL, 0, NULL, '2019-09-16 09:37:13', '2019-09-16 09:37:13'),
(508, 80, 2, 10, 21, 0, 'check', '2019-09-16 09:37:45', '2019-09-16 09:37:45'),
(509, 74, 12, 11, NULL, 0, '', '2019-09-16 09:38:09', '2019-09-16 09:38:09'),
(510, 31, 16, 15, 9, 0, 'done', '2019-09-16 09:41:25', '2019-09-16 09:41:25'),
(511, 31, 4, 9, NULL, 0, '', '2019-09-16 09:42:23', '2019-09-16 09:42:23'),
(512, 31, 8, 9, NULL, 0, 'done', '2019-09-16 09:42:31', '2019-09-16 09:42:31'),
(513, 31, 9, 10, NULL, 0, '', '2019-09-16 09:42:54', '2019-09-16 09:42:54'),
(514, 80, 3, 9, NULL, 0, NULL, '2019-09-16 09:43:43', '2019-09-16 09:43:43'),
(515, 80, 4, 9, NULL, 0, '', '2019-09-16 09:43:46', '2019-09-16 09:43:46'),
(516, 80, 8, 9, NULL, 0, 'done', '2019-09-16 09:43:52', '2019-09-16 09:43:52'),
(517, 80, 9, 10, NULL, 0, '', '2019-09-16 09:44:15', '2019-09-16 09:44:15'),
(518, 80, 12, 11, NULL, 0, 'done', '2019-09-16 09:45:34', '2019-09-16 09:45:34'),
(519, 80, 17, 11, NULL, 0, NULL, '2019-09-16 09:48:28', '2019-09-16 09:48:28'),
(520, 31, 12, 11, NULL, 0, 'sdff', '2019-09-16 09:50:36', '2019-09-16 09:50:36'),
(521, 31, 17, 11, NULL, 0, NULL, '2019-09-16 09:50:43', '2019-09-16 09:50:43'),
(522, 81, 1, 68, NULL, 0, NULL, '2019-09-16 09:55:04', '2019-09-16 09:55:04'),
(523, 81, 2, 10, 21, 0, '', '2019-09-16 09:56:32', '2019-09-16 09:56:32'),
(524, 81, 3, 9, NULL, 0, NULL, '2019-09-16 09:56:46', '2019-09-16 09:56:46'),
(525, 81, 4, 9, NULL, 0, 'done', '2019-09-16 09:56:55', '2019-09-16 09:56:55'),
(526, 81, 8, 9, NULL, 0, 'done', '2019-09-16 09:56:58', '2019-09-16 09:56:58'),
(527, 81, 9, 10, NULL, 0, '', '2019-09-16 09:57:09', '2019-09-16 09:57:09'),
(528, 81, 12, 11, NULL, 0, '', '2019-09-16 09:58:48', '2019-09-16 09:58:48'),
(529, 81, 17, 11, NULL, 0, NULL, '2019-09-16 09:58:50', '2019-09-16 09:58:50'),
(530, 82, 1, 72, NULL, 0, NULL, '2019-09-16 14:51:58', '2019-09-16 14:51:58'),
(531, 82, 2, NULL, 18, 1, NULL, '2019-09-16 14:53:54', '2019-09-16 14:53:54'),
(532, 82, 3, 9, NULL, 0, NULL, '2019-09-16 16:04:11', '2019-09-16 16:04:11'),
(533, 82, 11, 9, 27, 0, 'documents not received yet ', '2019-09-16 16:04:52', '2019-09-16 16:04:52'),
(534, 82, 16, 72, 9, 0, 'Sent', '2019-09-16 16:27:28', '2019-09-16 16:27:28'),
(535, 82, 4, 9, NULL, 0, '', '2019-09-16 16:43:24', '2019-09-16 16:43:24'),
(536, 82, 8, 9, NULL, 0, 'Revised', '2019-09-16 16:43:36', '2019-09-16 16:43:36'),
(537, 82, 9, 10, NULL, 0, 'check assessment', '2019-09-16 16:44:34', '2019-09-16 16:44:34'),
(538, 18, 3, 9, NULL, 0, NULL, '2019-09-16 16:47:23', '2019-09-16 16:47:23'),
(539, 18, 8, 9, NULL, 0, 'done', '2019-09-16 16:47:32', '2019-09-16 16:47:32'),
(540, 18, 15, 10, 5, 0, 'check assessment and attachments', '2019-09-16 16:48:11', '2019-09-16 16:48:11'),
(541, 18, 5, 9, NULL, 0, NULL, '2019-09-16 16:51:42', '2019-09-16 16:51:42'),
(542, 18, 3, 9, NULL, 0, NULL, '2019-09-16 16:51:53', '2019-09-16 16:51:53'),
(543, 18, 8, 9, NULL, 0, 'checked and done', '2019-09-16 16:52:04', '2019-09-16 16:52:04'),
(544, 18, 9, 10, NULL, 0, '', '2019-09-16 16:52:59', '2019-09-16 16:52:59'),
(545, 18, 12, 41, NULL, 0, 'checked', '2019-09-16 17:31:47', '2019-09-16 17:31:47'),
(546, 18, 17, 11, NULL, 0, NULL, '2019-09-16 17:33:16', '2019-09-16 17:33:16'),
(547, 83, 1, 72, NULL, 0, NULL, '2019-09-17 16:07:17', '2019-09-17 16:07:17'),
(548, 83, 2, 10, 21, 0, 'check attachment and assessment', '2019-09-17 16:08:43', '2019-09-17 16:08:43'),
(549, 83, 3, 9, NULL, 0, NULL, '2019-09-17 16:10:26', '2019-09-17 16:10:26'),
(550, 83, 11, 9, 27, 0, 'spare parts document is missing', '2019-09-17 16:12:11', '2019-09-17 16:12:11'),
(551, 83, 16, 72, 9, 0, 'attachment added', '2019-09-17 16:13:28', '2019-09-17 16:13:28'),
(552, 83, 4, 9, NULL, 0, 'attachment checked', '2019-09-17 16:14:21', '2019-09-17 16:14:21'),
(553, 83, 8, 9, NULL, 0, 'attachment checked', '2019-09-17 16:14:24', '2019-09-17 16:14:24'),
(554, 83, 15, 10, 21, 0, 'check totals field value', '2019-09-17 16:15:53', '2019-09-17 16:15:53'),
(555, 83, 8, 9, NULL, 0, 'done', '2019-09-17 16:20:42', '2019-09-17 16:20:42'),
(556, 83, 8, 0, 0, 1, '', '2019-09-17 14:21:56', '2019-09-17 14:21:56'),
(557, 83, 12, 12, NULL, 0, 'chamber membership checked', '2019-09-17 16:26:46', '2019-09-17 16:26:46'),
(558, 40, 12, 11, NULL, 0, '', '2019-09-17 16:30:16', '2019-09-17 16:30:16'),
(559, 73, 12, 11, NULL, 0, 'gfhg', '2019-09-17 16:33:50', '2019-09-17 16:33:50'),
(560, 84, 1, 72, NULL, 0, NULL, '2019-09-17 16:39:29', '2019-09-17 16:39:29'),
(561, 84, 2, 10, 21, 0, 'test', '2019-09-17 16:40:25', '2019-09-17 16:40:25'),
(562, 84, 3, 9, NULL, 0, NULL, '2019-09-17 16:40:39', '2019-09-17 16:40:39'),
(563, 84, 4, 9, NULL, 0, '', '2019-09-17 16:40:44', '2019-09-17 16:40:44'),
(564, 84, 8, 9, NULL, 0, 'done', '2019-09-17 16:40:52', '2019-09-17 16:40:52'),
(565, 84, 9, 10, NULL, 0, 'done', '2019-09-17 16:41:14', '2019-09-17 16:41:14'),
(566, 84, 12, 11, NULL, 0, '', '2019-09-17 16:42:06', '2019-09-17 16:42:06'),
(567, 84, 17, 11, NULL, 0, NULL, '2019-09-17 16:42:22', '2019-09-17 16:42:22'),
(568, 85, 1, 72, NULL, 0, NULL, '2019-09-17 16:59:44', '2019-09-17 16:59:44'),
(569, 85, 2, 10, 21, 0, 'check', '2019-09-17 17:00:16', '2019-09-17 17:00:16'),
(570, 85, 3, 9, NULL, 0, NULL, '2019-09-17 17:03:30', '2019-09-17 17:03:30'),
(571, 85, 4, 9, NULL, 0, '', '2019-09-17 17:03:34', '2019-09-17 17:03:34'),
(572, 85, 8, 9, NULL, 0, 'done', '2019-09-17 17:03:40', '2019-09-17 17:03:40'),
(573, 85, 9, 10, NULL, 0, '', '2019-09-17 17:03:51', '2019-09-17 17:03:51'),
(574, 85, 12, 12, NULL, 0, '', '2019-09-17 17:04:31', '2019-09-17 17:04:31'),
(575, 82, 12, 11, NULL, 0, '', '2019-09-17 17:05:11', '2019-09-17 17:05:11'),
(576, 82, 17, 11, NULL, 0, NULL, '2019-09-17 17:05:13', '2019-09-17 17:05:13'),
(577, 85, 17, 11, NULL, 0, NULL, '2019-09-17 17:05:47', '2019-09-17 17:05:47'),
(578, 86, 1, 72, NULL, 0, NULL, '2019-09-18 09:24:56', '2019-09-18 09:24:56'),
(579, 86, 2, 10, 5, 0, '', '2019-09-18 09:25:49', '2019-09-18 09:25:49'),
(580, 86, 3, 9, NULL, 0, NULL, '2019-09-18 09:26:04', '2019-09-18 09:26:04'),
(581, 86, 4, 9, NULL, 0, 'done', '2019-09-18 09:26:11', '2019-09-18 09:26:11'),
(582, 86, 8, 9, NULL, 0, 'done', '2019-09-18 09:26:13', '2019-09-18 09:26:13'),
(583, 86, 9, 10, NULL, 0, '', '2019-09-18 09:26:24', '2019-09-18 09:26:24'),
(584, 86, 12, 11, NULL, 0, '', '2019-09-18 09:29:16', '2019-09-18 09:29:16'),
(585, 86, 17, 11, NULL, 0, NULL, '2019-09-18 09:29:19', '2019-09-18 09:29:19'),
(586, 87, 1, 72, NULL, 0, NULL, '2019-09-18 10:03:01', '2019-09-18 10:03:01'),
(587, 87, 2, 10, 21, 0, 'check attachment and originals', '2019-09-18 10:04:00', '2019-09-18 10:04:00'),
(588, 87, 3, 9, NULL, 0, NULL, '2019-09-18 10:05:07', '2019-09-18 10:05:07'),
(589, 87, 11, 9, 27, 0, 'original documents not received', '2019-09-18 10:05:58', '2019-09-18 10:05:58'),
(590, 87, 16, 72, 9, 0, 'originals sent', '2019-09-18 10:07:27', '2019-09-18 10:07:27'),
(591, 87, 4, 9, NULL, 0, '', '2019-09-18 10:08:22', '2019-09-18 10:08:22'),
(592, 87, 8, 9, NULL, 0, 'done', '2019-09-18 10:08:38', '2019-09-18 10:08:38'),
(593, 87, 9, 10, NULL, 0, 'ready for certificate', '2019-09-18 10:09:19', '2019-09-18 10:09:19'),
(594, 87, 12, 11, NULL, 0, '', '2019-09-18 10:15:31', '2019-09-18 10:15:31'),
(595, 87, 17, 11, NULL, 0, NULL, '2019-09-18 10:15:33', '2019-09-18 10:15:33'),
(596, 88, 1, 15, NULL, 0, NULL, '2019-09-18 12:39:05', '2019-09-18 12:39:05'),
(597, 89, 1, 73, NULL, 0, NULL, '2019-09-18 12:39:21', '2019-09-18 12:39:21'),
(598, 88, 2, NULL, 28, 1, NULL, '2019-09-18 12:41:54', '2019-09-18 12:41:54'),
(599, 89, 2, NULL, 28, 1, NULL, '2019-09-18 12:41:54', '2019-09-18 12:41:54'),
(601, 89, 3, 9, NULL, 0, NULL, '2019-09-18 12:44:01', '2019-09-18 12:44:01'),
(602, 89, 11, 9, 28, 0, 'attachments no 2 missing', '2019-09-18 12:56:10', '2019-09-18 12:56:10'),
(603, 89, 16, 73, 9, 0, 'done', '2019-09-18 13:02:34', '2019-09-18 13:02:34'),
(604, 89, 4, 9, NULL, 0, 'request is valid', '2019-09-18 13:12:27', '2019-09-18 13:12:27'),
(605, 89, 8, 9, NULL, 0, 'request is valid', '2019-09-18 13:12:52', '2019-09-18 13:12:52'),
(606, 89, 8, 0, 0, 1, '', '2019-09-18 11:13:56', '2019-09-18 11:13:56'),
(607, 89, 12, 12, NULL, 0, '', '2019-09-18 13:33:36', '2019-09-18 13:33:36'),
(608, 90, 1, 15, NULL, 0, NULL, '2019-09-19 10:36:16', '2019-09-19 10:36:16'),
(609, 90, 2, NULL, 28, 1, NULL, '2019-09-19 10:37:54', '2019-09-19 10:37:54'),
(610, 16, 4, 14, NULL, 0, NULL, '2019-09-22 12:45:40', '2019-09-22 12:45:40'),
(611, 91, 1, 72, NULL, 0, NULL, '2019-09-29 11:29:52', '2019-09-29 11:29:52'),
(612, 91, 2, 10, 5, 0, 'برجاء مراجعه الطلب', '2019-09-29 11:31:49', '2019-09-29 11:31:49'),
(613, 91, 3, 9, NULL, 0, NULL, '2019-09-29 11:51:19', '2019-09-29 11:51:19'),
(614, 91, 4, 9, NULL, 0, '', '2019-09-29 11:51:24', '2019-09-29 11:51:24'),
(615, 91, 8, 9, NULL, 0, 'تم', '2019-09-29 11:51:34', '2019-09-29 11:51:34'),
(616, 91, 9, 10, NULL, 0, '', '2019-09-29 11:52:03', '2019-09-29 11:52:03'),
(617, 91, 12, 11, NULL, 0, '', '2019-09-29 11:52:41', '2019-09-29 11:52:41'),
(618, 91, 17, 11, NULL, 0, NULL, '2019-09-29 11:52:44', '2019-09-29 11:52:44'),
(619, 92, 1, 76, NULL, 0, NULL, '2019-09-30 15:20:50', '2019-09-30 15:20:50'),
(620, 92, 2, 10, 21, 0, 'revise assessment and attachments', '2019-09-30 15:24:37', '2019-09-30 15:24:37'),
(621, 92, 3, 9, NULL, 0, NULL, '2019-09-30 15:33:31', '2019-09-30 15:33:31'),
(622, 92, 11, 9, 31, 0, 'budget attachment is missing', '2019-09-30 15:35:22', '2019-09-30 15:35:22'),
(623, 92, 16, 76, 9, 0, 'attachment has been added', '2019-09-30 15:43:30', '2019-09-30 15:43:30'),
(624, 92, 4, 9, NULL, 0, '', '2019-09-30 15:44:49', '2019-09-30 15:44:49'),
(625, 92, 8, 9, NULL, 0, 'checked and everything is good', '2019-09-30 15:45:10', '2019-09-30 15:45:10'),
(626, 92, 15, 10, 21, 0, 'check', '2019-09-30 15:46:34', '2019-09-30 15:46:34'),
(627, 92, 8, 9, NULL, 0, 'done', '2019-09-30 15:46:50', '2019-09-30 15:46:50'),
(628, 92, 9, 10, NULL, 0, '', '2019-09-30 15:47:44', '2019-09-30 15:47:44'),
(629, 92, 12, 11, NULL, 0, '', '2019-09-30 15:54:56', '2019-09-30 15:54:56'),
(630, 92, 17, 11, NULL, 0, NULL, '2019-09-30 15:55:11', '2019-09-30 15:55:11'),
(631, 96, 1, 80, NULL, 0, NULL, '2019-10-01 14:31:53', '2019-10-01 14:31:53'),
(632, 96, 2, 10, 18, 0, 'Please ASAP', '2019-10-01 14:35:30', '2019-10-01 14:35:30'),
(633, 96, 3, 9, NULL, 0, NULL, '2019-10-01 14:37:46', '2019-10-01 14:37:46'),
(634, 96, 4, 9, NULL, 0, '', '2019-10-01 14:38:16', '2019-10-01 14:38:16'),
(635, 96, 8, 9, NULL, 0, 'Good', '2019-10-01 14:38:59', '2019-10-01 14:38:59'),
(636, 96, 9, 10, NULL, 0, '', '2019-10-01 14:40:46', '2019-10-01 14:40:46'),
(637, 96, 12, 11, NULL, 0, 'Good', '2019-10-01 14:42:47', '2019-10-01 14:42:47'),
(638, 96, 17, 11, NULL, 0, NULL, '2019-10-01 14:43:08', '2019-10-01 14:43:08'),
(639, 95, 8, 0, 0, 1, '', '2019-10-01 12:53:56', '2019-10-01 12:53:56'),
(640, 103, 1, 84, NULL, 0, NULL, '2019-10-01 16:40:19', '2019-10-01 16:40:19');
INSERT INTO `request_actions` (`id`, `requestId`, `actionId`, `byUserId`, `toUserId`, `isAuto`, `comment`, `created_at`, `updated_at`) VALUES
(641, 103, 2, 10, 18, 0, '', '2019-10-01 16:42:12', '2019-10-01 16:42:12'),
(642, 103, 3, 9, NULL, 0, NULL, '2019-10-01 16:43:02', '2019-10-01 16:43:02'),
(643, 103, 4, 9, NULL, 0, '', '2019-10-01 16:43:11', '2019-10-01 16:43:11'),
(644, 103, 4, 9, NULL, 0, 'GoodAppl', '2019-10-01 16:44:03', '2019-10-01 16:44:03'),
(645, 103, 11, 9, 39, 0, 'Please review x ', '2019-10-01 16:44:58', '2019-10-01 16:44:58'),
(646, 103, 16, 84, 9, 0, 'Done', '2019-10-01 16:46:03', '2019-10-01 16:46:03'),
(647, 103, 8, 9, NULL, 0, 'Good ', '2019-10-01 16:46:29', '2019-10-01 16:46:29'),
(648, 103, 9, 10, NULL, 0, 'OK', '2019-10-01 16:47:14', '2019-10-01 16:47:14'),
(649, 103, 12, 11, NULL, 0, '', '2019-10-01 16:49:42', '2019-10-01 16:49:42'),
(650, 103, 17, 11, NULL, 0, NULL, '2019-10-01 16:53:40', '2019-10-01 16:53:40'),
(651, 107, 2, NULL, 18, 1, NULL, '2019-10-01 17:03:54', '2019-10-01 17:03:54'),
(652, 108, 2, NULL, 18, 1, NULL, '2019-10-01 17:07:54', '2019-10-01 17:07:54'),
(653, 111, 2, NULL, 28, 1, NULL, '2019-10-01 17:43:54', '2019-10-01 17:43:54'),
(654, 113, 1, 72, NULL, 0, NULL, '2019-10-02 12:25:53', '2019-10-02 12:25:53'),
(655, 113, 2, NULL, 18, 1, NULL, '2019-10-02 12:39:54', '2019-10-02 12:39:54'),
(656, 113, 3, 9, NULL, 0, NULL, '2019-10-02 12:41:41', '2019-10-02 12:41:41'),
(657, 113, 11, 9, 27, 0, 'check attachments', '2019-10-02 12:42:18', '2019-10-02 12:42:18'),
(658, 113, 16, 72, 9, 0, 'done', '2019-10-02 12:43:35', '2019-10-02 12:43:35'),
(659, 113, 4, 9, NULL, 0, '', '2019-10-02 12:44:01', '2019-10-02 12:44:01'),
(660, 113, 8, 9, NULL, 0, 'done', '2019-10-02 12:44:08', '2019-10-02 12:44:08'),
(661, 113, 9, 10, NULL, 0, '', '2019-10-02 12:44:50', '2019-10-02 12:44:50'),
(662, 114, 1, 15, NULL, 0, NULL, '2019-10-02 15:07:18', '2019-10-02 15:07:18'),
(663, 114, 2, NULL, 18, 1, NULL, '2019-10-02 15:21:54', '2019-10-02 15:21:54'),
(664, 115, 2, NULL, 28, 1, NULL, '2019-10-02 15:25:54', '2019-10-02 15:25:54'),
(665, 117, 1, 15, NULL, 0, NULL, '2019-10-02 16:06:00', '2019-10-02 16:06:00'),
(666, 118, 1, 15, NULL, 0, NULL, '2019-10-02 16:07:49', '2019-10-02 16:07:49'),
(667, 117, 2, NULL, 28, 1, NULL, '2019-10-02 16:21:54', '2019-10-02 16:21:54'),
(668, 118, 2, NULL, 18, 1, NULL, '2019-10-02 16:21:54', '2019-10-02 16:21:54'),
(670, 119, 2, NULL, 28, 1, NULL, '2019-10-02 16:23:54', '2019-10-02 16:23:54'),
(671, 122, 2, NULL, 28, 1, NULL, '2019-10-02 16:43:54', '2019-10-02 16:43:54'),
(672, 126, 1, 85, NULL, 0, NULL, '2019-10-02 16:44:12', '2019-10-02 16:44:12'),
(673, 125, 2, NULL, 28, 1, NULL, '2019-10-02 16:57:54', '2019-10-02 16:57:54'),
(674, 126, 2, NULL, 28, 1, NULL, '2019-10-02 16:59:54', '2019-10-02 16:59:54'),
(675, 127, 2, NULL, 28, 1, NULL, '2019-10-02 17:01:54', '2019-10-02 17:01:54'),
(676, 128, 2, NULL, 28, 1, NULL, '2019-10-02 17:03:54', '2019-10-02 17:03:54'),
(677, 126, 3, 9, NULL, 0, NULL, '2019-10-02 17:07:55', '2019-10-02 17:07:55'),
(678, 126, 11, 9, 40, 0, 'missing doc', '2019-10-02 17:08:34', '2019-10-02 17:08:34'),
(679, 128, 3, 9, NULL, 0, NULL, '2019-10-02 17:09:55', '2019-10-02 17:09:55'),
(680, 128, 4, 9, NULL, 0, '', '2019-10-02 17:14:28', '2019-10-02 17:14:28'),
(681, 128, 4, 9, NULL, 0, 'ok', '2019-10-02 17:14:50', '2019-10-02 17:14:50'),
(682, 128, 8, 9, NULL, 0, 'ok', '2019-10-02 17:17:25', '2019-10-02 17:17:25'),
(683, 128, 8, 0, 0, 1, '', '2019-10-02 15:31:56', '2019-10-02 15:31:56'),
(684, 24, 5, NULL, 5, 1, NULL, '2019-10-12 16:35:53', '2019-10-12 16:35:53'),
(685, 24, 5, NULL, 5, 1, NULL, '2019-10-12 16:45:00', '2019-10-12 16:45:00'),
(686, 27, 5, NULL, 18, 1, NULL, '2019-10-12 16:45:00', '2019-10-12 16:45:00'),
(688, 24, 5, NULL, 5, 1, NULL, '2019-10-12 16:49:00', '2019-10-12 16:49:00'),
(689, 27, 5, NULL, 18, 1, NULL, '2019-10-12 16:49:00', '2019-10-12 16:49:00'),
(690, 129, 1, 15, NULL, 0, NULL, '2019-10-20 23:19:19', '2019-10-20 23:19:19'),
(691, 129, 2, NULL, 28, 1, NULL, '2019-10-20 23:33:54', '2019-10-20 23:33:54'),
(692, 130, 1, 89, NULL, 0, NULL, '2019-10-24 10:26:03', '2019-10-24 10:26:03'),
(693, 130, 2, 10, 21, 0, 'please check the originals and attached files', '2019-10-24 10:27:48', '2019-10-24 10:27:48'),
(694, 130, 3, 47, NULL, 0, NULL, '2019-10-24 10:30:44', '2019-10-24 10:30:44'),
(695, 130, 5, NULL, 21, 1, NULL, '2019-10-24 10:31:00', '2019-10-24 10:31:00'),
(696, 130, 3, 47, NULL, 0, NULL, '2019-10-24 10:36:38', '2019-10-24 10:36:38'),
(697, 130, 5, NULL, 21, 1, NULL, '2019-10-24 10:37:00', '2019-10-24 10:37:00'),
(698, 130, 3, 47, NULL, 0, NULL, '2019-10-24 10:37:19', '2019-10-24 10:37:19'),
(699, 130, 11, 47, 44, 0, 'you didn\'t send originals', '2019-10-24 10:37:45', '2019-10-24 10:37:45'),
(700, 130, 16, 89, 47, 0, 'originals sent', '2019-10-24 10:42:43', '2019-10-24 10:42:43'),
(701, 130, 5, NULL, 21, 1, NULL, '2019-10-24 10:43:00', '2019-10-24 10:43:00'),
(702, 130, 3, 47, NULL, 0, NULL, '2019-10-24 10:45:26', '2019-10-24 10:45:26'),
(703, 130, 4, 47, NULL, 0, '', '2019-10-24 10:45:32', '2019-10-24 10:45:32'),
(704, 130, 8, 47, NULL, 0, 'request approved', '2019-10-24 10:45:52', '2019-10-24 10:45:52'),
(705, 130, 9, 10, NULL, 0, '', '2019-10-24 10:47:06', '2019-10-24 10:47:06'),
(706, 130, 12, 12, NULL, 0, '', '2019-10-24 10:48:50', '2019-10-24 10:48:50'),
(707, 130, 12, 11, NULL, 0, '', '2019-10-24 10:49:13', '2019-10-24 10:49:13'),
(708, 130, 17, 11, NULL, 0, NULL, '2019-10-24 10:49:23', '2019-10-24 10:49:23'),
(709, 130, 4, 14, NULL, 0, NULL, '2019-10-24 10:55:17', '2019-10-24 10:55:17'),
(710, 131, 2, 10, 5, 0, 'test', '2019-10-24 11:03:45', '2019-10-24 11:03:45'),
(711, 131, 3, 9, NULL, 0, NULL, '2019-10-24 11:04:21', '2019-10-24 11:04:21'),
(712, 131, 13, 9, NULL, 0, 'done', '2019-10-24 11:04:58', '2019-10-24 11:04:58'),
(713, 131, 13, 10, NULL, 0, '', '2019-10-24 11:05:17', '2019-10-24 11:05:17'),
(714, 132, 1, 88, NULL, 0, NULL, '2019-10-24 15:09:45', '2019-10-24 15:09:45'),
(715, 132, 2, 10, 5, 0, '', '2019-10-24 15:10:51', '2019-10-24 15:10:51'),
(716, 132, 3, 9, NULL, 0, NULL, '2019-10-24 15:12:36', '2019-10-24 15:12:36'),
(717, 132, 5, NULL, 5, 1, NULL, '2019-10-24 15:13:00', '2019-10-24 15:13:00'),
(718, 132, 3, 9, NULL, 0, NULL, '2019-10-24 15:14:00', '2019-10-24 15:14:00'),
(719, 132, 5, NULL, 5, 1, NULL, '2019-10-24 15:15:00', '2019-10-24 15:15:00'),
(720, 132, 3, 9, NULL, 0, NULL, '2019-10-24 15:15:47', '2019-10-24 15:15:47'),
(721, 132, 11, 9, 43, 0, '55454', '2019-10-24 15:16:26', '2019-10-24 15:16:26'),
(722, 132, 16, 88, 9, 0, 'ghjgjgjhhjgjhgjhgjhg', '2019-10-24 15:23:08', '2019-10-24 15:23:08'),
(723, 132, 5, NULL, 5, 1, NULL, '2019-10-24 15:25:00', '2019-10-24 15:25:00'),
(724, 132, 3, 9, NULL, 0, NULL, '2019-10-24 15:33:42', '2019-10-24 15:33:42'),
(725, 132, 11, 9, 43, 0, '88', '2019-10-24 15:33:52', '2019-10-24 15:33:52'),
(726, 132, 16, 88, 9, 0, '8888', '2019-10-24 15:35:07', '2019-10-24 15:35:07'),
(727, 132, 5, NULL, 5, 1, NULL, '2019-10-24 15:37:00', '2019-10-24 15:37:00'),
(728, 132, 3, 9, NULL, 0, NULL, '2019-10-24 15:39:53', '2019-10-24 15:39:53'),
(729, 132, 5, NULL, 5, 1, NULL, '2019-10-24 15:41:00', '2019-10-24 15:41:00'),
(730, 132, 3, 9, NULL, 0, NULL, '2019-10-24 15:43:42', '2019-10-24 15:43:42'),
(731, 132, 11, 9, 43, 0, '77', '2019-10-24 15:44:15', '2019-10-24 15:44:15'),
(732, 132, 16, 88, 9, 0, '7777', '2019-10-24 15:45:13', '2019-10-24 15:45:13'),
(733, 132, 11, 9, 43, 0, '66', '2019-10-24 15:46:12', '2019-10-24 15:46:12'),
(734, 132, 16, 88, 9, 0, '6666', '2019-10-24 15:47:35', '2019-10-24 15:47:35'),
(735, 132, 11, 9, 43, 0, '55', '2019-10-24 15:48:25', '2019-10-24 15:48:25'),
(736, 132, 16, 88, 9, 0, '5555', '2019-10-24 15:49:27', '2019-10-24 15:49:27'),
(737, 132, 11, 9, 43, 0, '44', '2019-10-24 15:50:06', '2019-10-24 15:50:06'),
(738, 132, 16, 88, 9, 0, '4444', '2019-10-24 15:51:05', '2019-10-24 15:51:05'),
(739, 132, 11, 9, 43, 0, '33', '2019-10-24 15:51:50', '2019-10-24 15:51:50'),
(740, 133, 1, 15, NULL, 0, NULL, '2019-10-25 15:33:45', '2019-10-25 15:33:45'),
(741, 133, 2, NULL, 18, 1, NULL, '2019-10-25 15:47:54', '2019-10-25 15:47:54'),
(742, 124, 2, NULL, 28, 1, NULL, '2019-10-25 15:53:54', '2019-10-25 15:53:54'),
(743, 121, 2, NULL, 28, 1, NULL, '2019-10-25 15:55:54', '2019-10-25 15:55:54'),
(744, 123, 2, NULL, 28, 1, NULL, '2019-10-25 15:55:54', '2019-10-25 15:55:54'),
(746, 134, 1, 15, NULL, 0, NULL, '2019-10-25 16:03:48', '2019-10-25 16:03:48'),
(747, 134, 2, NULL, 18, 1, NULL, '2019-10-25 16:17:54', '2019-10-25 16:17:54'),
(748, 135, 1, 15, NULL, 0, NULL, '2019-10-26 12:08:50', '2019-10-26 12:08:50'),
(749, 136, 1, 15, NULL, 0, NULL, '2019-10-26 12:16:06', '2019-10-26 12:16:06'),
(750, 135, 2, NULL, 18, 1, NULL, '2019-10-26 12:23:54', '2019-10-26 12:23:54'),
(751, 136, 2, NULL, 18, 1, NULL, '2019-10-26 12:31:54', '2019-10-26 12:31:54'),
(752, 137, 1, 15, NULL, 0, NULL, '2019-10-26 12:42:39', '2019-10-26 12:42:39'),
(753, 137, 2, NULL, 18, 1, NULL, '2019-10-26 12:57:54', '2019-10-26 12:57:54'),
(754, 138, 1, 89, NULL, 0, NULL, '2019-10-27 09:36:45', '2019-10-27 09:36:45'),
(755, 138, 2, NULL, 28, 1, NULL, '2019-10-27 10:37:54', '2019-10-27 10:37:54'),
(756, 139, 1, 89, NULL, 0, NULL, '2019-10-27 09:48:35', '2019-10-27 09:48:35'),
(757, 139, 2, NULL, 18, 1, NULL, '2019-10-27 10:49:54', '2019-10-27 10:49:54'),
(758, 139, 3, 9, NULL, 0, NULL, '2019-10-27 09:59:12', '2019-10-27 09:59:12'),
(759, 139, 5, NULL, 18, 1, NULL, '2019-10-27 11:01:00', '2019-10-27 11:01:00'),
(760, 139, 3, 9, NULL, 0, NULL, '2019-10-27 10:03:29', '2019-10-27 10:03:29'),
(761, 139, 4, 9, NULL, 0, '', '2019-10-27 10:03:34', '2019-10-27 10:03:34'),
(762, 139, 4, 9, NULL, 0, 'ok', '2019-10-27 10:03:46', '2019-10-27 10:03:46'),
(763, 139, 11, 9, 44, 0, 'ok', '2019-10-27 10:03:54', '2019-10-27 10:03:54'),
(764, 139, 16, 89, 9, 0, 'OKK', '2019-10-27 10:05:43', '2019-10-27 10:05:43'),
(765, 139, 8, 9, NULL, 0, 'OK2', '2019-10-27 10:06:24', '2019-10-27 10:06:24'),
(766, 139, 9, 10, NULL, 0, '', '2019-10-27 10:07:25', '2019-10-27 10:07:25'),
(767, 139, 12, 11, NULL, 0, '', '2019-10-27 10:11:03', '2019-10-27 10:11:03'),
(768, 139, 17, 11, NULL, 0, NULL, '2019-10-27 10:11:07', '2019-10-27 10:11:07'),
(769, 138, 3, 9, NULL, 0, NULL, '2019-10-27 10:24:32', '2019-10-27 10:24:32'),
(770, 138, 4, 9, NULL, 0, '', '2019-10-27 10:24:41', '2019-10-27 10:24:41'),
(771, 138, 8, 9, NULL, 0, 'its ok', '2019-10-27 10:24:55', '2019-10-27 10:24:55'),
(772, 138, 9, 10, NULL, 0, '', '2019-10-27 10:25:39', '2019-10-27 10:25:39'),
(773, 138, 12, 11, NULL, 0, '', '2019-10-27 10:26:35', '2019-10-27 10:26:35'),
(774, 138, 17, 11, NULL, 0, NULL, '2019-10-27 10:27:17', '2019-10-27 10:27:17'),
(775, 140, 1, 15, NULL, 0, NULL, '2019-10-28 08:56:21', '2019-10-28 08:56:21'),
(776, 140, 2, NULL, 18, 1, NULL, '2019-10-28 09:57:54', '2019-10-28 09:57:54'),
(777, 141, 1, 15, NULL, 0, NULL, '2019-10-28 20:58:49', '2019-10-28 20:58:49'),
(778, 141, 2, NULL, 41, 1, NULL, '2019-10-28 21:59:54', '2019-10-28 21:59:54'),
(779, 141, 3, 9, NULL, 0, NULL, '2019-10-28 21:00:48', '2019-10-28 21:00:48'),
(780, 141, 4, 9, NULL, 0, '', '2019-10-28 21:00:53', '2019-10-28 21:00:53'),
(781, 141, 4, 9, NULL, 0, 'hjj', '2019-10-28 21:00:59', '2019-10-28 21:00:59'),
(782, 141, 5, NULL, 41, 1, NULL, '2019-10-28 22:01:00', '2019-10-28 22:01:00'),
(783, 141, 3, 9, NULL, 0, NULL, '2019-10-28 21:01:03', '2019-10-28 21:01:03'),
(784, 141, 8, 9, NULL, 0, 'hjj', '2019-10-28 21:01:07', '2019-10-28 21:01:07'),
(785, 141, 9, 10, NULL, 0, '', '2019-10-28 21:01:34', '2019-10-28 21:01:34'),
(786, 141, 12, 11, NULL, 0, '', '2019-10-28 21:04:26', '2019-10-28 21:04:26'),
(787, 141, 12, 11, NULL, 0, '', '2019-10-28 21:04:37', '2019-10-28 21:04:37'),
(788, 141, 17, 11, NULL, 0, NULL, '2019-10-28 21:04:41', '2019-10-28 21:04:41'),
(789, 142, 1, 15, NULL, 0, NULL, '2019-10-28 21:49:52', '2019-10-28 21:49:52'),
(790, 142, 2, NULL, 41, 1, NULL, '2019-10-28 22:49:54', '2019-10-28 22:49:54'),
(791, 142, 3, 9, NULL, 0, NULL, '2019-10-28 21:51:50', '2019-10-28 21:51:50'),
(792, 142, 4, 9, NULL, 0, '', '2019-10-28 21:51:56', '2019-10-28 21:51:56'),
(793, 142, 8, 9, NULL, 0, 'hgf', '2019-10-28 21:52:03', '2019-10-28 21:52:03'),
(794, 142, 8, 0, 0, 1, '', '2019-10-28 20:53:56', '2019-10-28 20:53:56'),
(795, 144, 1, 15, NULL, 0, NULL, '2019-10-28 22:18:19', '2019-10-28 22:18:19'),
(796, 143, 2, NULL, 41, 1, NULL, '2019-10-28 23:19:54', '2019-10-28 23:19:54'),
(797, 144, 2, NULL, 41, 1, NULL, '2019-10-28 23:19:54', '2019-10-28 23:19:54'),
(799, 143, 5, NULL, 41, 1, NULL, '2019-10-28 23:23:00', '2019-10-28 23:23:00'),
(800, 144, 5, NULL, 41, 1, NULL, '2019-10-28 23:23:00', '2019-10-28 23:23:00'),
(802, 144, 3, 9, NULL, 0, NULL, '2019-10-28 22:24:58', '2019-10-28 22:24:58'),
(803, 144, 5, NULL, 41, 1, NULL, '2019-10-28 23:25:00', '2019-10-28 23:25:00'),
(804, 144, 3, 9, NULL, 0, NULL, '2019-10-28 22:25:29', '2019-10-28 22:25:29'),
(805, 143, 3, 9, NULL, 0, NULL, '2019-10-28 22:27:29', '2019-10-28 22:27:29'),
(806, 143, 5, NULL, 41, 1, NULL, '2019-10-28 23:29:00', '2019-10-28 23:29:00'),
(807, 144, 5, NULL, 41, 1, NULL, '2019-10-28 23:29:00', '2019-10-28 23:29:00'),
(809, 143, 3, 9, NULL, 0, NULL, '2019-10-28 22:29:57', '2019-10-28 22:29:57'),
(810, 143, 4, 9, NULL, 0, 'c', '2019-10-28 22:30:06', '2019-10-28 22:30:06'),
(811, 143, 8, 9, NULL, 0, 'c', '2019-10-28 22:30:12', '2019-10-28 22:30:12'),
(812, 144, 3, 9, NULL, 0, NULL, '2019-10-28 22:30:29', '2019-10-28 22:30:29'),
(813, 144, 5, NULL, 41, 1, NULL, '2019-10-28 23:31:00', '2019-10-28 23:31:00'),
(814, 143, 8, 0, 0, 1, '', '2019-10-28 21:31:56', '2019-10-28 21:31:56'),
(815, 144, 3, 9, NULL, 0, NULL, '2019-10-28 22:32:11', '2019-10-28 22:32:11'),
(816, 144, 4, 9, NULL, 0, '', '2019-10-28 22:33:34', '2019-10-28 22:33:34'),
(817, 144, 8, 9, NULL, 0, 'e', '2019-10-28 22:33:46', '2019-10-28 22:33:46'),
(818, 144, 8, 0, 0, 1, '', '2019-10-28 21:33:56', '2019-10-28 21:33:56'),
(819, 145, 1, 89, NULL, 0, NULL, '2019-10-30 11:21:44', '2019-10-30 11:21:44'),
(820, 145, 2, NULL, 28, 1, NULL, '2019-10-30 12:21:54', '2019-10-30 12:21:54'),
(821, 145, 3, 9, NULL, 0, NULL, '2019-10-30 11:27:27', '2019-10-30 11:27:27'),
(822, 145, 4, 9, NULL, 0, '', '2019-10-30 11:27:53', '2019-10-30 11:27:53'),
(823, 145, 8, 9, NULL, 0, 'ok', '2019-10-30 11:28:19', '2019-10-30 11:28:19'),
(824, 145, 8, 0, 0, 1, '', '2019-10-30 10:29:56', '2019-10-30 10:29:56'),
(825, 145, 12, 11, NULL, 0, '', '2019-10-30 11:33:04', '2019-10-30 11:33:04'),
(826, 147, 2, NULL, 41, 1, NULL, '2019-10-30 18:21:54', '2019-10-30 18:21:54'),
(827, 147, 2, 10, 5, 0, '', '2019-10-30 17:22:02', '2019-10-30 17:22:02'),
(828, 147, 3, 9, NULL, 0, NULL, '2019-10-30 17:23:25', '2019-10-30 17:23:25'),
(829, 147, 8, 9, NULL, 0, 'ok', '2019-10-30 17:23:39', '2019-10-30 17:23:39'),
(830, 147, 8, 0, 0, 1, '', '2019-10-30 16:23:56', '2019-10-30 16:23:56');

-- --------------------------------------------------------

--
-- Table structure for table `roles`
--

CREATE TABLE `roles` (
  `id` int(10) UNSIGNED NOT NULL,
  `nameEn` varchar(255) COLLATE utf8mb4_unicode_ci NOT NULL,
  `nameAr` varchar(255) COLLATE utf8mb4_unicode_ci NOT NULL,
  `key` varchar(255) COLLATE utf8mb4_unicode_ci NOT NULL
) ENGINE=InnoDB DEFAULT CHARSET=utf8mb4 COLLATE=utf8mb4_unicode_ci;

--
-- Dumping data for table `roles`
--

INSERT INTO `roles` (`id`, `nameEn`, `nameAr`, `key`) VALUES
(1, 'Admin', 'مدير', 'Admin'),
(2, 'Applicant', 'مقدم الطلب', 'Applicant'),
(3, 'IDA Manager', 'مدير IDA', 'IDAManager'),
(4, 'IDA Employee', ' موظف  IDA', 'IDAEmployee'),
(5, 'FEI Employee', 'موظف FEI', 'FEIEmployee'),
(6, 'Chamber Employee', 'موظف غرفة', 'ChamberEmployee'),
(7, 'EOS User', 'مستخدم EOS', 'EOSUser'),
(8, 'GAGS User', 'مستخدم GAGS', 'GAGSUser');

-- --------------------------------------------------------

--
-- Table structure for table `sections`
--

CREATE TABLE `sections` (
  `id` int(10) UNSIGNED NOT NULL,
  `nameEn` varchar(255) COLLATE utf8mb4_unicode_ci NOT NULL,
  `nameAr` varchar(255) COLLATE utf8mb4_unicode_ci NOT NULL,
  `chamberId` int(10) UNSIGNED NOT NULL,
  `isDeleted` tinyint(1) NOT NULL DEFAULT '0',
  `created_at` timestamp NULL DEFAULT NULL,
  `updated_at` timestamp NULL DEFAULT NULL,
  `deleted_at` timestamp NULL DEFAULT NULL
) ENGINE=InnoDB DEFAULT CHARSET=utf8mb4 COLLATE=utf8mb4_unicode_ci;

--
-- Dumping data for table `sections`
--

INSERT INTO `sections` (`id`, `nameEn`, `nameAr`, `chamberId`, `isDeleted`, `created_at`, `updated_at`, `deleted_at`) VALUES
(1, 'Engineering Industries', 'شعبه الصناعات الهندسيه', 1, 0, '2019-06-18 17:16:22', '2019-06-18 17:16:22', NULL),
(2, 'wew', 'rere', 1, 1, '2019-06-27 15:02:03', '2019-06-27 15:03:50', '2019-06-27 15:03:50'),
(3, 'section', 'شعبة 1', 1, 1, '2019-07-03 15:30:19', '2019-07-03 15:30:31', '2019-07-03 15:30:31'),
(4, 'test2', 'test2', 3, 1, '2019-07-04 18:32:40', '2019-07-04 18:48:57', '2019-07-04 18:48:57'),
(5, 'Food ', 'شعبه الغذاء', 2, 0, '2019-07-22 09:23:33', '2019-07-22 09:23:33', NULL),
(6, 'Furniture', 'شعبه الاثاث', 4, 0, '2019-07-22 09:24:00', '2019-07-22 09:24:00', NULL),
(7, 'hand made', 'شعبه الحرف اليدويه', 3, 0, '2019-09-29 11:12:47', '2019-09-29 11:12:47', NULL);

-- --------------------------------------------------------

--
-- Table structure for table `sectors`
--

CREATE TABLE `sectors` (
  `id` int(10) UNSIGNED NOT NULL,
  `nameEn` varchar(255) COLLATE utf8mb4_unicode_ci NOT NULL,
  `nameAr` varchar(255) COLLATE utf8mb4_unicode_ci NOT NULL,
  `isDeleted` tinyint(1) NOT NULL DEFAULT '0',
  `deleted_at` datetime DEFAULT NULL
) ENGINE=InnoDB DEFAULT CHARSET=utf8mb4 COLLATE=utf8mb4_unicode_ci;

--
-- Dumping data for table `sectors`
--

INSERT INTO `sectors` (`id`, `nameEn`, `nameAr`, `isDeleted`, `deleted_at`) VALUES
(1, 'Food Management .', ' الإدارة الغذائية.', 0, NULL),
(2, 'Engineering Management', 'الإدارة الهندسية', 0, NULL),
(3, 'Handicrafts Management', 'إدارة الصناعات الصغيرة', 0, NULL),
(4, 'pharmacist Management', 'اداره الصيادله', 0, NULL),
(5, 'Raw Material Management', 'اداره المواد الخام', 0, NULL),
(6, 'Pharmaceutical administration', 'الإدارة الدوائية ', 0, NULL),
(7, 'Mineral management', 'الإدارة المعدنية .', 0, NULL),
(9, 'test', 'test', 1, '2019-07-04 13:04:05'),
(10, 'test', 'test', 1, '2019-07-07 11:33:16'),
(11, 'Tourism Sector', 'قطاع السياحه', 0, NULL),
(12, 'Education', 'التعليم', 1, '2019-10-27 12:05:09');

-- --------------------------------------------------------

--
-- Table structure for table `settings`
--

CREATE TABLE `settings` (
  `id` bigint(20) UNSIGNED NOT NULL,
  `automaticAssignDelay` int(11) NOT NULL DEFAULT '60',
  `automaticIDAApproveDelay` int(11) NOT NULL DEFAULT '60',
  `law5CertificatePercentage` int(11) NOT NULL DEFAULT '40',
  `exportFundPercentage` int(11) NOT NULL DEFAULT '10',
  `executiveManagerName` varchar(255) COLLATE utf8mb4_unicode_ci NOT NULL,
  `mailServer` varchar(225) COLLATE utf8mb4_unicode_ci DEFAULT NULL,
  `mailServerPort` int(11) DEFAULT NULL,
  `mailEnableSSL` tinyint(1) DEFAULT NULL,
  `fromEmail` varchar(225) COLLATE utf8mb4_unicode_ci DEFAULT NULL,
  `fromEmailPassword` varchar(225) COLLATE utf8mb4_unicode_ci DEFAULT NULL
) ENGINE=InnoDB DEFAULT CHARSET=utf8mb4 COLLATE=utf8mb4_unicode_ci;

--
-- Dumping data for table `settings`
--

INSERT INTO `settings` (`id`, `automaticAssignDelay`, `automaticIDAApproveDelay`, `law5CertificatePercentage`, `exportFundPercentage`, `executiveManagerName`, `mailServer`, `mailServerPort`, `mailEnableSSL`, `fromEmail`, `fromEmailPassword`) VALUES
(1, 15, 15, 25, 50, 'د. خالد عبد العظيم', 'mail.orchtech.com', 25, 1, 'test@orchtech.com', 'eyJpdiI6Ik9OWHoxUlVHbU1mbmJKaWZOaGxHNVE9PSIsInZhbHVlIjoiV3ZUWHhXQm5NS3pSWFlYYTNLMmdreEswdU5IdHhWU1R0SGR1SHNVK1wvOWc9IiwibWFjIjoiN2I1YTdhZDA5NzA4NGQ0NjRlZjI2NTJhMGUxYTcxM2MxMTgzYmY1MjlmYjFlYjNiOGQ4MDc3ZDQ0YTNiMDk4NyJ9');

-- --------------------------------------------------------

--
-- Table structure for table `tender_winners`
--

CREATE TABLE `tender_winners` (
  `id` bigint(20) UNSIGNED NOT NULL,
  `certificateId` int(10) UNSIGNED NOT NULL,
  `TenderDescription` varchar(255) COLLATE utf8mb4_unicode_ci NOT NULL,
  `TenderValue` double NOT NULL,
  `TenderDate` date DEFAULT NULL,
  `created_at` timestamp NULL DEFAULT NULL,
  `updated_at` timestamp NULL DEFAULT NULL
) ENGINE=InnoDB DEFAULT CHARSET=utf8mb4 COLLATE=utf8mb4_unicode_ci;

--
-- Dumping data for table `tender_winners`
--

INSERT INTO `tender_winners` (`id`, `certificateId`, `TenderDescription`, `TenderValue`, `TenderDate`, `created_at`, `updated_at`) VALUES
(1, 35, 'h', 122, '2019-07-01', '2019-07-15 11:49:34', '2019-07-15 11:49:34'),
(2, 49, 'tender', 100000000, '2019-07-22', '2019-07-21 17:09:20', '2019-07-21 17:09:20'),
(3, 2, 'sad', 213214123, '2019-09-19', '2019-09-22 12:45:40', '2019-09-22 12:45:40'),
(4, 170, 'tender', 20000, '2019-10-11', '2019-10-24 10:55:17', '2019-10-24 10:55:17');

-- --------------------------------------------------------

--
-- Table structure for table `trusted_devices`
--

CREATE TABLE `trusted_devices` (
  `id` int(10) UNSIGNED NOT NULL,
  `userId` int(10) UNSIGNED NOT NULL,
  `trustToken` text COLLATE utf8mb4_unicode_ci,
  `created_at` timestamp NULL DEFAULT NULL,
  `updated_at` timestamp NULL DEFAULT NULL
) ENGINE=InnoDB DEFAULT CHARSET=utf8mb4 COLLATE=utf8mb4_unicode_ci;

--
-- Dumping data for table `trusted_devices`
--

INSERT INTO `trusted_devices` (`id`, `userId`, `trustToken`, `created_at`, `updated_at`) VALUES
(1, 17, 'Vmtaa2QxRnRWa1pQVmxaVFYwZFNUMWxYTVRCT1ZsSlhWV3hhVGsxRVJrWlhhazVYV1ZaYWRHRkVSbFppV0doMlZUSXhSMVpXVG5KTlYyaE9UVlZ3YjFZeWVGZFpWMDVJVW01S1VGWnRhRlJXYlhOM1pERlZlRlZyWkd4V2JYaGFWVEkxYTJGVk1WZFRiV2hXWVdzMWVWUlZXbGRXTVd3MlVXMXdUbFpVVmpCV2JYUnJVakpXYzFkdVZtcFNWRVp3Vm0xMGQxVldXWGxqU0VwUlZWUXdPUT09', '2019-10-12 12:43:31', '2019-10-22 21:57:08'),
(3, 15, 'Vmtaa2QxRnRWa1pQVmxaVFYwZFNUMWxYTVRCT1ZsSllZMFphYkdGNlJrWldNV2hYWVdzeGRHVkVVbHBOTTBKeVZrUktUMU5HWkhGV2F6Vk9Wak5vV1ZaWGVGWk5WazVJVkZoc1RsWlhhSEJaYTFaaFpFWlJlRlp1VG1sTmJFcEtWVmQ0UTFZeFdYaFhiRUpXWldzMVNGcEVRVFZUVmtwMVZXczFWMUl6WnpCV01uaFhVakZLV0ZWc1dsQldSbkJQVkZaa2FtUXhVWGhWYXpWUlZWUXdPUT09', '2019-10-12 13:17:06', '2019-10-22 22:53:06'),
(4, 88, 'Vmtaa2QxRnRWa1pQVmxaVFYwZG9UMVZyVlhoT1JsSldWV3RLVGxaVVZsWlhhazVYWVVVeFJrMVVWbGhpUm5CWFZGWmtTbVZzVG5Sa1JUVnNZa2R6ZDFaSE1YZFNNVWwzVGxWYWFGTkhhRmhXYkZwaFYwWnJlRnBJVG1wV01VcFhXbFZTVjFReVZuTlhhM1JoVWpOTmVGWlZaRWRXTVZwMFVtczVVMUpWV1RCWFZFb3dWREpPVjFaWWJHdGxhMHBZV1d0YVlVMHhVbkpoUlVwUlZWUXdPUT09', '2019-10-17 13:26:00', '2019-10-27 10:05:58'),
(5, 9, 'Vmtaa2QxRnRWa1pQVmxaVFYwZFNUMWxYTVRCTk1WSldWV3hLYkZKVVZsWldSbWhYVkd4a1NHTjZRbFZXVjAxNFdrY3hUMWRGT1Zoa1IyaHNZbFpLVVZZeFdtdGtNVWw0VWxod1VtSkhVbGhVVjNCell6RmFXR05JVG1sU01Vb3dXV3RWTldKR1dYZE9TSEJoVWpOb1JGUnNXbE5qTWs1SVkwWkNWMVpVVlhoV1JsSkxZVzFXZEZKWWNHaFNNMmhaVm1wS2IxWkdXWGRhUlZwUlZWUXdPUT09', '2019-10-22 00:19:51', '2019-10-22 00:41:53'),
(6, 47, 'Vmtaa2QxRnRWa1pQVmxaVFYwZFNUMWxYTVRCT1JsSjFZMFUxVGsxRVZsWldNV2hYVmpKR05sSnVTbFZOUmtwMVZGY3hWMk5XY0VsalJUbFRWbXhaTWxaWGRGWmxSMFpYWTBaYVlWTkhlRmRaYlhoelRURlNjbFZ0T1ZkU1ZFWlpWVzEwZDJGWFNuSlRhM2hYVFVaS2VsWkhlR3RYVmxaMFRsZEdUbEp1UWxoV1ZscHZVakZTU0ZSclpGTmhNWEJSVm1wR1ZtUXhXWGRXYmxwUlZWUXdPUT09', '2019-10-22 12:39:55', '2019-10-22 17:37:56'),
(7, 89, 'Vmtaa2QxRnRWa1pQVmxaVFYwZG9UMVZyV25OT1JsSlhWV3hhVGxKVVJrWlhhazVYVld4YVZrNVVUbGRXYkVwVVdrUktSMWRHU25WWGJXeHBZVEJ3ZVZaSGNFTlNNbEpIVm10YVdHSnNXbGxaYkZwM1pGWlplVTFZV214V2EzQklWVmR3UzFSdFJuUlZhM0JXVFdwV00xcFZWVEZrVmtaVlUyMXdhVk5GU2pSV1JscHJZakZXZEZKclpGZGhhelZ4V2xjeE1FNVdXbkpYYXpWUlZWUXdPUT09', '2019-10-24 10:17:26', '2019-10-30 11:54:08');

-- --------------------------------------------------------

--
-- Table structure for table `units`
--

CREATE TABLE `units` (
  `id` int(10) UNSIGNED NOT NULL,
  `nameEn` varchar(255) COLLATE utf8mb4_unicode_ci NOT NULL,
  `nameAr` varchar(255) COLLATE utf8mb4_unicode_ci NOT NULL,
  `isDeleted` tinyint(1) NOT NULL DEFAULT '0',
  `created_at` timestamp NULL DEFAULT NULL,
  `updated_at` timestamp NULL DEFAULT NULL,
  `deleted_at` timestamp NULL DEFAULT NULL
) ENGINE=InnoDB DEFAULT CHARSET=utf8mb4 COLLATE=utf8mb4_unicode_ci;

--
-- Dumping data for table `units`
--

INSERT INTO `units` (`id`, `nameEn`, `nameAr`, `isDeleted`, `created_at`, `updated_at`, `deleted_at`) VALUES
(1, 'unit1', 'وحده1', 0, NULL, NULL, NULL),
(2, 'test', 'test', 1, NULL, NULL, '2019-06-27 14:59:13');

-- --------------------------------------------------------

--
-- Table structure for table `users`
--

CREATE TABLE `users` (
  `id` int(10) UNSIGNED NOT NULL,
  `sectorId` int(10) UNSIGNED DEFAULT NULL,
  `roleId` int(10) UNSIGNED NOT NULL,
  `email` varchar(255) COLLATE utf8mb4_unicode_ci NOT NULL,
  `password` text COLLATE utf8mb4_unicode_ci NOT NULL,
  `token` text COLLATE utf8mb4_unicode_ci,
  `resetPasswordCode` varchar(255) COLLATE utf8mb4_unicode_ci DEFAULT NULL,
  `resetPasswordCodeCreationdate` timestamp NULL DEFAULT NULL,
  `isEmailVerified` tinyint(1) NOT NULL DEFAULT '0',
  `isActive` tinyint(1) NOT NULL DEFAULT '1',
  `created_at` timestamp NULL DEFAULT NULL,
  `updated_at` timestamp NULL DEFAULT NULL,
  `deleted_at` timestamp NULL DEFAULT NULL,
  `name` varchar(255) COLLATE utf8mb4_unicode_ci NOT NULL,
  `telephone` varchar(20) COLLATE utf8mb4_unicode_ci NOT NULL,
  `isDeleted` tinyint(1) DEFAULT '0',
  `step2token` text COLLATE utf8mb4_unicode_ci,
  `step2code` varchar(4) COLLATE utf8mb4_unicode_ci DEFAULT NULL,
  `codeCreationDate` datetime DEFAULT NULL,
  `checkStep2Token` tinyint(1) NOT NULL DEFAULT '0'
) ENGINE=InnoDB DEFAULT CHARSET=utf8mb4 COLLATE=utf8mb4_unicode_ci;

--
-- Dumping data for table `users`
--

INSERT INTO `users` (`id`, `sectorId`, `roleId`, `email`, `password`, `token`, `resetPasswordCode`, `resetPasswordCodeCreationdate`, `isEmailVerified`, `isActive`, `created_at`, `updated_at`, `deleted_at`, `name`, `telephone`, `isDeleted`, `step2token`, `step2code`, `codeCreationDate`, `checkStep2Token`) VALUES
(1, NULL, 1, 'Admin@example.com', '$2y$10$R/.pWAV7cBJLrToFaBlL/.Ts6Hqgm3SumyVyCU//ERQC8nWYxih9e', 'Vmtaa2QxRnRWa1pQVmxaVFYwZG9UMVpyWkU5T1JsSnlWV3hLVDFKVVJUSlZWbWhYVjBaWmVXVkljRlZpVkVaSVZsVmFhMVpzY0VoaVJuQlhVbXh3TVZkVVJtOWhNbFpIWWtaa2FWSjZWbFJWYkZaM1pERmFXR1JIT1U5aVJsWXpWa2N4ZDFaV1dYcFZiV2hWVmxkb1ZGa3dXbUZTVmxKVlZHczVUbUZ0WnpGV2ExcHFUbGRKZDA1VldsVmhNRFZQVld0V1lWSnNWblJsUm5CUlZWUXdPUT09', NULL, NULL, 1, 1, '2019-06-12 22:00:00', '2019-11-10 14:48:30', NULL, ' Admin admin ', '01021952160', 0, 'Vmtaa2QxRnRWa1pQVmxaVFYwZFNUMXBYZEZkTk1WRjRWV3R3YkdGNlZsWldWbWhYVmxaWmVsRnVVbGRXVjFKTVZrZDRUMU5YVGtsUmJYUm9UVzFvTWxkc1ZtRmlNVkpHVDFWc1ZHRnNXazlWYm5CU1pXeGtkRTFYT1ZaTlZrWTFWVzE0UjFkSFJYZE9WV1JZVm0xTk1WbFdWVEZTVmtweVYyMW9UbFl6VVRKV1YzaHJUVVphVjFkdVVsZFhSM2h3V1Zod2MxTnNXbkZUYm5CUlZWUXdPUT09', '5438', '2019-10-24 09:23:52', 0),
(9, NULL, 4, 'idaemployee@example.com', '$2y$10$R/.pWAV7cBJLrToFaBlL/.Ts6Hqgm3SumyVyCU//ERQC8nWYxih9e', 'Vmtaa2QxRnRWa1pQVmxaVFYwZG9UMVZyWkU5T1JsSlhWV3RhYkdGNlJrWlhhazVYWVVaT1JsTnJlRmhpV0VKeFZHdGFjMk5XY0VsV2JXeE9WbnBvTTFkWWNFZFRNa2w0Vlc1U1ZHSkZOWEJWYWtKaFUyeFZlV1ZHVGs1V2JYaDVWako0WVZWR1dYbFZhemxWVFVkTmVGbHRlRXRrVjBwSVpVVTFUazF0WTNoV1ZsSlBWVEF3ZUZkcmJGZGlWVnBQVlcxNFMxVldVbGRhUm5CUlZWUXdPUT09', NULL, NULL, 0, 1, '2019-06-18 16:20:11', '2019-10-31 11:13:08', NULL, 'Idaemployee', '01021952160', 0, 'Vmtaa2QxRnRWa1pQVmxaVFYwZFNUMWxYTVRCTk1WSldWV3hLYkZKVVZsWldSbWhYV1ZVeGRHRkZjRlppVkVaMVZGVmtWMWRXVG5KVmJFNVhUVVJGTUZkVVFtOVpWbHBIWWpOa2ExSllhRmhVVjNCV1pWWmFSbFpzWkZWU2F6RTJWa2Q0VTFack1YSmpSV3hWVFVkUk1GWnFTazlUUjFKSFZXMXdhR0Y2Vmt0V1J6QXhVVzFXVjFKcVdtRlRSMmhvVldwS2FtVnNjRmRYYkVwUlZWUXdPUT09', NULL, NULL, 0),
(10, NULL, 3, 'idamanager@example.com', '$2y$10$R/.pWAV7cBJLrToFaBlL/.Ts6Hqgm3SumyVyCU//ERQC8nWYxih9e', 'Vmtaa2QxRnRWa1pQVmxaVFYwZG9UMVpyWkU5Tk1WRjNWV3MxVDFaVVJrWlZiR2hYVkcxRmVGTnJiRlpOVjA0MFdXdGFTMUp0VGtsYVJUVllVMFZGZDFkVVFsZFRhelZIVkd0a1VtSllVbEJaYkZKSFlqRlNXRTFXVGxkTmEydzFXa1JPYjFVeVJuSlRhbFpYVWpOb2FGcFZXbE5rUjAxNllVWldWMUpyYnpKV1IzaHZZekZXYzJFemJGUmhNMUpYVm14a1VtUXhiRmhPVmtwUlZWUXdPUT09', NULL, NULL, 0, 1, '2019-06-18 16:20:55', '2019-11-10 08:39:01', NULL, 'idamanager', '01021952160', 0, 'Vmtaa2QxRnRWa1pQVmxaVFYwZFNUMXBYZEZkT1JsSldWV3RLYkdGNlJuaFdSbWhYVkRGT1NWRnJWbGhpUmtwb1dUQmFkMlJXV25KTlYzQlhUVEZLZDFkWGVHcGtNbFpIV2toT1dHSnJXazlXYTFaaFlqRlZkMVZyVGs1V01EVlhXbFZXYzJKSFNsbFJhMlJYWWxoQ2NsWnFSbXRrUm1SelUyeGtXRkpWYkRaV01XaDNXVmRPVjJORlpGZGlhM0JUVmpCVk1XVnNiSFJrUlZwUlZWUXdPUT09', '8676', '2019-10-24 10:03:21', 0),
(11, NULL, 5, 'feiemployee@example.com', '$2y$10$R/.pWAV7cBJLrToFaBlL/.Ts6Hqgm3SumyVyCU//ERQC8nWYxih9e', 'Vmtaa2QxRnRWa1pQVmxaVFYwZG9UMVpyWkU5T1JsSjBZMFpLYkdGNlZrWlZNV2hYWVVkS1YxTnNUbFpXUlhBelZHeGFUbVZHVG5WU2JXeFhUVlZ3V0ZadE1IaGtNa1pJVm01V2FHVnNXbkpWYTFaR1RWWlZlRlpZWkU1U2JrSXdWR3hTVDFWR1NrWlRiRkpXWVRKUk1GUnJXbE5qVmxaeFYyeHdhV0Y2VVhsV2ExcHJWbXN4V0ZWdVVsWmhhelZXVm10a1UwNVdVblZqUlhCUlZWUXdPUT09', NULL, NULL, 0, 1, '2019-06-18 16:21:40', '2019-11-10 16:43:42', NULL, 'feiemployee', '01021952160', 0, 'Vmtaa2QxRnRWa1pQVmxaVFYwZFNUMWxYTVRCT1ZsSlhWV3hhYkZKVVJuaFZWbWhYV1ZaWmQySkVWbUZXTTFKeVZsWmtSMVl4U25KUFZUbFRZa1Z3ZUZkV1dsTlRNRFZZVkd0YVlWSlhlRlJWTUZaYVRWWmFkV05GT1ZwV2ExWXpXV3RTVjFRd01VaGxTSEJhWld0YVdGUlhlRWRqYkZKeVRWZDBhR1ZyVlhsV1IzaFhZMnN4YzFKdVZsSmhhelZ2VlcwMVExSnNXbFpXYlRWUlZWUXdPUT09', '4819', '2019-10-22 21:51:18', 0),
(12, NULL, 6, 'chamberemployee@example.com', '$2y$10$R/.pWAV7cBJLrToFaBlL/.Ts6Hqgm3SumyVyCU//ERQC8nWYxih9e', 'Vmtaa2QxRnRWa1pQVmxaVFYwZG9UMVZyV25OT1JsSldWV3RLYkdGNlJrWldWbWhYVjIxS1NWRnFSbFZXVmtwNlZURmFhMVpzVG5WVmF6Vm9UVlp3VGxZeFpIcGxSMDVJVkZoc1dHSlVWbkJXYlhoR1pERmFjVkZzWkZkaVIzaDZWakp3VTJFeVJqWlJXR2hXWWtad1JGcFZaRmRrVmxKWllVZDBhRTB3U2tWV1ZFSlRVakExUjJFelpGTmliRnBWVm1wT1UwNUdXWGxrU0VwUlZWUXdPUT09', NULL, NULL, 0, 1, '2019-06-18 16:22:29', '2019-10-30 10:03:04', NULL, 'chamberemployee', '01021952160', 0, NULL, NULL, NULL, 0),
(13, NULL, 7, 'eosuser@example.com', '$2y$10$R/.pWAV7cBJLrToFaBlL/.Ts6Hqgm3SumyVyCU//ERQC8nWYxih9e', 'Vmtaa2QxRnRWa1pQVmxaVFYwZG9UMVpyVmxkTk1WRjRWV3hhVDFKVVJUSlZNV2hYVlRKS2NtTkVRbFpXYlZKNVdsVmFWMU5XUm5OYVJtUnBZbFpLTTFacldsTlRhekZYVkc1S2FWSllhRk5XYWtwVFpGWnNjbFZ0ZEZKaVJYQlpWbGQwVTFsV1dYaFRhemxWWVd0YVdGVXljM2RsYkU1MVlrZG9hVlpVVWpWWFZ6RXdVakF3ZDAxVlZsSmhiRnBQV1ZkNGQwMHhiSEZTYlhCUlZWUXdPUT09', NULL, NULL, 0, 1, '2019-06-18 16:23:08', '2019-11-04 09:58:32', NULL, 'eosuser', '01021952160', 0, NULL, NULL, NULL, 0),
(14, NULL, 8, 'gagsuser@example.com', '$2y$10$R/.pWAV7cBJLrToFaBlL/.Ts6Hqgm3SumyVyCU//ERQC8nWYxih9e', 'Vmtaa2QxRnRWa1pQVmxaVFYwZG9UMVpyVmxkTk1WRjRWV3hhVDFKVVJrWlhWRTVYVjIxS1dWVnVjRnBpUjFKNldWWlZlRmRIU2tsYVIzQnBWbTEzZWxacldtOWtNV1JJVTJ4c1UyRjZSbGxWYlRWRFVsWndXRTFZV214V01HdzFWVzEwVTJGc1NsaGhTRkpWWWxoTmVGWldXbE5UVmxaMVkwWktUbFpzVmpWWFdIQlBZVEpLZEZOcmFGZFdSWEJvV1ZSS1UxTXhiRmRWYkhCUlZWUXdPUT09', NULL, NULL, 0, 1, '2019-06-18 16:23:45', '2019-11-04 09:58:07', NULL, 'gagsuser', '01021952160', 0, NULL, NULL, NULL, 0),
(15, NULL, 2, 'applicant@example.com', '$2y$10$Nehkt3GD8.s6BoYu3oBSOuxK9X4UL0YO.v2w3xDI7OQJ9v48q49UW', 'Vmtaa2QxRnRWa1pQVmxaVFYwZG9UMVpyV2tkTk1WRjRWV3MxVGxaVVZsWlZiR2hYVmxaSmVGTnNSbFppYmtKUVZqSjRjMlJIU2tkUmJGcE9ZbFV3ZDFacldtRmpNVkpJVlZod1lWTkhlRTlaVkVaM1ZVWldkR1JHWkU1aVZURTFWMnRhYzJGc1NuSlRiRXBhVFc1Q2VscFdaRTlPYkZaeVkwWkNVMVpzY0ZoWFZFWlhUa1prU0ZWdVZsaGliRXBXVm14a05HTldaSEZVYkhCUlZWUXdPUT09', 'AiuswQ6AONYXMOI217', '2019-10-17 02:00:07', 0, 1, '2019-06-18 16:37:33', '2019-11-07 09:35:51', NULL, 'شركه حديد وصلب', '01021952160', 0, 'Vmtaa2QxRnRWa1pQVmxaVFYwZFNUMXBYZEZkT1JsSldWV3RLYkZaVVJrWlhhazVYWVRGS2MyTkdWbGRoYTBwUVdXeGFhMVp0VGtaTlYzaFlVbFJDTlZZeWRHRmtNVnBHVGxoR1UxWkZTbGhaVkU1RFpFWnJkMVpyZEZWTlZXdzBWMWh3UTFReFduUlZibHBoVmxaWmQxbHNXbGRTVjBwSVpFVTVhRTB5VVhwV2FrSmhVekZPV0ZSclpGZGlSVFZvVkZaa1UxVnNXbkZUYkZwUlZWUXdPUT09', '9465', '2019-10-27 22:21:29', 0),
(16, NULL, 1, 'mohamed.khairry@orchtech.com', '$2y$10$iSFPhnH73dtvB3Scpp89DOLTbOHtLy3QJYg0eF3WIw2jzG4la7Wmm', 'Vmtaa2QxRnRWa1pQVmxaU1ZrVTFUMWxYTVRCTk1WRjRWV3R3YkZaVVZrWlhhazVYVkRGS1dGcEVVbUZXTTFGM1dWUkdSMVpXWkhSaFIyaFhaV3RhTVZacldtdE5Sa3BIWTBWc2FGSnNXbkpaVkVaWFRrWmtjbFpxUWxWaGVsWjRWVzF3UjJGc1pFZFNXSEJXVFVkb1VGWlhjM2hqVmtaMVZHeGFUbUpHY0ZSV1IzQkxZakZTV0ZKcldrNVdSVnBaV1cxNFYwNVdWbGhOV0hCUlZWUXdPUT09', 'DGdrXtR7JnAdtSn115', '2019-07-16 13:19:13', 0, 1, '2019-06-18 16:41:38', '2019-07-22 09:22:48', NULL, 'محمد خيري', '01021952160', 0, NULL, NULL, NULL, 0),
(17, NULL, 3, 'mohamed.khairy.eg@gmail.com', '$2y$10$Q/3JuVqkaEPdIyp3cNgY0uOO.4anTCvMh3LF5wjxVaSIdRrtfPE7O', 'Vmtaa2QxRnRWa1pQVmxaVFYwZG9UMVZyVmxkT1JsSnpWV3MxVGxKVVJrWlhhazVYVlVaYU5sWnFWbGhoTVZZMFdsVmFWMU5XY0VaT1ZtaFhUVVJXTkZaR1ZsTlViVlpZVlZoa2FWSnJTbkZWYlhNeFVURmFWbFpZYUdoU2F6RTBWbGQwUzJKSFJuSk5SRVpYVFdwV1RGbHRlSGRqYlZaR1kwZHNhR1ZyV2tSV1JFWmhVVEpKZUZaclZsaFdSWEJ3VlRCVk1XVnNjRVpXVkZKUlZWUXdPUT09', 'l6cKISwGK5YU8iU218', '2019-10-28 22:38:09', 0, 1, '2019-06-18 16:56:12', '2019-10-28 22:38:09', NULL, 'mohamed.khairy', '01021952160', 0, 'Vmtaa2QxRnRWa1pQVmxaVFYwZFNUMWxYTVRCT1ZsSlhWV3hhVGsxRVJrWlhhazVYWVZaYVIySkVVbUZTZWtab1ZUQmFVMU5YVGtkV2JGcFRaV3hhVGxaR1pIZFdiVlpYVkd0YVdHSnVRazlWYWtwU1RXeGFSMVZyY0U1aVIzUXpWbFpTUjFWR1NsWldXR3hXWldzMVdGbHNXbGRqTWtwSFZXeHdhVll4U2xOWFZFWmhVVEpTU0ZWc1pHaFNSa3BoVm14b2IyVldWbkpXYkhCUlZWUXdPUT09', '9128', '2019-10-27 23:14:19', 0),
(18, NULL, 2, 'dev@orchtech.com', '$2y$10$OpAMmMN4d4gTlZ8TRRWlMO077FV3Lc24QD7ffvXWGs4ZLSRJwtW/.', 'Vmtaa2QxRnRWa1pQVmxaU1ZrVndUMWxYZUhOT1JsSlpZMFUxVDFKVVJsWlZWbWhYWVRGYVYxZHVaR0ZXVmtwSVZrUkdSMk5XVW5KaFJtUlRaVzE0VlZkclpEUlpWbHBYWTBWYVVGWlVSbkpWYlhSV1pERldjVk5yZEdsU1ZGSTBWbTF3VDJKR1dsaGxSVGxYVFVaS1lWUlVTbGRYVm5BMlUyeGthVll6YUhwWFYzQkRUa2RSZUZOdVRsZGlhMHBZVm1wT2IxbFdXa2hOVkU1UlZWUXdPUT09', NULL, NULL, 0, 1, '2019-06-19 13:38:10', '2019-06-19 13:38:10', NULL, 'orchtech', '01234567890', 0, NULL, NULL, NULL, 0),
(19, NULL, 2, 'aoteify@fei.org.eg', '$2y$10$1xVU2kvnHQcQ.WGN8amPW.lFZJLWP0Ps/dvUdvuK.Xb6bGpT6QFRa', 'Vmtaa2QxRnRWa1pQVmxaU1ZrVndUMWxYTVU5Tk1WRjRWV3hLYkZKVVZrWldWbWhYWWtaa1NGa3piR0ZTZWxaVVZqSjRTMVpzYkRaVGJXaFhWakpSTWxaWWNFTk5Sa3AwVkc1V1dHRjZWbkJWYTFaTFZHeGtjVk51Wkd4U2JrSlpWa2N4YjJKR1dYaFNhbHBWVFZkb1JGWnFRWGhXYkVweFUyeEtUbFpyY0ZKV2FrbzBXVlpaZDA1VVdsWmliSEJSVm14YVMwMVdaSEZUYlhCUlZWUXdPUT09', NULL, NULL, 0, 1, '2019-06-20 09:41:44', '2019-06-20 09:41:44', NULL, 'AOM', '01222526552', 0, NULL, NULL, NULL, 0),
(20, NULL, 2, 'fwanes@example.com', '$2y$10$BBjlssHYPdY4biPQRZXcgeXjuJCl0J/W2TAVZjBN9NXNYLr28ioeG', 'Vmtaa2QxRnRWa1pQVmxaU1ZrVTFUMWxYTVd0T1JsSnpWV3hLVGsxRVJsWlZNV2hYWWtaYVdWRnNRbFZOVjJoVVZGUktUbVF4VG5KaFJUbFRVbTVDVmxkWGRHOVRNVnBYV2toS2FWSkZOVk5aVkVFeFl6RlNWMWw2UmxkaVJWWTFWMnRhYzJFd01IaFhhazVYVWpOQ1dGWkhlRk5XTWtwSFZHMXdVMUpzY0ROV01XUjNWakZzVjJKSVZsWmlia0poVm10a1UxSkdWbkZUYkZwUlZWUXdPUT09', NULL, NULL, 0, 1, '2019-06-20 15:43:59', '2019-07-21 15:47:12', NULL, 'الشركه العالميه لصناعه الفوانيس', '01021952160', 0, NULL, NULL, NULL, 0),
(25, NULL, 1, 'red.devile2010@gmail.com', '$2y$10$R/.pWAV7cBJLrToFaBlL/.Ts6Hqgm3SumyVyCU//ERQC8nWYxih9e', 'Vmtaa2QxRnRWa1pQVmxaVFYwZFNUMVZyWkRCT1JsSlhWV3hLVGxaVVJrWldNV2hYV1ZkV2MySjZTbGROYWtWNlZGWmtSMWRIUmtsV2JHaFVVbFJXVWxaWGRHRlVNVXB5VDFaa1dtVnNTbE5XYTFaM1ZFWnJlbU5IT1ZkV2EzQllWVmQ0WVZaV1NYcFJXSEJWWVRKU1VGWXllRk5TTVZwMVZHMTBhV0pyU2xWV2ExcHJWakpOZUZSc1ZsZGlWRlp5Vm1wQ2QwMXNWWGRYYTFwUlZWUXdPUT09', NULL, NULL, 0, 1, '2019-06-23 18:21:24', '2019-10-02 11:45:06', NULL, 'name', '01021952160', 0, NULL, NULL, NULL, 0),
(26, NULL, 2, 'kareem@example.com', '$2y$10$Nehkt3GD8.s6BoYu3oBSOuxK9X4UL0YO.v2w3xDI7OQJ9v48q49UW', 'Vmtaa2QxRnRWa1pQVmxaVFYwZG9UMVZyV2tkTk1WRjNWV3hhVGsxRVZsWlhhazVYV1ZkS1ZrMUliRmhXZWtaWVdUSXhUMVpXWkhSalJUbFRUVEprTkZZeFVrdE5Sa2wzVGxWV2FWTkZTbFpWYkZaM1VURlNWbGRzVGs1TmEzQkdWbXhvYTFZd01WWlRibFphWldzMVNGWlVSbE5qYkU1VlZHeENVMkV3Y0dGV2JHTjRZekpKZUZKWWFGUmlWRVpRVldwR1NrMXNWbkZUYkZwUlZWUXdPUT09', NULL, NULL, 0, 1, '2019-06-24 16:53:28', '2019-10-28 08:57:58', NULL, 'kareeem', '01021564552', 0, 'Vmtaa2QxRnRWa1pQVmxaVFYwZFNUMWxYTVRCT1JsSlpZMFZLVGxKVVJrWldSbWhYVkd4YWRHUjZTbGRTUlZwNlZrVmtWMk14WkhOVmF6VlRVbXR3TWxacVFtcE9WbEY0V2tWc1lWSlZOVkZWYkZKSFpVWlZkMkZHVG1oTlZrcDZXVlZhZDFaWFNsbFJiRXBhVFVaYVVGbHJWVFZTYXpWV1lrWkthV0pXU2xKWGJGWlRWakF4V0ZWWWJGZGlTRUp3VkZWa05HRkdWalpUYXpWUlZWUXdPUT09', '3681', '2019-10-22 13:04:02', 0),
(27, NULL, 2, 'vbvvbvv@fdfv.com', '$2y$10$PhEZS5.N/FJHys5vWHNc2uY6v1V7B2jFle7TXKcIKTOA3IOFIYDQe', 'Vmtaa2QxRnRWa1pQVmxaU1ZrVTFUMVZyVm5OTk1WRjRWV3hhYTAxRVJrWlZWbWhYWVZVeGMxZHRPVnBOYmxKTVYxWmtWMUpXVm5OVGJGWlhZVEk1TmxaR1l6RlNNazV5VDFWYVdHSllRbkZVVkVKM1RteHdXR1ZGVGs5aVJWcFpWVzE0ZDFSdFNuTmpSbFphWWxoQ2RsWkVSbGRPYlVwR1drZDRhVkpWY0dGV1JsSkRUVVV4YzFSWWJGVmlSMmhQVkZkNFdtVkdjRVZVYTNCUlZWUXdPUT09', NULL, NULL, 0, 1, '2019-06-25 09:50:01', '2019-06-25 09:50:01', NULL, 'bv vb', '011155556523', 0, NULL, NULL, NULL, 0),
(28, NULL, 2, 'hr@rabya.com', '$2y$10$VcVKrKq4rXPqCWwo1nap8.s1MzohJ/DkCpcyAP2QBfr6V1iNMjQtS', 'Vmtaa2QxRnRWa1pQVmxaU1ZrVTFUMWxYTVRCT1JsSlhWV3RhVG1GNlZsWlhWRTVYVm14S1dGUnFWbFZOVmtwVVZsZHplR1JIVGtkVWJFNXBWa2RuTUZaR1dtdGtNa1pZVkd4YWExTkZjR0ZaYlhSM1ZsWlJlRlp0ZEdoTlYzUTBWVzAxYjFaR1NuTmpSRVpYVW5wR1lWUlVSbE5TYlZJMlZtczVWMDFzU1hoV2JHUjZUVlphYzFSWWJGaGlhM0J5VldwT1ExUXhaRmRWYkhCUlZWUXdPUT09', NULL, NULL, 0, 1, '2019-06-25 10:02:08', '2019-07-22 11:16:57', NULL, 'شركة الرابية المحدودة للفنادق والسياحة والتجارة والاستيراد التصدير Al Rabya Hotels, Tourism & Commercial & Import & Export Co. Ltd', '012345678908', 0, NULL, NULL, NULL, 0),
(29, NULL, 2, 'company@email.com', '$2y$10$1QiezWt89Do/TiITQ5JEGu/ntECLF3n9K3eO8FLcab.mi5YWG.STu', 'Vmtaa2QxRnRWa1pQVmxaU1ZrVTFUMVZyVm5OT1JsSnlWV3RLVGxaVVJrWlpWRTVYWVVaYVZsWlVRbUZTUlZwMldrWlZOVmRXU2xsalJtUlVVakZLYUZaR1ZtdGtNVkY1Vkc1R1ZtSlhhRzlXYlRGU1RVWndWbUZJWkdsU01EUXlXVlZTVjFaVk1VVmlSWEJYVW0xb1JGVXdXazlXYkZaMFlVWmFUazF0WjNwWFZtTXhZakF4Ums1WVVsWmliWGh6V1d4b2IyTldXbGRYYTBwUlZWUXdPUT09', NULL, NULL, 0, 1, '2019-06-25 11:50:55', '2019-06-25 14:05:09', NULL, 'company', '01234567890', 0, NULL, NULL, NULL, 0),
(30, NULL, 2, 'hr@ghassan.com', '$2y$10$MTDlsZvlDZv41Oq0nOXDnOUzQcV8TrFOMRCE2BQXXYjxiVq6.PEZi', 'Vmtaa2QxRnRWa1pQVmxaU1ZrVTFUMVZyVm5OT1JsSjFZMFZLYkZKVVZsWlZWbWhYWVRGS2MxTlljR0ZTVjFKeVZWZHpNV05zV25WVmJVWlhUVEZGZVZaclVrOVZiVlowVW14c2FGSkdjSEpVVjNoM1dWWmFSbHBIUmxKTldFSXdWREZhVDFRd01YVmhSRXBYVmxad2RsUnRlRkpsYkZKeFZXeGFhVkpzY0ZkV01qRXdUVVV3ZUZSdVZsaGliSEJ6Vm1wT1VtVldXbGRXVkZKUlZWUXdPUT09', NULL, NULL, 0, 1, '2019-06-25 17:01:50', '2019-06-25 17:01:50', NULL, 'مؤسسة غسان آي آيتش آل سلميان التجارية Ghassan A H Al Sulaiman', '012345726854', 0, NULL, NULL, NULL, 0),
(31, NULL, 2, 'hr@kabli.com', '$2y$10$1bvq56Jk7TJF.LNA/wx5T.cZvuClpLtBmJXufWjG.yjdEgGBJ7yXK', 'Vmtaa2QxRnRWa1pQVmxaU1ZrVTFUMVZyVm5OT1JsSjFZMFZhYTAxRVJuaFhhazVYVlVaSmVGTllhRlZXUlZwUVZrZDRUbVZWT1ZaV2JFcFlVbXR3WVZkc1dtOWpNREI0VlZoa1lWSlVSbEJXYWtvelpWWmFTR016YUZwV01WcDVWa1pTVTJGVk1VVlNibHBhWVRKUk1GWkZaRXRTTVVweVlVWldhV0pZYUVsV1IzUnJXVmRTV0ZOclZsaGlSMmhVV1cxek1WWnNaRmRYYXpWUlZWUXdPUT09', NULL, NULL, 0, 1, '2019-06-25 17:03:59', '2019-06-25 17:10:28', NULL, 'مؤسسة محمد عمر قبلي للتجارة – سيارات عالمية Mohamed Omer Kabli Trading Est', '0123456789', 0, NULL, NULL, NULL, 0),
(32, NULL, 2, 'red.devile2011@gmail.com', '$2y$10$LYPfxLB3SSPHnG04oNJyse8FAlLsR6NSpRMO0N7PhegRsGmlZXBO.', 'Vmtaa2QxRnRWa1pQVmxaVFYwZG9UMVZyV2tkT1ZsSllZMFpLYTAxRVJsWlhWRTVYVmxaSmVXUkVUbHBOYms0MFdURmFTbVZHVm5KbFIwWlRWak5vU2xkcldtdFpWMDV6VTFoc2JGSnJXbUZhVnpGdlpHeFNkR05HVGxoaVIxSmFWa2N4YjJGdFNsZFhiVGxYVm0xb1RGVnNaRXRYUlRGWFZHeFNWMVpVVmxkV2FrWldUVlpPYzFWdVZtcFNSVnBYVm10V2QyVkdiSEphUjNCUlZWUXdPUT09', NULL, NULL, 0, 1, '2019-06-26 14:56:27', '2019-10-28 22:40:17', NULL, 'justCode', '01021952160', 0, NULL, NULL, NULL, 0),
(33, NULL, 2, 'select@select.com', '$2y$10$cjxUHh9wESOyIidKQxsJEe9mpq71b3SHagRNsnetbIYpbXettmdv2', 'Vmtaa2QxRnRWa1pQVmxaU1ZrVTFUMVZyV2tkT1JsSldWV3hLVGxKVVZsWlZiR2hYWVVVeFZtSkVXbGRTZWtFeFdrVmFWMWRHV2xWUmJYaFRWMGRvZGxaSGVGZGhNVnBZVW01R1VtRjZSbGxaVnpGdlRteFNWVkZ1VGxoV2JIQXhWVmN4YjFReVNuTldXSEJXVFZad2RsWnRNVk5qYkZaVlZXeGFVMDFXYnpGV1IzUnZWVEZKZUZwRlpGaGlhelZ6V1ZkNFdrMXNjRmhPV0VwUlZWUXdPUT09', NULL, NULL, 0, 1, '2019-06-27 10:44:51', '2019-06-27 10:44:51', NULL, 'select', '01021952160', 0, NULL, NULL, NULL, 0),
(34, NULL, 2, 'select2@select.com', '$2y$10$on9zygiATjlZ02u1RWClXOIrNDVqIONwpxZur.pGzBL2JvedElkoS', 'Vmtaa2QxRnRWa1pQVmxaU1ZrVTFUMVZyV2tkT1JsSldWV3hLVGxaVVJUSlZWbWhYWWtaYVdHVkliRlppVkVGNFZUSjRUMk50U2tsVGJFcFhZa1p3VWxZeFdtdFpWbXhXVGtob1ZGWkZTbGxXYlhSMlpXeFNWMVZzV2s1aGVrWllWa1pTUzFRd01YSmpSV3hXVmpOb2VWcFhNVXRXYlUxNllVZHNWRkpXY0RCWFZscHJVekZaZVZWc2FFNVdNMUpRVm01d2MyUldXa2RWYXpWUlZWUXdPUT09', NULL, NULL, 0, 1, '2019-06-27 10:45:30', '2019-06-27 10:45:30', NULL, 'select', '01021952160', 0, NULL, NULL, NULL, 0),
(35, 3, 2, 'adaa@example.com', '$2y$10$FwGOZ9NhvZc9TIVhea2XVOgxBhPtr3gKl7elCyTQ.U3YgIWL1aqoK', 'Vmtaa2QxRnRWa1pQVmxaU1ZrVTFUMVZyV2tkT1JsSldWV3hLVGsxRVZsWlZWbWhYVmxaSmVXRkdWbHBsYTNCVVdsZDRhMk14VW5WaVJtaFhUVzVvV2xacVJtOVJiVlpYVjFob2FsSnNXbGxaVkU1dlpGWmFSVlJzVGs5aVZUVjRWVzF3VTFWR1pFWmpSemxYVmxad2VsWnJaRXBrTURWV1RWWmFVMVpyY0VWV1YzUldUbGRXUms5VmFHdFNhMXB5VmpCV1lWWXhXa1ZTYkVwUlZWUXdPUT09', NULL, NULL, 0, 1, '2019-06-27 10:47:50', '2019-06-27 10:47:50', NULL, 'adaa', '01021952160', 0, NULL, NULL, NULL, 0),
(36, NULL, 4, 'mahmoud@example.com', '$2y$10$R/.pWAV7cBJLrToFaBlL/.Ts6Hqgm3SumyVyCU//ERQC8nWYxih9e', 'Vmtaa2QxRnRWa1pQVmxaU1ZrVTFUMVZyWkRCT1JsSldWV3RhVG1GNlJuaFhhazVYVjBaSmQwNVdTbHBpV0doaFdsZDRkMU5XY0VsVmJHUm9aVzE0YjFadE1YZFZNbFp6VldwYVZHRXlhRk5VVkVKaFVteGFXR016YUZkV2JGcGFWbTE0YzFkR1NrWmpSRTVhWVd0dk1GZFdXblprTURsWlVtMTRWMUpWY0VwV1YzaFhZakF4ZEZWcmJGZGhNVXBVV1d4V2QwNVdWbFZSYWs1UlZWUXdPUT09', NULL, NULL, 0, 1, '2019-06-27 12:41:25', '2019-07-02 10:16:28', NULL, 'lmahmoud', '01021952160', 0, NULL, NULL, NULL, 0),
(37, NULL, 1, 'abdalmoneem.abdalraheem@orchtech.com', '$2y$10$4hyvGnGXZxufKUcCRM7gb.YS5TYrIiBn/MWBi.zGPJ6Xb0gt8026u', 'Vmtaa2QxRnRWa1pQVmxaU1ZrWktUMVZyVmxkT1JsSnlWV3MxVGsxRVJuaFdiR2hYVjJzeGRWRlljRnBOUm5CNlZHMXplR05yT1ZkUmF6VnBWMGRqZUZkWGVHRlRNVXBZVTFoc2FXVnNTbkZWYkZKWFRVWnJlbU5GWkdsTlZXdzBWakZvYzJGSFZuTlhibXhWWWxSV1NGVnRlR3RqTWtaRlZXMW9WMUpXYjNsV2JGWmhZekpHYzFWdVZsUmhiRnBWV1ZkNFdrMXNjRlphUlZwUlZWUXdPUT09', NULL, NULL, 0, 1, '2019-07-01 10:19:47', '2019-07-25 14:37:25', NULL, 'abdalmoneem', '01010101010', 0, NULL, NULL, NULL, 0),
(38, NULL, 5, 'mahmoudkhairy190774@gmail.com', '$2y$10$9L64fF.y.2AQnmvFC2kNfe.IFWF2mV2qn2F42Q1vgFsqWlZYMbzk2', 'Vmtaa2QxRnRWa1pQVmxaU1ZrVTFUMVZyWkd0T1JsSldWV3MxVDFaVVZsWldSbWhYWVcxS1ZsZHVVbHBXUlZwNlZsUkJlRk5HU25GUmJIQlhWbXhXTlZZeFVrdE5NbFpYVjJ0V1dHSlVWbkZVVkVKM1RXeGtjVkZ0UmxkV01GcElWa2QwUzFSdFNsaGFla1phVFVkT05GWXhXazVrTVZKelZXeGtWMkY2VVhkV2ExcGhVekZXUjFKdVVtRlNSWEJ4V1ZST1EwMVdhM3BqUlhCUlZWUXdPUT09', NULL, NULL, 0, 1, '2019-07-01 10:39:53', '2019-07-01 10:39:53', NULL, 'mahmoud', '01021952160', 0, NULL, NULL, NULL, 0),
(39, NULL, 4, 'rana.sabra@orchtech.com', '$2y$10$IGx7NSHuvol/iQOE9oc4gO48GXMToY7eZXFx62j7mT5TPkJEoAz82', 'Vmtaa2QxRnRWa1pQVmxaU1ZrWmFUMWxYZEhOT1JsSjFZMFZLYkdGNlZsWlhhazVYVjBkS2RHVkZXbGRTTTFKVVdUQmFSMk5XVm5OVGJXaFVVakpvYjFaR1kzaGhNbEpZVTI1U1RsWldjRk5aYkZKR1pVWmFWMXBJWkd4aVZUVkhXa1ZhUzFWc1duUmhSRnBWVm5wV2NWcFhlRmRqTWtwSVRsWlNWMUl4U2pCV2JYUlhUa2RPYzFaWVpHbFRSVFZYV1d4YVIwNUdjRlpWYkZwUlZWUXdPUT09', 'rsnp3kpmwEV5Rzb116', '2019-07-18 17:47:29', 0, 1, '2019-07-03 12:47:27', '2019-09-15 17:03:58', NULL, 'Rana Mohamed', '01234567890', 0, NULL, NULL, NULL, 0),
(40, NULL, 1, 'abdelrahman.hegab@orchtech.com', '$2y$10$WlLm5jeG/GkgBadVQpq8OeUJhuZa7DUpHGyrlOChq10mztJWPi8rm', 'Vmtaa2QxRnRWa1pQVmxaU1ZrVTFUMVpyVmtkT1JsSjBZMFZhVDFKVVJuaFdNV2hYVjBaWmVsUnFUbFpXYkZsM1ZteGFSMVpzVW5Sa1JUbFhUVEJKZDFZeFdtdGthelZIVkd4V1dHRXdOV2haYkZWNFRteHNjbFpzU2s1TmJGcFpWVzE0YTFWc1pFWk9XR3hhVmxkb2FGUlVSbk5qTVVwMVkwVTVVMUpVVmpOV1J6RXdWakF4VjJOR1pGcE5NMEp4VkZaYWQxSnNaRmRWYXpWUlZWUXdPUT09', 'A1eojx8UVWY9rtN210', '2019-07-16 11:24:34', 0, 1, '2019-07-03 16:18:26', '2019-07-16 11:24:34', NULL, 'Abdelrahman Hegab', '01234567890', 0, NULL, NULL, NULL, 0),
(41, NULL, 6, 'ali@example.com', '$2y$10$R/.pWAV7cBJLrToFaBlL/.Ts6Hqgm3SumyVyCU//ERQC8nWYxih9e', 'Vmtaa2QxRnRWa1pQVmxaVFYwZFNUMXBYZEZkTk1WRjRWV3R3VGsxRVJrWlhWRTVYVmtVd2VXVkVVbFZpV0VKb1drVmFjbVZYVWtaaVJrSlRVakpOZUZkVVNYaGhNV1JJVW14c1UySkdXbGhWYTFwaFUxWmFjMkZJVGxSaGVrWjZWMnRTVDFkR1dsVlNhelZZWVRGd2VsUnRlRk5YVm1SWllrVTFUbUp0WjNsV2ExSkRZekZhYzJFelpGVldSa3BRVkZSR1lXVnNiSE5WYXpWUlZWUXdPUT09', NULL, NULL, 0, 1, '2019-07-04 11:58:27', '2019-10-24 09:27:07', NULL, 'ali', '01021952160', 0, 'Vmtaa2QxRnRWa1pQVmxaVFYwZFNUMXBYZEZkTk1WRjRWV3R3VGsxRVJrWlhWRTVYVm14S2RGVnNSbFZoTVZVeFZrVmFSMlJYU2tkVWJGSk9Va1phUzFkVVNqQlRNRFZJVkc1S1dHSnNTbFZWTUZaaFpERnNWMXBGWkd0aVJsWTBWbTE0YzFkdFZuTmhNMmhoVW5wV1dGbFVTbE5qVmxaMVZteGFUazF0YUZkV2JGSkxWVEpTU0ZOdVRtbFRSbkJRVm1wS2IyTXhWbFZSYlhCUlZWUXdPUT09', '2974', '2019-10-24 09:27:05', 1),
(42, NULL, 6, 'ali2@example.com', '$2y$10$z1wC5PIO7XFK2505DFGVbuA57t21o7rba7SyEbusbM5whVI.SymuG', 'Vmtaa2QxRnRWa1pQVmxaU1ZrVTFUMVpyVmxkT1JsSlhWV3hhVDFKVVZrWldSbWhYVjJ4YWMyTkdUbFpXUlVWM1ZGZDRSMk50U2tkYVJscE9WbFZ3V2xkVVNqUldNbEpYVTI1T1ZsZEhVbEJXYTJRMFRURndSbHBITld0TlZscFdWbGN4YjFWR1duSlNWRVpZWWtaYU0xbFdWWGhPYkZKMFpVWm9hVkpyY0VSWFYzQkRVekpPUjJFemNGVmlhM0JWVlc1d1EwNUdXa1ZVYlhCUlZWUXdPUT09', NULL, NULL, 0, 1, '2019-07-04 11:58:43', '2019-07-04 11:58:43', NULL, 'ali', '01021952160', 0, NULL, NULL, NULL, 0),
(43, NULL, 6, 'ali2222@example.com', '$2y$10$8/nC0UDVim4QLxdXQRuTAOMoTh6tITsFNBOJWoEnhZOKJNe2zNJCO', 'Vmtaa2QxRnRWa1pQVmxaU1ZrVTFUMVpyVmxkT1JsSlhWV3hhVDFKVVZsWlZiR2hYWVVVeFdFOVVUbGRoYTBvelZGWlZlR014VWxsalJsSnBZa1pzTkZaRVFtdFdNVWw0WTBoS1lWTkdXbkJhVjNNeFV6RlNjVkZ0Um10TlZuQlhXa1ZTVDJGRk1IaGhNMlJhVFZaYU0xa3dXbUZqYkVwMVlrZEdhVlpZUWtwV2JGWmhZV3N4VjFwSVNtdFNXRkp5Vm1wQk1WWkdXbk5XYTNCUlZWUXdPUT09', NULL, NULL, 0, 1, '2019-07-04 11:58:51', '2019-07-04 11:58:51', NULL, 'ali', '01021952160', 0, NULL, NULL, NULL, 0),
(44, NULL, 6, 'go@example.com', '$2y$10$jpQKxZnbrv8SaFDt8GrmnOPqGaxK.JaIJrdUjnmR1JQHpHgMVdNDG', 'Vmtaa2QxRnRWa1pQVmxaU1ZrVTFUMVpyVmxkT1JsSlhWV3hhVDFaVVZrWlhhazVYVmpGS2RGVnNXbFpXUldzeFdrVmFUMVpXVmxWV2JFcE9Za1Z3ZGxac1ZsZFdNa3B6WVROd1dHSnJXbTlXYkZaaFV6RmtjMXBIY0U1aVZUVjVXV3RWTVZWdFZuSlhXSEJYVW0xb2VsVnFRVFZUVjBwSFZXeG9WMDF0WkRSV2JHaDNVakpGZUZWc2JGZGlSVnB2V1ZSQ1lXVkdaRmRhU0ZwUlZWUXdPUT09', NULL, NULL, 0, 1, '2019-07-04 11:59:48', '2019-07-04 11:59:48', NULL, 'ali', '01021952160', 0, NULL, NULL, NULL, 0),
(45, NULL, 1, 'aya@example.com', '$2y$10$xdvZDN2Yej91diUKvN6dwePY/0XUs52ICewwqbqVNyo10nQfise4S', 'Vmtaa2QxRnRWa1pQVmxaU1ZrVTFUMVpyVmxkT1JsSllZMFZLVDFaVVZrWlZiR2hYVmxkS1ZrNUVTbGRTUlhCUVZHdFZNV050VmtobFJrNU9UVVJXVVZkcmFIZFZNVXBZVWxoc1VGTkhVbGhWYkdoVFYwWmtWVkpyT1U5U1ZGWjZWa2QwZDFVd01YRmlSazVhWld0YVZGWkhlRTlUUms1VlZHMXdWMUl6YUV4V1ZFSnJWREZLU0ZWdVVteFNNMEpUV1Zod1YwNXNWbk5XVkZKUlZWUXdPUT09', NULL, NULL, 0, 1, '2019-07-04 12:09:41', '2019-07-04 12:09:41', NULL, 'aya', '01021952160', 0, NULL, NULL, NULL, 0),
(46, 2, 2, 'ahmed.oteify@gmail.com', '$2y$10$0DYZXVwQV651kGcCznow1.uKmG7DooCmF7DAoN8LL8IEQbCgyuXZC', 'Vmtaa2QxRnRWa1pQVmxaU1ZrVTFUMVpyV2tkT1JsSldWV3MxVGxKVVJUSlhhazVYWVZaSmVGSlVRbGRTVjFKWFZGWmFZV014VW5WUmJYUm9UVmhDVjFkVVFsZFZNbFpYVld0a2FWSnVRbFJWTUdSUFRteGFWbHBHWkd4U1ZFWllXV3RTVTJGSFNsWlhWRUpXWVdzMVNGWnNXa3RXTVVaeFZHMTBhV0pZVGpSV2FrWmhVakZPVjFwR2FFNVdWbHB5VmpCa05FNXNhM2xqU0VwUlZWUXdPUT09', NULL, NULL, 0, 1, '2019-07-07 10:34:38', '2019-07-07 10:34:38', NULL, 'primary company', '01223492929', 0, NULL, NULL, NULL, 0),
(47, NULL, 4, 'eng.ranamoh@gmail.com', '$2y$10$R/.pWAV7cBJLrToFaBlL/.Ts6Hqgm3SumyVyCU//ERQC8nWYxih9e', 'Vmtaa2QxRnRWa1pQVmxaVFYwZFNUMXBYZEZkT1JsSldWV3MxYTAxRVJrWlZWbWhYV1ZaYVIxTnVWbUZTUldzeFZteGtTMk50VGtsUmJXaE9VMGRSTVZkWWNFOVVNbEpXVFVob1dHSkhVbkZaYlRGT1RVWmFjMWRyWkZoV01IQjVWRlprTUZaSFNuSmlNM0JWWWtaS1ZGWlhlRWRqTVVaMVkwWmthV0pyU2pSWFZscFhWRzFXYzJORlpHaFNNMUpQVkZjMWIyVkdaRlZSYmxwUlZWUXdPUT09', NULL, NULL, 0, 1, '2019-07-14 15:41:28', '2019-10-24 10:30:00', NULL, 'rana', '01234567890', 0, 'Vmtaa2QxRnRWa1pQVmxaVFYwZFNUMWxYTVRCT1JsSjFZMFUxVDFaVVJUSlZNV2hYWVVkR2NsTnVSbGRoYTBvelZURmFSMk50U2taaVJtaFRWakEwTWxaR1dsTlNiVlp6VTJ0YVZXRnJXbkZaVkU1dlZrWmFSVlJyVGxOU2JFcEtWbGN4YjFSdFNuSmlNMnhYVFdwV00xa3dWWGhTTVVweFZXeFdUbE5IVVhwV01WSktUVmRTU0ZOc2JHaFNNRnBoV2xkNGQyRkdXblJsUjNCUlZWUXdPUT09', '4246', '2019-10-22 17:39:31', 0),
(48, NULL, 5, 'anas.elgendy@orchtech.com', '$2y$10$0Z3Us7hhdY1vT3GeYc3wd.xL1muAX72sGSNwiWRCdHfMws4Z4zlgK', 'Vmtaa2QxRnRWa1pQVmxaU1ZrVTFUMWxYZEhOT1JsSnpWV3hLVDFaVVZrWlpWRTVYVmtVeFJWSnJVbGhoYTNBelZUSnpNR1ZHWkhWVWJIQlhVbTVDVDFkV1ZtOVNhelZZVld0YVQxZEhVbUZVVldodlZVWlNWMWt6YUU5aGVteGFWakp3UjJKR1duUmtla0phWVRGS1NGWkhlRk5UVmxaMFkwWldVMkV4V1RKV1JscHJZVEZPVjFOcVdtaFNiRnBZVldwR1lWWXhXbFZTYmxwUlZWUXdPUT09', NULL, NULL, 0, 1, '2019-07-15 15:49:49', '2019-07-15 15:49:49', NULL, 'anas', '01021952160', 0, NULL, NULL, NULL, 0),
(49, NULL, 1, 'mohamed.khairyyy@orchtech.com', '$2y$10$XYyLwkFjRIMF6zu3rsNY9eavjQtQQyN.TJe8EygaOmWPryJa1IF.K', 'Vmtaa2QxRnRWa1pQVmxaU1ZrVTFUMWxYZEhOT1JsSjBZMFZhYkZaVVZsWlhWRTVYVmxkS1JsZHVhRmhXYlZKeVdYcEtTbVF5VmtaVmJGWlRZVEZ3VVZZeFVrZFRhekZ6Vlc1U1dHRXdjRmxWYkZKQ1pERldXR1JFUWxWV2JUa3pXVEJWTldGck1WZGpSRTVoVWtWc05GVnJWVFZTTVU1ellrZEdUbFpZUWpOV2ExWnJXVlpHZEZacmFFNVdia0p4VmpCV2QwMVdWbGhrUjNCUlZWUXdPUT09', NULL, NULL, 0, 1, '2019-07-15 16:12:57', '2019-07-15 16:12:57', NULL, 'mohamed', '01021952160', 0, NULL, NULL, NULL, 0),
(50, NULL, 1, 'mohamed.khairyewe@orchtech.com', '$2y$10$Vr1Kkm.f0k3V3dUNq2rV/OCU2g.aSZc0oD.CzmIMXQHTXpF2odDri', 'Vmtaa2QxRnRWa1pQVmxaU1ZrVTFUMWxYZEhOT1JsSjBZMFZhVGsxRVJUSldWbWhYVkd4YWRGVnFTbHBpUjFJMlZGWmtUMUpYU2tkU2JGcG9ZVEJ3VFZaSGRHcE9WbVJYVW14YWFHVnJOVkJXYWs1RFZGWlZlR0ZHWkZKTlZuQjRXVlJPYjFReFNqWlZhbEpZWVd0YVIxUlhjM2hPYkc5NllrWmtWMDFXY0U1WGExWlRXVlpXUjJOR1drOVNSVFZ5Vm1wSk5HVnNWbGhqUnpWUlZWUXdPUT09', NULL, NULL, 0, 1, '2019-07-15 16:17:34', '2019-07-15 16:17:34', NULL, 'mohamed', '01021952160', 0, NULL, NULL, NULL, 0),
(51, NULL, 1, 'mohamed.khairyrerer@orchtech.com', '$2y$10$fAARAfP4Yf7XXEAb4a.mPeMhiZinJuP8/Sp.22yD/BR26Sc.6rRBW', 'Vmtaa2QxRnRWa1pQVmxaU1ZrVTFUMWxYZEhOT1JsSjBZMFZ3YTAxRVZrWlZNV2hYVlVaYVdWVnNTbFpOVm5CeVZYcEdTMU5XWkZWUmJFSlhZVEJaTUZkc1dtOWhNVVY1VldwYVYySkZTbGRaVkVaTFUxWmFSMVp0T1dsTmEzQjVWMnBPYjFWR1NuSlhhM0JWVm14d1ZGVjZSbXRqYlZaR1QxWkthR0V4Y0ZSV1JsWnJZekZHZEZOdVNsZFdSbHB6VldwR1lWVnNWalpUYkZwUlZWUXdPUT09', NULL, NULL, 0, 1, '2019-07-15 16:20:42', '2019-07-15 16:22:03', NULL, 'mohamed', '010219521620', 0, NULL, NULL, NULL, 0),
(52, 3, 2, 'hr@plastic.com', '$2y$10$AhIbBVFt.sRUmdDThjcI5OxxZuwmRf.9.63TbnFYbikh5bDvfxbUy', 'Vmtaa2QxRnRWa1pQVmxaU1ZrVTFUMWxYTVd0T1JsSnpWV3R3YkZKVVJrWlpWRTVYVjIxS1dXRklRbGRTVjJoTVdYcEdUbVZXY0VoU2JXeFRUVzFuTVZZeFVrdFNhekZ6Vm14b2ExSldTbGhWYkdoRFVqRnNWbHBJU214aVIxSkhXbFZhUzFaVk1YSmpSRXBZWWtkU1VGWkhlRlpsYkZaelYyeE9WMVl4UmpOV1J6QXhZakZTUjFSdVZsUmhNMmhUV1ZSQ1lXTXhXbGRhUmtwUlZWUXdPUT09', NULL, NULL, 0, 1, '2019-07-21 15:21:09', '2019-07-21 15:21:09', NULL, 'الشركه الشرقيه للبلاستك', '012345678908', 0, NULL, NULL, NULL, 0),
(53, 3, 2, 'marwa.chehata@orchtech.com', '$2y$10$PzM8F9y8cY5XSeqToutc.e7v6gitI6gKK.DDxZ1AEi.2wud/sDSg2', 'Vmtaa2QxRnRWa1pQVmxaU1ZrVTFUMWxYTVRCTk1WRjRWV3hhYkZaVVJuaFZiR2hYV1ZkV2RHRkZjRlZXVjJnelZGUkdTMlJXY0VWVGJGWnBZbFpLZUZkVVFsZGtNbEpJVW14a1dGWkdXbkZXYlhNeFZteHNXR016YUdsaVZrcElWVEkxUzFReFpFaFBWRkpoVW5wRk1GWnJaRk5TYXpsWFlrVTFWMUpzY0VoWFYzaHZWREZLY2s1SWJFOVdWVFZZV1d0a1RtVnNjRVpYYmxwUlZWUXdPUT09', NULL, NULL, 0, 1, '2019-07-21 18:34:21', '2019-07-22 09:52:21', NULL, 'المروه ', '02345675678', 0, NULL, NULL, NULL, 0),
(54, 2, 2, 'mohamed.khairy@orchtech.com', '$2y$10$lbjDmfEIKV2PFy.9egXUae8b2m4O.fORsC3qGfosl9q30Tuy8ySWK', 'Vmtaa2QxRnRWa1pQVmxaU1ZrVTFUMWxYTVRCTk1WRjRWV3hLVGsxRVJsWlZWbWhYVjBaS1ZXSkZWbGhoYTBsM1dXMHhVMVpzWkhKaFJsSnBVbXR3TWxkV1pEQlVhekZ5VFZoU1UySnNXbUZXYm5CSFRsWndXRTFFVm14U01IQlhWR3RvYTFVeVJYaGpSazVoVWtWR05GWlVSbGRUVm5CSlYyeE9hVkp0ZERWV2FrbzBVakZTZEZSc1ZtRlRTRUpVVkZWa1UxVXhiRmRoUmtwUlZWUXdPUT09', NULL, NULL, 0, 1, '2019-07-22 09:24:16', '2019-07-22 09:47:10', NULL, 'test', '01021952160', 0, NULL, NULL, NULL, 0),
(55, NULL, 6, 'furnitureemployee@example.com', '$2y$10$QtWIcZ4ZxYQUJ0X5VoqsnOUyqpvCa67N5OX9nXgmKIqYByDAlQmfm', 'Vmtaa2QxRnRWa1pQVmxaU1ZrVTFUMWxYTVRCTk1WRjRWV3R3VGxaVVJUSlZWbWhYWWtaT1NHRkdhRmhpUmxrd1dXdGtSMU5IUmtaalJrcFhWa1ZhUlZaR1dsTlViVlpJVm10V1ZHRnNjRzlVVjNCSFpGWlNWVkpyZEdsTmJFcEpWMnRrYzFRd01IZE9Wa1pYVWxaYWNsUnRlRk5YUlRWVlZHeHdWMVpZUW1GV1IzaHZVekZzVjFaWWFGaGlXR2h3VlcxMFlWWXhiSEZUVkZKUlZWUXdPUT09', NULL, NULL, 0, 1, '2019-07-22 09:25:30', '2019-07-22 09:25:30', NULL, 'Furniture Employee', '01234566778899', 0, NULL, NULL, NULL, 0),
(56, NULL, 6, 'furniturechamber@example.com', '$2y$10$SsT0jd0s98OGXI4L920suuIvkUWWLAWJsODKxfl1Fv1RkwOFFMNQS', 'Vmtaa2QxRnRWa1pQVmxaU1ZrVTFUMWxYTVRCTk1WRjRWV3R3VGxaVVZrWlhhazVYVmpGYVZWSnJkRlZoTWxKSVZrVlZOVk5YUmtWUmJYQnBVbFp3VFZaWGNFZFNNbEpYVld0c1dHSkZOWEZXYkZwaFpVWmtkRTFJYUU5U2JGcFpWREZrTUZaWFNuSk9SRUpYVFc1U1VGWnRNVXRqYXpWWlZtMXNWRk5GU2pOWGJGcHZZekpPVjJOSVVtdFNWRVpaVld4V1drMUdWbkZSYWs1UlZWUXdPUT09', NULL, NULL, 0, 1, '2019-07-22 09:25:48', '2019-07-22 09:25:48', NULL, 'Furniture Employee', '01234566778899', 0, NULL, NULL, NULL, 0),
(57, NULL, 6, 'nn@test.com', '$2y$10$swuxLbEJEF2nrvGnRsDjL.JEUxIXIzhEwmCoNJyq3lpDjvUDDRVr6', 'Vmtaa2QxRnRWa1pQVmxaU1ZrVTFUMWxYTVRCTk1WRjRWV3R3VGsxRVZrWldSbWhYVmpBd2QwNVlXbHBpVkVaUVdXcEtVbVZzWkZsalJUVllVbFp3VmxaV1pEUldNazE0WTBWb2FGSkdTbE5hVnpGU1RWWnNXRTVWVGs5V01EVlhXVlZhZDFaR1dYbFVXR1JYVm0xU00xVXdXazlXYkZweVYyeGtWMDFFUlRGV1YzQkxZekZXVmsxV1pGUmhNMUpRVm0weGFrMVdjRmRWYXpWUlZWUXdPUT09', NULL, NULL, 0, 1, '2019-07-22 09:27:43', '2019-07-22 09:27:43', NULL, 'n', '01021952160', 0, NULL, NULL, NULL, 0),
(58, NULL, 6, 'ali12@gmial.com', '$2y$10$Ahj0YqRPAC2/nAA3GmgIzOto07YYtXTSCB0VEVnmJmnu1eiVS6fX.', 'Vmtaa2QxRnRWa1pQVmxaU1ZrVTFUMWxYTVRCTk1WRjRWV3MxVGxKVVJrWlZNV2hYWVVaa1JtTkZUbHBXYkZvelZXdGtTMWRIU2tkYVJtUnBWakpvTmxkWGNFSmxSbFpIVld0b2JGTklRbFpWYm5CWFZrWndSbGR1VGxWV2JGWTBWMnRvUzFkck1VWk9WRkpYVFc1U2FGa3hXazlUVjA1SFlrWmFWMkpXUmpSV2JYUlhVekZOZVZOWVpHaGxiRnBaVmpCa2IxTXhXblJOVlZwUlZWUXdPUT09', NULL, NULL, 0, 1, '2019-07-22 09:34:02', '2019-07-22 09:34:02', NULL, 'ali', '012354698752', 0, NULL, NULL, NULL, 0),
(59, NULL, 3, 'test@orchtech.com', '$2y$10$z8AK8MbowMgNRiqmDQDbvuoLuWCExvBh0.ujXDawl3teYa/42DLMS', 'Vmtaa2QxRnRWa1pQVmxaU1ZrVTFUMWxYTVRCTk1WRjRWV3MxVGxaVVZrWlpWRTVYVlRGWmQyTkZaRlpOVmxZMFZGUkdkMVpYUmtsalJsWlhWa2RqZUZkVVFtOWpNVTVZVW01R1VtRXpRbGhWTUZaaFUyeFJkMXBFUW1waVJYQllWa2N3TlZaV1NYbFZiR3hWVFVkb2NsUlhlRTlYVm1SMFkwWmtVMUpVVm5wWGJGWlRXVmRGZUdOSVNsVmhNVXB2Vm1wT1ExVldiRFpSYTNCUlZWUXdPUT09', NULL, NULL, 0, 1, '2019-07-22 09:35:49', '2019-07-22 09:35:49', NULL, 'test', '01234567893', 0, NULL, NULL, NULL, 0),
(60, NULL, 6, 'test@test.com', '$2y$10$0QTkQ/HKYwr8DJUjy7rHwOs4qmc7VKf.RMwQqp/vkykXxsh/hvrCe', 'Vmtaa2QxRnRWa1pQVmxaU1ZrVTFUMWxYTVRCTk1WRjRWV3MxVGsxRVJuaFpWRTVYWVVkS1JrNUlaRlZoTVVwTVdWVmtTMWRHY0VsU2JVWlhUVzFvYjFaV1dtOWpNa2w0Vm14a2FWSXphRTlVVlZwTFV6RmFjMVpxVWxSV2JrRXlWa2Q0YjFWc1duUmpNM0JZWVRKb1dGWXhXbk5qVmtaVlZteGFhVkpzV1hwV1Z6QjNaREpXVjJKR2JHcFNWbHBQVkZkd1IwNUdaSEZTYTBwUlZWUXdPUT09', NULL, NULL, 0, 1, '2019-07-22 09:37:29', '2019-07-22 09:37:29', NULL, 'test', '012345678954', 0, NULL, NULL, NULL, 0),
(61, NULL, 6, 'furnitureempchamb@example.com', '$2y$10$R/.pWAV7cBJLrToFaBlL/.Ts6Hqgm3SumyVyCU//ERQC8nWYxih9e', 'Vmtaa2QxRnRWa1pQVmxaU1ZrVTFUMWxYTVRCTk1WRjRWV3hLVDFaVVJsWldWbWhYVm14YWRHVkZWbGROVjJoTVZWUktVbVZXU25GU2F6Vk9VakZKTWxadE1UQldNa1p6VTFob2FWSnNXazlXYkZVeFZFWmFWVkpyZEZkV2JIQXdXV3RXTUZaWFZuSmpSbWhoVmxkUk1GWkZaRXRrUmxKelkwWktUbFl5WjNwV1JsWnZXVmRHUms5VlpGUmlia0pWVm14V1ZtVkdWbkpYYlhCUlZWUXdPUT09', NULL, NULL, 0, 1, '2019-07-22 09:39:35', '2019-07-22 09:49:14', NULL, 'Furniture', '01234567899', 0, NULL, NULL, NULL, 0),
(62, NULL, 6, 'engineeringempchamb@example.com', '$2y$10$R/.pWAV7cBJLrToFaBlL/.Ts6Hqgm3SumyVyCU//ERQC8nWYxih9e', 'Vmtaa2QxRnRWa1pQVmxaU1ZrVTFUMWxYTVRCTk1WRjRWV3hhYTAxRVJUSlZiR2hYWVd4WmVGZHRhRmRXZWxaTFdrUktWMU5IUmtsVmJGWlhZVEowTkZZeWVHOVdNVVY0VjJ0c2FsSlVWbk5XYkdodlpXeHNWMVZyTlU1aVJrWXpXVEJXZDFsWFNsZFRhMnhXVFc1U00xbDZSa2RXTVhCSlVXeFdXRkl5VFhoV1ZFWnJaREpXUms1WVVsQldXRUp6Vld0YWQyTXhWblJsUjNCUlZWUXdPUT09', NULL, NULL, 0, 1, '2019-07-22 09:40:29', '2019-07-22 09:50:31', NULL, 'engineering', '01235366743746', 0, NULL, NULL, NULL, 0),
(63, 1, 2, 'aaa@bbb.com', '$2y$10$g45.R0D56HtTXnhTfmqFWOJjSHUMb5ocWyPE7guaNPgG9PO/ZGe.O', 'Vmtaa2QxRnRWa1pQVmxaU1ZrWktUMVZyVmxkT1JsSnlWV3hhVGxKVVJUSlZWbWhYVmxaa1NWRnJiRmRTUlRWSVZXMHhWMk5XVG5OaFIwWlhZWHBDTmxac1VrdGpNVVowVTJ4a1lWSlhhSEpXTUZaS1pERndSVk5xVG14U2JIQmFWbTEwTkZReFdsVmlSMFphVFZkU2NsVjZSblprTURWWVpFZHNhVlpHVlhkV1YzUlRVVEF4YzJJemFGaGhlbXhvVkZSS1VtUXhXa1pWYXpWUlZWUXdPUT09', NULL, NULL, 0, 1, '2019-07-25 14:38:56', '2019-07-25 14:54:30', NULL, 'test2', '01222333444', 0, NULL, NULL, NULL, 0),
(64, 2, 2, 'ibrahim.fathy@orchtech.com', '$2y$10$BPzSd0C13rZC.GXJx5bHTepoBopl3ADYk.mYZXZHmze6LRvZFpUta', 'Vmtaa2QxRnRWa1pQVmxaVFYwZFNUMVZyV25OT1JsSnpWV3MxVGxaVVZsWlZiR2hYVkdzeFdHVkZPVlZXVmtwUVdXdGFSMVpzVG5WVmJHUlhWak5uZVZaR1ZtOWtNa3AwVm14b2FWSlZjRlZVVldSVFYxWlNkR05IY0d0TmExcDZWbGR6TlZkc1dYaFNXR3hYVWxkUk1GWkVTbE5qYkZKVlZHczFhR0pGYkRaV1dIQkRWbXMxVjFacmFGZGhiRnBYVlRCV1ZtVnNWbk5WYTFwUlZWUXdPUT09', NULL, NULL, 0, 1, '2019-08-21 13:26:24', '2019-09-29 15:35:51', NULL, 'Orchtech', '01145425413', 0, NULL, NULL, NULL, 0),
(65, NULL, 2, 'soliman@example.com', '$2y$10$ObOGTPcgigUS.4xK62Fc7uK8j1/W.RXS14sbeEfOkrLGqZSBYN9WK', 'Vmtaa2QxRnRWa1pQVmxaU1ZrWmFUMVpyVmxkT1JsSnpWV3RLVDFKVVZsWlhhazVYVmxaYWRGUlVRbGRXUlRWWVdXMHhSMk14Vm5GVGJGWk9UV3hLTWxkVVFtdFRNazVYVlc1T2FWSnVRbFZVVlZKSFRteHJlV05IZEU1V2ExWTJWako0VDFSck1WaFBSRUpZWVRGd2FGWkhjelZXTVZwWllVWmthR1Z0ZUU1WFYzUldUVmROZVZadVNsZGlia0pUVm14a2IwMXNVbkZTYTFwUlZWUXdPUT09', NULL, NULL, 0, 1, '2019-08-28 11:02:29', '2019-09-04 15:08:58', NULL, 'Soliman', '012311456456', 0, NULL, NULL, NULL, 0),
(66, 2, 2, 'israa.gomaa@orchtech.com', '$2y$10$VElXL5kUWnh/6P.JNd.IyOFNx2VITkJjhrawcCpiVWyraBcCnxhRm', 'Vmtaa2QxRnRWa1pQVmxaU1ZrWmFUMVZyWkd0T1JsSnpWV3MxYTAxRVJUSlhhazVYVkRGYVZsZHVXbFZOVmtwMlZXdGtUMVp0Umtoa1JuQm9UVEJLWVZaRVFsZFRNVXBZVkd0c1VtRjZSbFZXYTFwTFUyeGFWbGR1WkU5V2JWSmFWakp3UjJKR1dqWmlSa1pZWWtkU2Vsa3haRWRTYlZaSFlrWk9VMDB4UmpWV1JsSktaVVpXYzJKSVRsZGhNVnBUV1d4U1YyUnNWbkpYYlRWUlZWUXdPUT09', NULL, NULL, 0, 1, '2019-09-01 15:30:38', '2019-09-01 15:30:38', NULL, 'Esraa Company', '01234567897', 0, NULL, NULL, NULL, 0),
(67, 1, 2, 'israa.jomaa96@gmail.com', '$2y$10$R8cBEiLYCdsPgkBwUVtLAeJbdYrpsDr7drHO43mWwfMxB4bfUhIkG', 'Vmtaa2QxRnRWa1pQVmxaU1ZrWmFUMVpyVmtkT1JsSldWV3RhYkdGNlJsWlpWRTVYVkRBd2VGZHVWbFpsYTBWNFdsZDRTMDV0UmtWWGJXeE9UVVpaTUZZeWRHOWhNa2w0WVROc2FWSlZjRzlWYWtwVFUxWmtWMWR0T1d0aVJscFlWVmR3UzFkSFNrWlRiRTVZVm5wV2RsVXllRWRPYkZaMVYyMXNhRTFFVlhoWFZsSkRWVEF4UjFadVVsVmhlbFpRV1d4YVlVMHhWbFZVYmtwUlZWUXdPUT09', 'Np1KXMEaNHR8yu7118', '2019-09-03 10:13:58', 0, 1, '2019-09-03 10:13:19', '2019-09-03 10:13:58', NULL, 'ش م م', '01273431115', 0, NULL, NULL, NULL, 0),
(68, 3, 2, 'hr@orchtech.com', '$2y$10$TjzyoVMvJLYCE2YtDUmH6e1ef.wx0MSafjFAQYv5Dieizf/7LRzaO', 'Vmtaa2QxRnRWa1pQVmxaU1ZrWmFUMWxYYzNoTk1WRjRWV3hhYkdGNlJuaFdWbWhYWWtaYVJsTnVhRmRTYldoMlZXcEdVbVF5VmtkaFJuQnBWbFp3VDFkWE5YZFJNa3BJVkd0b1QxSkdTbEJWTUZwM1RteGFWbHBIZEZWaVJscEhWVEo0UzJGc1NrWlNXSEJYVFdwR2NsWXllSGRTVmxKeVQxWktWMVpYZEROWGExWlhUa2RSZVZacldtdFNWR3hvV1d4YWQwMUdiSE5oUlhCUlZWUXdPUT09', NULL, NULL, 0, 1, '2019-09-15 14:22:47', '2019-09-16 09:53:24', NULL, 'Orchtestrating Technology', '012345678986', 0, NULL, NULL, NULL, 0),
(69, 1, 2, 'hr@n.com', '$2y$10$S6pA631ckMWH6euOhSM1uuha2iMUNX2ldUwqiFpufZtMi5Z5S8Mv.', 'Vmtaa2QxRnRWa1pQVmxaU1ZrWmFUMWxYZEhOT1JsSnlWV3MxYkZKVVZrWldNV2hYVjBaS2MyTkVVbGRpUmxweVZqRmFVMVl4VGxWVGJYQk9ZbXRLUjFkc1ZsZGpNa1pIVlZod1ZWZEhlSEZXYlRGVFZGWndWMVpzU210TlYxSktXVlZXTkZWck1WZGpSRlphWVdzMWRsWnJXbXRXVmxKeVdrVTFWMVpGU1RKV2JGcHZZVEZWZDAxVmFHeFRSVFZSVld0YVJtVkdjRWhqTTJSUlZWUXdPUT09', NULL, NULL, 0, 1, '2019-09-15 14:31:46', '2019-09-15 14:31:46', NULL, 'Rabya', '012345678945', 0, NULL, NULL, NULL, 0),
(70, 1, 2, 'hr@naos', '$2y$10$qEPQZB5AwsFmu4TZpVE1yeH0DZNc7jKGEbQUxcTrUx1bj4wAR33wS', 'Vmtaa2QxRnRWa1pQVmxaU1ZrWmFUMWxYZEhOT1JsSnlWV3hLVGxaVVJrWlZWbWhYVmpGa1IyTklTbFpXYkhCSVZteGFWMk5zV25SbFJsSnNZa2hDVDFkcldsZGthelZZVlZoa1VGWXphRk5aVkU1cVpWWmFWVkZ1U214aVIxSkhWakl3TVZVd01YUmpNMlJoVmxaS1ZGbFdXbk5rUjBsNllVWmthV0pGYjNkV1JtaDNWRzFSZVZWcmJHbFNWa3BZVkZWVk1FMVdXWGhWYTFwUlZWUXdPUT09', NULL, NULL, 0, 1, '2019-09-15 14:33:44', '2019-09-15 14:45:00', NULL, 'Naos', '01234567896', 0, NULL, NULL, NULL, 0),
(71, 2, 2, 'e_hema2022@hotmail.com', '$2y$10$iRRpH4BVDkttMMo4PGOuKO6oRREk3fKLHgyQ5w6jd8UsCpDfi3mrS', 'Vmtaa2QxRnRWa1pQVmxaU1ZrWmFUMWxYZUZkT1JsSllZMFUxVGxaVVJuaFdSbWhYWWtaT1JsZFliRmhXTTJoUVZGVmFSMWRXVm5GVWJXaHBWa1pXTTFkWWNFZFNNV1JIVjJ4a1dHSkdXbFJVVkVvMFZXeGFjbFpVUmxOTlZYQXdWVEZvYjFkdFNuTmhNM0JhWVRGS2Nsa3llRk5qVm1SVlVXeE9hR0V5ZDNwV1JsWldUbGRPV0ZSclpHbGxhelZVV1Zkek1WZFdVblJqUlRWUlZWUXdPUT09', NULL, NULL, 0, 1, '2019-09-15 14:36:52', '2019-09-18 12:35:23', NULL, 'Orchtech', '01145425419', 0, NULL, NULL, NULL, 0),
(72, 3, 2, 'hr@air-arabia.com', '$2y$10$iTlio917VDVnrKN6O.2zOOQiZgnqzHgfT2WbAqDZQHr.Tdgbql0Lq', 'Vmtaa2QxRnRWa1pQVmxaVFYwZFNUMVZyWkRCT1JsSllZMFpLYkZaVVZsWlhhazVYVkd4YVIyRjZSbFpsYTBwTVdUQmFXbVF5UmtaUFZrNU9ZbGhuZVZkcmFIZFJNVkp6VTJ0a1lWTkZTbkpVVkVFeFdWWnNXV05IY0d4aVZXdzJWVmQwVjFkck1IaGpSbEpZWWtad1dGWlVSbE5PYkZwelYyeGthV0V4Y0V4V1IzQkRZekExVjFSc1dtRlRSVXBWVldwQk1XTldWbkZVYkVwUlZWUXdPUT09', NULL, NULL, 0, 1, '2019-09-16 12:40:54', '2019-10-02 12:42:58', NULL, 'Air Arabia Egypt', '01234567879', 0, NULL, NULL, NULL, 0),
(73, 1, 2, 'hr@test1.com', '$2y$10$y2EJWnzJCQLRi/HQyu/3EuTnsdz8DUxyiIeVvVrJ/mJEGSMiERXLi', 'Vmtaa2QxRnRWa1pQVmxaU1ZrWmFUMWxYZUZkT1JsSllZMFphVG1GNlJUSlZNV2hYWVVVeGMxZHJXbFpXUlVwVVZYcEJlR014VmxWVmJGSllVbFp3TWxadGNFZFJNa3BIWWtoS2ExSllVazlVVmxaaFZsWlNXV05IT1dsaVJYQmFXV3RvVjFZeVNrZFNXR2hXVFVkU1NGUnJaRXRrVm5CSlVXeHdUbFpyY0hsV1YzaFRVekZXV0ZWc2FFNVdSbkJVV1d4a2IxZFdXWGxOVlZwUlZWUXdPUT09', NULL, NULL, 0, 1, '2019-09-18 11:38:27', '2019-09-18 12:56:32', NULL, 'test1', '01234567896', 0, NULL, NULL, NULL, 0),
(74, 1, 2, 'applicant2@example.com', '$2y$10$oyTfW8Ei56tKnHbRbi.BuuVZeHRlSwxtb4879K43PFyahnVEA6502', 'Vmtaa2QxRnRWa1pQVmxaU1ZrWmFUMWxYTVRCT1JsSldWV3RLYkZaVVJUSlZWbWhYWVVaYVNHVkdXbGRpV0VKVVYxWmtVMVpYUmtoTlZsSlRVbGhCZVZaSGRHcE9WbEY0WTBaa2FsSldXbUZVVjNSaFYyeGtjbFpzWkdsaVZYQlpXV3RqTlZsV1NYZGpTRXBhWld0SmQxWlZXbmRXVmtaelVXeGthVlpHV2pCV01uQkhVMnMxUms1SVpGVmlWRlpaV1cxNFlWSnNXWGRoUmtwUlZWUXdPUT09', NULL, NULL, 0, 1, '2019-09-22 10:02:31', '2019-09-22 10:02:31', NULL, 'applicant2', '01140747017', 0, NULL, NULL, NULL, 0),
(75, 1, 2, 'applicant3@example.com', '$2y$10$gs60B7yWBO4EU0Zwh2nIPuWT5Lfl6w9zw73ImSMt9DgVa8A1.hIN2', 'Vmtaa2QxRnRWa1pQVmxaU1ZrWmFUMWxYTVRCT1JsSldWV3R3VG1GNlJUSlZWbWhYVmtaa1NHVkVSbFpOUjJoUVdYcEtSMlJHVm5WaVJtaFhVak5vUmxkWE5YZFNNVkpYVkZoa1ZGWkZTbkphVjNSaFYxWmtXRTFZU2s1aVJWWTJWa2QwYjFVeFNYZGhla0poVWtWRmQxUnJaRXRrVmxaMFpVZHdhV0pyUmpWV2JYQkxUa1V4Ums1V2JGUmlhM0JvVmpCV1MxVXhiSFJqZWxKUlZWUXdPUT09', NULL, NULL, 0, 1, '2019-09-22 10:26:30', '2019-09-22 10:26:30', NULL, 'applicant3', '0245781297', 0, NULL, NULL, NULL, 0),
(76, 2, 2, 'hr@purple.com', '$2y$10$TxInjLePQiad5TmezsFMNu.PaIyixjdDAuHrRJ.x1grcL6raezZDG', 'Vmtaa2QxRnRWa1pQVmxaVFYwZFNUMVZyWkU5T1JsSjFZMFZLVGxaVVJsWlZNV2hYWVd4S1dHTXpiRnBpVkZaMldsWmFTbVZXV2xWU2JXeE9VbFp3VTFkV1dsTlZNa1pZVTI1T1dHRXlVbFpVVkVKSFRteHdWMVp0Um10U2JIQldWMVJPYjFWR1dsbFJhMnhoVWtWS1RGWnNaRWRrVmxKeVkwZHNWRkpzY0ZsWFYzaFdUVmRLU0ZKclpGSmlTRUpVVlcxMFlWUldhM2hWYTFwUlZWUXdPUT09', NULL, NULL, 0, 1, '2019-09-30 15:14:19', '2019-09-30 17:05:12', NULL, 'purpledigital', '023456784455', 0, NULL, NULL, NULL, 0),
(77, 1, 2, 'test@123.com', '$2y$10$p/1mmCgCOTZnRT2PoEqEeun4Xykjcn2cYB4oOUquAxwq1wlH8fYgu', 'Vmtaa2QxRnRWa1pQVmxaVFYwZFNUMVZyWkd0T1JsSldWV3R3YkdGNlJsWldWbWhYVlRKS1ZWVlVSbGROYmxFd1ZXMTRhMk5XY0VWV2JXaE9ZVEZ3ZGxZeFdtOVpWa3BIWWtoS2ExSkZXbkZWYWtKaFZrWnNjMXBFUWs5aGVrWllXV3RXYTJFeFNraGhSWFJYVjBoQ2FGUlhlR3RXTVZaeVRsWmthVkpWY0VSV1JscFdUbGRTU0ZOc1dsUmliVkpvVldwQk1XRkdVbkpWYkhCUlZWUXdPUT09', NULL, NULL, 0, 1, '2019-10-01 10:23:14', '2019-10-01 10:23:14', NULL, 'test', '01212121212', 0, NULL, NULL, NULL, 0),
(78, 2, 2, 'tt@bb.com', '$2y$10$UJ/ZOBnrS.pmmkNwbaQqqe.80Ob0yRo84FRhUsy8L4WQmVcksbKDO', 'Vmtaa2QxRnRWa1pQVmxaVFYwZFNUMVZyWkd0T1JsSldWV3R3VGxKVVJsWldNV2hYVm1zeFNXRkVRbHBXUlVsM1dWZDRkMVp0U2toaVIyaE9WbFp3UmxaR2FIZFpWbFY0VjFoc1RsWjZiRlJVVjNoelRteFNWVkZ1WkZaV2F6VktXVEJhVTFaR1NqWlZhbFpYVFZaS1YxUnNaRXRXYkVweFZXeG9VMDFWY0ZsWFZtUXdWREpHYzJKSVRtbFNlbFp5Vm14b1EyUnNaSEpXYkhCUlZWUXdPUT09', NULL, NULL, 0, 1, '2019-10-01 10:24:16', '2019-10-01 10:24:16', NULL, 'tt', '01212121212', 0, NULL, NULL, NULL, 0),
(79, 3, 2, 'ttt@fff.com', '$2y$10$qmhoc4l3Y7XQw4VP29ORveiH2BrlIIn1iu0Wv8aoM5jBHYKcsq7de', 'Vmtaa2QxRnRWa1pQVmxaVFYwZFNUMVZyWkd0T1JsSldWV3R3VGsxRVZsWldWbWhYWVRGYVNHVkdhRmhoTVVwTVdXdGFTMU5XU25WaVIzQm9UV3ByTUZZeWNFTmlNa3BHVDFWa2FsSkZTazlVVmxwTFZVWmFWVkp1VG1waVJYQXhXVEJrTkZaV1NraFZha1pYVm0xU1UxUlVSbFprTVhCR1drWlNWMkV3Y0RKV01uaHJWVEZOZVZWWWNGWmhNbWh2VldwS1UxWkdWbGhOVlZwUlZWUXdPUT09', NULL, NULL, 0, 1, '2019-10-01 10:27:54', '2019-10-01 10:27:54', NULL, 'ttt', '01222222222', 0, NULL, NULL, NULL, 0),
(80, 2, 2, 'seed@seed.org', '$2y$10$esttGWlUhpa1vij7QQCQi.8LLfL/KzPa7HMXTGZhp5eH2hSS9MYcS', 'Vmtaa2QxRnRWa1pQVmxaVFYwZFNUMVZyWkd0T1JsSnlWV3R3YTAxRVZsWlhWRTVYVkd4SmVGTnVXbGROUmtwNldsVmtUMWRHVmxWUmJFcFlVbGhDYUZaR1VrTldNazE1Vld0c1lWSjZWbFJXYkZaM1YwWldkRTVXWkU5U1ZHeFhWREJTUjFsV1dsVlJXR2hoVm14S1VGWkZWVEZYUmtweFVXeGFWRkl6YUc5WFYzUnJZakZTV0ZOclpGTmlXRkpRVkZaVmVFNVdiRlZUYXpWUlZWUXdPUT09', NULL, NULL, 0, 1, '2019-10-01 14:20:57', '2019-10-01 14:20:57', NULL, 'seed', '0123213213', 0, NULL, NULL, NULL, 0),
(81, 1, 2, 'test@r.com', '$2y$10$vecemh3Av7sX68W/dYqda.R5IaGQhrEg.voMrua2r2CxAF7s/nFh2', 'Vmtaa2QxRnRWa1pQVmxaVFYwZFNUMVZyWkd0T1JsSnpWV3hLVDFKVVJUSlhhazVYV1ZaYVJrNVdSbHBXYkVwb1ZGWmFjMVpyTlZoaFJtaHBWak5vTTFac1ZsZFRNVTUwVm10c1dHRXdOVlZVVlZaM1ZsWmFWbGR0ZEZoU2EzQlpXV3RXYzJGc1NYbGhSbHBhVFc1b1JGUnRlSGRqYkZaVlUyeFNWMUpzYkRaV2JHTXhWVEF3ZUdOR2JGTmhNbmh6V1ZkMGQxVXhWblZqUmxwUlZWUXdPUT09', NULL, NULL, 0, 1, '2019-10-01 15:48:38', '2019-10-01 15:48:38', NULL, 'test', '01234665667', 0, NULL, NULL, NULL, 0),
(82, 1, 2, 'company@example.com', '$2y$10$2u9gNX1PYy0SH5UiYk4wJubVWKtEBvfOzlwoqyHRhdfi5vfaR19oW', 'Vmtaa2QxRnRWa1pQVmxaVFYwZFNUMVZyWkd0T1JsSnpWV3hhVGxaVVZsWldiR2hYVjBaWmVtRkdVbFpXZWtJelZGUkdTMVpzWkZWUmF6Vk9ZbTFvZWxkc1pEUldiVlpYV2toT2FWTkdTbkZXYlhOM1pWWmFkR1ZHU2s1U01WcElWa2Q0VDFWdFJYbGFla3BYVFZkU1ZGVjZSbGRTTVhCSllVVTFXRkpWVlhoWFZFWnZZakZPU0ZadVNsQldNMEpZVldwQ2QxUldXWGRWYmtwUlZWUXdPUT09', NULL, NULL, 0, 1, '2019-10-01 15:55:55', '2019-10-01 15:55:55', NULL, 'company@example.com', '04567766565', 0, NULL, NULL, NULL, 0),
(83, 1, 2, 'rana@example.com', '$2y$10$pxYpqNopDDRUx5J1zwSPaeSC3Bq19O6Tqt/lMSIvuKy0077dZivzi', 'Vmtaa2QxRnRWa1pQVmxaVFYwZFNUMVZyWkd0T1JsSjBZMFZLVGsxRVJrWlZiR2hYVmxkS2MxTlVTbFppUmtwRVdrUkdUbVZzWkZWVGJGSlRWak5vU2xkclpEUmlNa1pJVkc1R1YyRnJjSEpXYlhoS1pXeHNjbFZ0Um14aVJYQlpWbGQ0UTFZeFRrZFhiRkphVm14S1NGWXlNVk5qVm1SeldrZHdVMkV4Y0ZWV2JGWlhUa1pLVjFOWWFGTmlWMmhXV2xkNFMyUldWWGRoUjNCUlZWUXdPUT09', NULL, NULL, 0, 1, '2019-10-01 16:07:01', '2019-10-01 16:07:01', NULL, 'rana', '0123456789', 0, NULL, NULL, NULL, 0),
(84, 2, 2, 'seed@seed.com', '$2y$10$OuGNr9J4Dlgue7xrobxg2OCI523BJqwHoQ98dV3re2TzY//Xc62aa', 'Vmtaa2QxRnRWa1pQVmxaVFYwZFNUMVZyWkRCT1JsSjFZMFUxYkdGNlZrWlpWRTVYWVZaS1dXRkZWbGRYU0VKb1dsWmFXbVZWTVZsU2JFSlVVbFp2ZVZaWGRGTmhNa3B6WTBab2FWTkhhRkZXYkZaV1pERmFkV05GZEdoTmJGcFhWa2N3TldGWFNsaGhSV3hXVmtWSk1GVnJWWGhrVjBwR1lrVTFVMUp1UW5aV2ExcHJVbTFXYzFWc2FGVmliWGh4VkZjMWIxWnNhM2hWYTNCUlZWUXdPUT09', NULL, NULL, 0, 1, '2019-10-01 16:30:38', '2019-10-02 17:33:49', NULL, 'SEED2', '0232323232', 0, NULL, NULL, NULL, 0),
(85, 2, 2, 'seed2222@seed.com', '$2y$10$2zMIrAsh2CioyTcWb9Qu3.EWXPc7FBBonDfS29BA4T5JglmNArNqG', 'Vmtaa2QxRnRWa1pQVmxaVFYwZFNUMVZyWkRCT1JsSjBZMFUxYkZKVVJrWlhhazVYVjBaS2RGVnRhRmROYmxKMldYcEtWMk50VmtkaVJscE9ZbXhGZDFacVFsTmhNREZYVTI1V1YySkZOVmhWYTJSVFZFWmtWMWRyZEZKaVNFSllWVmR3VjFaV1RrZGpSRVpWVm5wR1dGUnRjM2hYVmxaVlZteGFhRTFJUW5kWFZ6RXdUVWRTUjFSc1pGUmhiRnBZVkZaV1drMXNWWGhhUmxwUlZWUXdPUT09', NULL, NULL, 0, 1, '2019-10-02 16:31:08', '2019-10-02 16:31:08', NULL, 'testseed', '0235555565', 0, NULL, NULL, NULL, 0),
(86, NULL, 2, 'mizo@mixo.com', '$2y$10$Xbb5x9bgs6ydF0NlY3fuROZonhk1Xmmh4tuQ/qflf02SnqEqGGMxO', 'Vmtaa2QxRnRWa1pQVmxaVFYwZFNUMVZyWkRCT1ZsSllZMFZLYTAxRVJuaFhWRTVYWVdzeGNrNVlhRlZoYTBweFdsWmtSMUpYU2tkVGJFcG9Za1p3VkZkclpIZFdNVlowVW14c1VtRXhXazlWYlRFMFRVWmtXR1JHWkdoTlZYQllWbFpvZDFWdFNuSk9TSEJWVFVaS2RsVnRjekJsYkhCR1YyeEtUbFpyV1RCV01qRTBVakpPYzFOcmFHeFNhMXBZVkZaV1YwNUdVbFpYYmxwUlZWUXdPUT09', NULL, NULL, 0, 1, '2019-10-02 22:00:27', '2019-10-02 22:00:27', NULL, 'mizoo', '01021952160', 0, NULL, NULL, NULL, 0),
(87, 1, 2, 'mahmoud.abdulrazik@orchtech.com', '$2y$10$tcZtTdDHYVF5NqCy.0FdB.ResU3HM4sxsF/RyDH00X6n82lnOTxj.', 'Vmtaa2QxRnRWa1pQVmxaVFYwZFNUMWxYZUVkT1JsSlhWV3R3VGsxRVJsWlpWRTVYVmtVeFYxTnFWbFpXYlZJelZrY3hVMUp0UmtaT1YzUlRUVmhDTTFkWGRGTlRNbFpYVTFob1dHSnJXbUZXYTFaTFkyeHJlV1JIT1dwU1ZFSXpXV3RvVjFadFJqWlNiazVZWVRKU2RsbFZWWGhYVmtweFVteGFhR0pHY0ZOWFYzQkhWakZTYzFOWWFGZGhNVnB2Vm14b2IyTnNVbGhOUkVKUlZWUXdPUT09', NULL, NULL, 0, 1, '2019-10-17 11:26:50', '2019-10-17 11:28:02', NULL, 'Mahmoud', '01245783692', 0, 'Vmtaa2QxRnRWa1pQVmxaVFYwZFNUMWxYZUVkT1JsSlhWV3R3VDFKVVJrWlZNV2hYWVRKRmVsRnNaRnBOYm1oTFZGY3hVMDVzUmxWUmJXeHBWa1ZhZVZaV1pIZGlNVnBZVW1wYVlWTkhhSEphVjNoaFYyeHdSbUZHV2s5V2JFcDZWVEo0UTFaSFNsWmpSbWhZVm14d2NsbHJaRXBsYkZKVlVteFdUbUpGVlhoV1IzUnZXVlpLV0ZOcmJHcFNWRVp4Vm14ak5FMUdXa2RXVkVKUlZWUXdPUT09', NULL, NULL, 1),
(88, 1, 2, 'mahmoud.abdulrazik.orchtech@gmail.com', '$2y$10$cluq/GJ.lM9bOcfFbP5hd.swdmnke0JCcZtoIhztUeINS2890S3cO', 'Vmtaa2QxRnRWa1pQVmxaVFYwZG9UMVZyV2xkT1JsSnpWV3RhVGxaVVJUSlhhazVYWWtkR2MxZHFRbHBpUjJoSVZGVmFUMU5IVGtWVmJVWllVbFp3VlZkVVFtdE9SazVZVm01U1VGWlZOVzlaYlhoM1ZXeGFjMXBJVGs1V2JWSkhWMnRrTUZWR1NYZFhibEphWVRGWk1GVXdXa3RrUjBaSVlrZHNWMVl5WnpGV1ZFb3daREZPVjFKdVRtaGxhM0J4V1ZSQk1VMUdXbFZUYkZwUlZWUXdPUT09', NULL, NULL, 0, 1, '2019-10-17 11:54:13', '2019-10-29 15:15:38', NULL, 'Mahmoud', '01245783691', 0, 'Vmtaa2QxRnRWa1pQVmxaVFYwZG9UMVZyV2xkT1JsSnpWV3RhVGxaVVJUSlhhazVYVmpBeGRWVnNiRlZXYkZsM1ZqRmFkMUl4Vm5SUFZtaHBZa1paZWxkVVFsZFdNV1JIVld0a2FGSkdjRmRXYlhoaFZVWmtkRTVXVGxaaVIzaFdWVmR3VjFack1IaFhhbEpXWld0YVJGbHNXbmRUUjFKR1lVWkthVkpyYnpCV1YzQkRUa2RLY2sxSWFHRlNiV2hVVm0xNFlWVkdWbkpXYlRWUlZWUXdPUT09', '8297', '2019-10-29 15:15:36', 1),
(89, 1, 2, 'dina.amr@orchtech.com', '$2y$10$40xfS7Tok6XwkL1iYwToWeaMEcIv9CyxP2PWEOyLk6uSOdrXQgLua', 'Vmtaa2QxRnRWa1pQVmxaVFYwZG9UMVpyWkU5Tk1WRjNWV3MxYkZaVVJsWlZNV2hYWVcxS2NsZHJlRlZXVjFKSVdWUktSbVF4VG5OYVIwWlhZbXRLZWxadGVHRlRNVnB6Vkc1T1ZXRXphRlpaVjNSMlpWWldjbHBJV214U01VWTBXVlZXZDFaVk1IbFBWRkpYVFdwV2NsWnNWVEZrUm5BMlZHMXdUbEpHV2xKV01qRXdZVEZSZDAxV2FGaGhNVnBvVld0a05GTXhXa1ZUYlhCUlZWUXdPUT09', NULL, NULL, 0, 1, '2019-10-24 10:16:19', '2019-11-10 08:32:12', NULL, 'Dina Company', '01234567890', 0, 'Vmtaa2QxRnRWa1pQVmxaVFYwZG9UMVZyV25OT1JsSlhWV3hhVGxKVVJrWlhhazVYWVRGYWNrNVdRbHBOYWtaVVdWUkdSbVZXVG5OWGF6bFRZbGhvYUZZeFl6RldNV1JIVTI1V1UySnRVbFpaYlhoaFRrWmFjVk50ZEd4V2F6VjVXVEJrYzFVeFNrZFRibHBXWVdzMWRsWkVRWGRsVm5CSFZXMTRWMUl6YUVsWGExWlhXVmRXV0ZacldsWmhhMXBoVm14a2VtUXhXWGhWYkZwUlZWUXdPUT09', NULL, NULL, 0),
(90, NULL, 4, 'shimoo128@gmail.com', '$2y$10$GMQgmYCTiAwXyFTxyUc6WeSeJuUDiZbSo/Prx/pL3iZHhPM8VeJiC', 'Vmtaa2QxRnRWa1pQVmxaVFYwZG9UMVZyVlhoT1ZsSllZMFUxYkZKVVJsWlZNV2hYV1ZaS1JtTkdUbFZXUlRWMldXeFZNVk5HVWxsaFIyaFhWbGhDVTFZeWNFTk9SVEZYVm10YWFsSllVbE5XYWtaaFYyeHJlR0ZGWkdoTlZrb3hWVzEwUzFVd01YVmFNMmhXVmpOU2FGWnNXa1prTVhCSVRsZHdVMkV3Y0VSV1IzUnFUVmRKZVZWc2FHbFRSMmhXVlcwMVExSnNXblJPVmtwUlZWUXdPUT09', NULL, NULL, 0, 1, '2019-10-27 22:31:12', '2019-10-27 22:31:12', NULL, 'shimoo', '01021982189', 0, NULL, NULL, NULL, 0),
(91, NULL, 1, 'shimoo@gmail.com', '$2y$10$Oa4yfKNcbESrJuh/VpZkPuyvAninMD/MuueztAg5B.EDPGucNuaKy', 'Vmtaa2QxRnRWa1pQVmxaVFYwZG9UMVZyVlhoT1ZsSllZMFpLYkZaVVJrWldNV2hYWVVaT1IyTkdRbFZOVjFKTVdUQmFUMk5zVG5OV2JFSlhWMGRvVWxZeWNFSk9WMVp6Vld4YVYyRXlhRlpaYTFVeFdWWnJlRlZ0UmxSTlYxSldXV3RvZDJGdFNrWmpSazVYVm5wR1NGWnRjM2hrVmxKelZHeGFUbEpyY0ZCV2FrWnJUa1V3ZVZScmFGQldXR2hYVld4b1UxWldXa1ZSYTFwUlZWUXdPUT09', NULL, NULL, 0, 0, '2019-10-27 22:42:06', '2019-10-27 22:42:06', NULL, 'sh', '01239897867', 0, NULL, NULL, NULL, 0),
(92, NULL, 5, 'mohamed.k@gmail.com', '$2y$10$MuqTktpLUJBL.bWPy3DT1.E1jFEI8BxAEZYJ9xecZQT7w0/gTHB52', 'Vmtaa2QxRnRWa1pQVmxaVFYwZG9UMVZyVlhoT1ZsSllZMFpLVGxKVVJsWldSbWhYVlcxS1ZXSkZVbFppVkZab1dWUkdkMVpyTlZoTlYzaHBZbGhvTkZaclZsZFdNa3BIV2toU1lWSlViRk5XTUZVeFZGWmFWbFZ0T1ZKaVJYQklWakowZDJGR1drZFRhM1JhVm5wR2VWUnJWWGhPYkhCSldrVTFhRTB5VVRGV1JFWnZVakF4V0ZSdVRsZGliRXBVV1Zod1IyTldjRmRWYlRWUlZWUXdPUT09', NULL, NULL, 0, 1, '2019-10-27 22:44:13', '2019-10-27 22:44:13', NULL, 'admin', '010219522160', 0, NULL, NULL, NULL, 0),
(93, NULL, 3, 'mohamed.khair@gmail.com', '$2y$10$oyd1EacGL.5rD.5c.hsrZ.Na4U8AYXoIiTMFYoGMEw1XgI2oV2R3.', 'Vmtaa2QxRnRWa1pQVmxaVFYwZG9UMVZyVlhoT1ZsSllZMFpLVDFKVVJuaFdNV2hYWWtkRmVGWllaRlpXUlhBeldUQlZkMlZHWkhWaFIzaFhUVzVvVEZaR1pIZFNNbFp5VDFaYWExSnJOVkJXYkdSVFZHeHNXRTVWZEd0aVIzZ3hWVzEwTUZkSFNsVlNhemxZVmtWYWNWUnNWVEZXVm10NllVVTFVMkpGY0RSV1ZFSmhZakZzVjJORldsaGlSM2h4VkZWa00wMXNWbkZUYkhCUlZWUXdPUT09', NULL, NULL, 0, 1, '2019-10-27 22:48:26', '2019-10-27 22:48:26', NULL, 'fdf', '01021983748', 0, NULL, NULL, NULL, 0),
(94, NULL, 1, 'shimoo1281@gmail.com', '$2y$10$g.8YlKoeyL8u6C5NbW4D7.GlJBhFuSJJoWP4dF8rBa6E7Q0zVD9Z6', 'Vmtaa2QxRnRWa1pQVmxaVFYwZG9UMVZyVlhoT1ZsSlpZMFZLVGxaVVJuaFdNV2hYVmpBeGNWWnNXbFpsYTBwNlZtdFZkMlZXVG5GUmJVWk9ZbTFvTmxZeFVrOVJNVXB6Vkd0b2FGSkdTbkJXYkZKeVpXeGFSVlJ1WkZoaVJUVjVWVzEwUzJGc1NsWlhibkJYVm0xU1NGWXdWWGhrUm5CRlVXMTBUbFpXYkROWFZFWlRVekpSZVZKc1drOVdiRnBUV1d4b2IyUldWbkZTYXpWUlZWUXdPUT09', NULL, NULL, 0, 1, '2019-10-27 23:05:26', '2019-10-27 23:05:26', NULL, 'shi', '01234567891', 0, NULL, NULL, NULL, 0),
(95, NULL, 1, 'mohamed.khairy@prindustry.nl', '$2y$10$1GBT6YDyvFUFK7ScYGf5EeuHN.5DEM1Yg1iAmB8tpYn3RybErs8wq', 'Vmtaa2QxRnRWa1pQVmxaVFYwZG9UMVZyV2tkT1ZsSllZMFpLVDFKVVJsWlZWbWhYWVRGYVZtSkVUbGRoYTBwNVZGVmFUMU5HWkhKYVJtaFhVbFp3VDFaclZtRmhNREZ5VGxac2FGTkdjR0ZXYTJSNlpWWmtkRTVWZEdoV1ZGSTFWbGMxUjFkSFJuTmlSRlpYVFVaYWVsWlZWVFZYUjFKSlVXeFdUbUZ0ZURCV2JHTjRZVEZGZUdFemFHcFNWRVpWVmpCa2IxTnNXbkpYYkhCUlZWUXdPUT09', NULL, NULL, 0, 1, '2019-10-28 09:00:48', '2019-10-28 22:48:10', NULL, 'charizma', '01021952160', 0, NULL, NULL, NULL, 0),
(96, 1, 2, 'charisma@gmail.com', '$2y$10$B7UYnuz.f0QrdKoOcbParujUXQKbO5lCz4Udzjk9W6nseboSmIRs.', 'Vmtaa2QxRnRWa1pQVmxaVFYwZG9UMVZyV2tkT1ZsSllZMFUxVG1GNlZsWldiR2hYVmxaYVNHVklVbUZXYkVwUFZGVmFVMk14YkRaUmJGSk9Za1p3VUZaSGNFOWtNVWwzVFZaV1dHSnNXbkpWYWtFeFZXeFNWVlJ1WkdwTlZrWXpWbTF6TldKSFNuUmhTRVpZWWtkb2VsbHRNVTlqYkVweVkwWktWMVl6YUZwV2JGSkRVakZHZEZScmJGZFdSa3B5VkZaV1MxRXhiRmhPVmtwUlZWUXdPUT09', NULL, NULL, 0, 1, '2019-10-28 22:36:31', '2019-10-28 22:36:55', NULL, 'charizma', '01021982189', 0, 'Vmtaa2QxRnRWa1pQVmxaVFYwZG9UMVZyV2tkT1ZsSllZMFUxVG1GNlZsWldiR2hYVkd4YVZrNVhhRlZXVmxwTFZGVmFkbVZXWkhGUmJYUk9UVlZ3U1ZkclVrcE5WbEpJVW10c1ZGWkdXbFJVVjNCSFV6RnJlV05IZEdoTlZWcFlWMjV3VTJGc1NuTmpTRTVhVmpOU01scFdaRTVsVmxwelZXeGFWMVpIYzNoV1JtaDNWbXN4ZEZadVZsVmhiSEJ3Vld0V1NtVldVbGRYYkVwUlZWUXdPUT09', '8885', '2019-10-28 22:36:53', 1),
(97, 2, 2, 'dina.amr.orchtech@gmail.com', '$2y$10$Vz6qS1wjNdeSEXzkuwBVm.JHeOfJIsMswpfbc4Hil7NOLW2xdlX7u', 'Vmtaa2QxRnRWa1pQVmxaVFYwZG9UMVZyV25OT1JsSldWV3MxYkZKVVZsWldNV2hYVkdzeGNXSkZUbHBXUld0NFZUSjRkMUl4VW5WVWJGSlRUVWM0ZDFkVVFtdFZNREZYVm01V2FWSXpVbUZaV0hCelYwWmFjMXBJU2s1U2JIQkpXVlZhYzJGR1pFWlhha1pZWWxoT05GWkVTazlTYkZwMVZteE9UazFXY0doV01uaHZWVEZTUjFOc1pHaFRSVXB6V1ZkNFMyUldXWGRYYlRWUlZWUXdPUT09', NULL, NULL, 0, 1, '2019-10-30 10:31:14', '2019-10-30 11:47:23', NULL, 'NewCompany', '01199726347', 0, 'Vmtaa2QxRnRWa1pQVmxaVFYwZG9UMVZyV25OT1JsSldWV3MxYkZKVVZsWldNV2hYVkdzd2VGTnFUbGRXUlRWNlZXMTRSMk14Um5WVGJHaFhWak5vZVZacVFsZGhNRFZ6Vlc1U1ZtSkZXbEZXYTFaV1pXeFdObEZyZEdwU2EydzFWVEo0VTFkR1duSk5WRTVhVmpOU2NsUldXa3RYVmxKMVVtczFVMkpGVmpWV1IzaHJUa2RSZVZOWVpGVldSVnBvVlRCa2FtVldiSEphUjNCUlZWUXdPUT09', NULL, NULL, 1),
(98, NULL, 2, 'mido@midoo0.com', '$2y$10$MIbKBNvoOAoS1tAu7Cta4OegcGGFw1ZoWqLwLvUTdaDt6aFjAhze6', 'Vmtaa2QxRnRWa1pQVmxaVFYwZG9UMVpyV2tkTk1WRjRWV3hLYkZaVVJrWlpWRTVYVmxaT1NFOVVWbHBpV0VKTVdURmFjMVl4VG5OU2F6bFhWakpvU2xaR1ZtRmlNa2w1VlZod1ZXRXpRbFZVVlZaaFZteHdSbUZHVG1oTlYzUTJWbTF6ZUZkR1NYaGpSRVphWVRKU1NGbHRlSGRrUmxKMVlrZDRhV0pJUW5aV1ZtUXdVekZHYzFadVVtbFNWRVpoVm14V1lXUnNWWGxsUlRWUlZWUXdPUT09', NULL, NULL, 0, 1, '2019-11-07 09:41:44', '2019-11-07 09:42:09', NULL, 'mizoo', '01021952160', 0, 'Vmtaa2QxRnRWa1pQVmxaVFYwZG9UMVpyV2tkTk1WRjRWV3hLYkZaVVJrWlpWRTVYVlRGSmQxZHNRbFpYU0VKSVZWY3hSMUl4WkhKalIzQk9WbXh3VUZkc1l6RlpWazVYVTJ4b1dHSllRbWhaVjNSTFkxWmtjbGRzWkU1TlJHeEhWbXhvZDJFd01IZGpSVGxXWVdzMVdGbFhjelZYVmxwMFpVWk9WMkY2VmxOV2JYUlRVMnMxVjFwR1ZsVldSa3BvVm14Vk1WWnNXbFphU0hCUlZWUXdPUT09', '1896', '2019-11-07 09:42:06', 1);
INSERT INTO `users` (`id`, `sectorId`, `roleId`, `email`, `password`, `token`, `resetPasswordCode`, `resetPasswordCodeCreationdate`, `isEmailVerified`, `isActive`, `created_at`, `updated_at`, `deleted_at`, `name`, `telephone`, `isDeleted`, `step2token`, `step2code`, `codeCreationDate`, `checkStep2Token`) VALUES
(99, 2, 2, 'abdalmoneem.abdalraheem1@orchtech.com', '$2y$10$XkAqzz91c8FTFAEEitu60O6jP/pMMLAqSfD//I5qKgJOpbwDmFx3u', 'Vmtaa2QxRnRWa1pQVmxaVFYwZG9UMVpyWkU5Tk1WRjNWV3RhYTAxRVJuaFZNV2hYVmtVd2VGZHVhRmRTYlZKeVdXdFZNVmRHVG5SaVIzQnBVMFZHTkZaV2FIZFJNV1JZVkd0a2FWSjZSbkJWTUZwV1RWWldjMVZ0ZEd4aVJuQXhWbGQ0YzFWc1duTlhhMDVhVm5wV2RsZFdXblprTVU1eVlVVTVWMDFxWjNkWGJGcHFaREExVmsxVlZsTmlSWEJVVkZWa1UxTnNjRWhsUlhCUlZWUXdPUT09', NULL, NULL, 0, 1, '2019-11-10 08:10:22', '2019-11-10 08:10:22', NULL, 'TestReg', '01222568876', 0, NULL, NULL, NULL, 0);

-- --------------------------------------------------------

--
-- Table structure for table `user_settings`
--

CREATE TABLE `user_settings` (
  `id` int(10) UNSIGNED NOT NULL,
  `userId` int(10) UNSIGNED NOT NULL,
  `isTwofactorAUthenticationEnabled` tinyint(1) NOT NULL DEFAULT '1',
  `created_at` timestamp NULL DEFAULT NULL,
  `updated_at` timestamp NULL DEFAULT NULL
) ENGINE=InnoDB DEFAULT CHARSET=utf8mb4 COLLATE=utf8mb4_unicode_ci;

--
-- Dumping data for table `user_settings`
--

INSERT INTO `user_settings` (`id`, `userId`, `isTwofactorAUthenticationEnabled`, `created_at`, `updated_at`) VALUES
(1, 1, 0, NULL, '2019-10-02 21:53:28'),
(2, 86, 0, '2019-10-02 22:00:27', '2019-10-02 22:00:27'),
(3, 15, 0, '2019-10-02 22:00:27', '2019-10-21 00:08:26'),
(4, 17, 0, '2019-10-17 01:42:08', '2019-10-22 21:58:40'),
(5, 87, 0, '2019-10-17 11:26:50', '2019-10-17 11:26:50'),
(6, 88, 1, '2019-10-17 11:54:13', '2019-10-24 16:26:15'),
(7, 9, 0, '2019-10-17 11:54:13', '2019-10-17 11:54:13'),
(8, 10, 0, '2019-10-20 23:50:08', '2019-10-20 23:50:08'),
(9, 11, 0, '2019-10-20 23:50:08', '2019-10-20 23:50:08'),
(10, 12, 0, '2019-10-20 23:50:08', '2019-10-20 23:50:08'),
(11, 13, 0, '2019-10-20 23:50:08', '2019-10-20 23:50:08'),
(12, 14, 0, '2019-10-20 23:50:08', '2019-10-20 23:50:08'),
(13, 16, 0, '2019-10-20 23:50:08', '2019-10-20 23:50:08'),
(14, 18, 0, '2019-10-20 23:50:08', '2019-10-20 23:50:08'),
(15, 19, 0, '2019-10-20 23:50:08', '2019-10-20 23:50:08'),
(16, 20, 0, '2019-10-20 23:50:08', '2019-10-20 23:50:08'),
(17, 25, 0, '2019-10-20 23:50:08', '2019-10-20 23:50:08'),
(18, 26, 0, '2019-10-20 23:50:08', '2019-10-20 23:50:08'),
(19, 27, 0, '2019-10-20 23:50:08', '2019-10-20 23:50:08'),
(20, 28, 0, '2019-10-20 23:50:08', '2019-10-20 23:50:08'),
(21, 29, 0, '2019-10-20 23:50:08', '2019-10-20 23:50:08'),
(22, 30, 0, '2019-10-20 23:50:08', '2019-10-20 23:50:08'),
(23, 31, 0, '2019-10-20 23:50:08', '2019-10-20 23:50:08'),
(24, 32, 0, '2019-10-20 23:50:08', '2019-10-20 23:50:08'),
(25, 33, 0, '2019-10-20 23:50:08', '2019-10-20 23:50:08'),
(26, 34, 0, '2019-10-20 23:50:08', '2019-10-20 23:50:08'),
(27, 35, 0, '2019-10-20 23:50:08', '2019-10-20 23:50:08'),
(28, 36, 0, '2019-10-20 23:50:08', '2019-10-20 23:50:08'),
(29, 37, 0, '2019-10-20 23:50:08', '2019-10-20 23:50:08'),
(30, 38, 0, '2019-10-20 23:50:08', '2019-10-20 23:50:08'),
(31, 39, 0, '2019-10-20 23:50:08', '2019-10-20 23:50:08'),
(32, 40, 0, '2019-10-20 23:50:08', '2019-10-20 23:50:08'),
(33, 41, 0, '2019-10-20 23:50:08', '2019-10-20 23:50:08'),
(34, 42, 0, '2019-10-20 23:50:08', '2019-10-20 23:50:08'),
(35, 43, 0, '2019-10-20 23:50:08', '2019-10-20 23:50:08'),
(36, 44, 0, '2019-10-20 23:50:08', '2019-10-20 23:50:08'),
(37, 45, 0, '2019-10-20 23:50:08', '2019-10-20 23:50:08'),
(38, 46, 0, '2019-10-20 23:50:08', '2019-10-20 23:50:08'),
(39, 47, 0, '2019-10-20 23:50:08', '2019-10-20 23:50:08'),
(40, 48, 0, '2019-10-20 23:50:08', '2019-10-20 23:50:08'),
(41, 49, 0, '2019-10-20 23:50:08', '2019-10-20 23:50:08'),
(42, 50, 0, '2019-10-20 23:50:08', '2019-10-20 23:50:08'),
(43, 51, 0, '2019-10-20 23:50:08', '2019-10-20 23:50:08'),
(44, 52, 0, '2019-10-20 23:50:08', '2019-10-20 23:50:08'),
(45, 53, 0, '2019-10-20 23:50:08', '2019-10-20 23:50:08'),
(46, 54, 0, '2019-10-20 23:50:08', '2019-10-20 23:50:08'),
(47, 55, 0, '2019-10-20 23:50:08', '2019-10-20 23:50:08'),
(48, 56, 0, '2019-10-20 23:50:08', '2019-10-20 23:50:08'),
(49, 57, 0, '2019-10-20 23:50:08', '2019-10-20 23:50:08'),
(50, 58, 0, '2019-10-20 23:50:08', '2019-10-20 23:50:08'),
(51, 59, 0, '2019-10-20 23:50:08', '2019-10-20 23:50:08'),
(52, 60, 0, '2019-10-20 23:50:08', '2019-10-20 23:50:08'),
(53, 61, 0, '2019-10-20 23:50:08', '2019-10-20 23:50:08'),
(54, 62, 0, '2019-10-20 23:50:08', '2019-10-20 23:50:08'),
(55, 63, 0, '2019-10-20 23:50:08', '2019-10-20 23:50:08'),
(56, 64, 0, '2019-10-20 23:50:08', '2019-10-20 23:50:08'),
(57, 65, 0, '2019-10-20 23:50:08', '2019-10-20 23:50:08'),
(58, 66, 0, '2019-10-20 23:50:08', '2019-10-20 23:50:08'),
(59, 67, 0, '2019-10-20 23:50:08', '2019-10-20 23:50:08'),
(60, 68, 0, '2019-10-20 23:50:08', '2019-10-20 23:50:08'),
(61, 69, 0, '2019-10-20 23:50:08', '2019-10-20 23:50:08'),
(62, 70, 0, '2019-10-20 23:50:08', '2019-10-20 23:50:08'),
(63, 71, 0, '2019-10-20 23:50:08', '2019-10-20 23:50:08'),
(64, 72, 0, '2019-10-20 23:50:08', '2019-10-20 23:50:08'),
(65, 73, 0, '2019-10-20 23:50:08', '2019-10-20 23:50:08'),
(66, 74, 0, '2019-10-20 23:50:08', '2019-10-20 23:50:08'),
(67, 75, 0, '2019-10-20 23:50:08', '2019-10-20 23:50:08'),
(68, 76, 0, '2019-10-20 23:50:08', '2019-10-20 23:50:08'),
(69, 77, 0, '2019-10-20 23:50:08', '2019-10-20 23:50:08'),
(70, 78, 0, '2019-10-20 23:50:08', '2019-10-20 23:50:08'),
(71, 79, 0, '2019-10-20 23:50:08', '2019-10-20 23:50:08'),
(72, 80, 0, '2019-10-20 23:50:08', '2019-10-20 23:50:08'),
(73, 81, 0, '2019-10-20 23:50:08', '2019-10-20 23:50:08'),
(74, 82, 0, '2019-10-20 23:50:08', '2019-10-20 23:50:08'),
(75, 83, 0, '2019-10-20 23:50:08', '2019-10-20 23:50:08'),
(76, 84, 0, '2019-10-20 23:50:08', '2019-10-20 23:50:08'),
(77, 85, 0, '2019-10-20 23:50:08', '2019-10-20 23:50:08'),
(78, 89, 0, '2019-10-24 10:16:19', '2019-10-30 11:54:29'),
(79, 96, 1, '2019-10-28 22:36:31', '2019-10-28 22:36:31'),
(80, 95, 1, '2019-10-28 22:48:10', '2019-10-28 22:48:10'),
(81, 97, 1, '2019-10-30 10:31:14', '2019-10-30 10:31:14'),
(82, 98, 1, '2019-11-07 09:41:44', '2019-11-07 09:41:44'),
(83, 99, 1, '2019-11-10 08:10:22', '2019-11-10 08:10:22');

--
-- Indexes for dumped tables
--

--
-- Indexes for table `actions`
--
ALTER TABLE `actions`
  ADD PRIMARY KEY (`id`);

--
-- Indexes for table `applicants`
--
ALTER TABLE `applicants`
  ADD PRIMARY KEY (`id`),
  ADD KEY `applicants_sectorid_foreign` (`sectorId`),
  ADD KEY `applicants_userid_foreign` (`userId`);

--
-- Indexes for table `assessments`
--
ALTER TABLE `assessments`
  ADD PRIMARY KEY (`id`),
  ADD KEY `assessments_applicantid_index` (`applicantId`),
  ADD KEY `assessments_chamberid_index` (`chamberId`);

--
-- Indexes for table `assessment_methods`
--
ALTER TABLE `assessment_methods`
  ADD PRIMARY KEY (`id`);

--
-- Indexes for table `attachments`
--
ALTER TABLE `attachments`
  ADD PRIMARY KEY (`id`);

--
-- Indexes for table `certificatecopyrequest`
--
ALTER TABLE `certificatecopyrequest`
  ADD PRIMARY KEY (`id`),
  ADD KEY `certificateId` (`certificateId`),
  ADD KEY `applicantId` (`applicantId`);

--
-- Indexes for table `certificateminimumpercentage`
--
ALTER TABLE `certificateminimumpercentage`
  ADD PRIMARY KEY (`id`);

--
-- Indexes for table `certificates`
--
ALTER TABLE `certificates`
  ADD PRIMARY KEY (`id`);

--
-- Indexes for table `certificate_types`
--
ALTER TABLE `certificate_types`
  ADD PRIMARY KEY (`id`);

--
-- Indexes for table `chambers`
--
ALTER TABLE `chambers`
  ADD PRIMARY KEY (`id`),
  ADD KEY `chambers_assessmentmethod_index` (`assessmentMethod`);

--
-- Indexes for table `cities`
--
ALTER TABLE `cities`
  ADD PRIMARY KEY (`id`);

--
-- Indexes for table `components`
--
ALTER TABLE `components`
  ADD PRIMARY KEY (`id`),
  ADD KEY `components_assessmentid_index` (`assessmentId`);

--
-- Indexes for table `employees`
--
ALTER TABLE `employees`
  ADD PRIMARY KEY (`id`),
  ADD KEY `employees_chamberid_foreign` (`chamberId`),
  ADD KEY `employees_userid_foreign` (`userId`);

--
-- Indexes for table `employee_sectors`
--
ALTER TABLE `employee_sectors`
  ADD PRIMARY KEY (`id`),
  ADD KEY `employee_sectors_employeeid_foreign` (`employeeId`);

--
-- Indexes for table `governorates`
--
ALTER TABLE `governorates`
  ADD PRIMARY KEY (`id`);

--
-- Indexes for table `log`
--
ALTER TABLE `log`
  ADD PRIMARY KEY (`id`);

--
-- Indexes for table `migrations`
--
ALTER TABLE `migrations`
  ADD PRIMARY KEY (`id`);

--
-- Indexes for table `old_certificates`
--
ALTER TABLE `old_certificates`
  ADD PRIMARY KEY (`id`);

--
-- Indexes for table `representative_types`
--
ALTER TABLE `representative_types`
  ADD PRIMARY KEY (`id`);

--
-- Indexes for table `requests`
--
ALTER TABLE `requests`
  ADD PRIMARY KEY (`id`);

--
-- Indexes for table `requeststatus`
--
ALTER TABLE `requeststatus`
  ADD PRIMARY KEY (`id`);

--
-- Indexes for table `request_actions`
--
ALTER TABLE `request_actions`
  ADD PRIMARY KEY (`id`);

--
-- Indexes for table `roles`
--
ALTER TABLE `roles`
  ADD PRIMARY KEY (`id`);

--
-- Indexes for table `sections`
--
ALTER TABLE `sections`
  ADD PRIMARY KEY (`id`),
  ADD KEY `sections_chamberid_foreign` (`chamberId`);

--
-- Indexes for table `sectors`
--
ALTER TABLE `sectors`
  ADD PRIMARY KEY (`id`);

--
-- Indexes for table `settings`
--
ALTER TABLE `settings`
  ADD PRIMARY KEY (`id`);

--
-- Indexes for table `tender_winners`
--
ALTER TABLE `tender_winners`
  ADD PRIMARY KEY (`id`);

--
-- Indexes for table `trusted_devices`
--
ALTER TABLE `trusted_devices`
  ADD PRIMARY KEY (`id`),
  ADD KEY `trusted_devices_userid_foreign` (`userId`);

--
-- Indexes for table `units`
--
ALTER TABLE `units`
  ADD PRIMARY KEY (`id`);

--
-- Indexes for table `users`
--
ALTER TABLE `users`
  ADD PRIMARY KEY (`id`),
  ADD KEY `users_sectorid_foreign` (`sectorId`),
  ADD KEY `users_roleid_foreign` (`roleId`),
  ADD KEY `sectorId` (`sectorId`);

--
-- Indexes for table `user_settings`
--
ALTER TABLE `user_settings`
  ADD PRIMARY KEY (`id`),
  ADD KEY `user_settings_user_id_foreign` (`userId`);

--
-- AUTO_INCREMENT for dumped tables
--

--
-- AUTO_INCREMENT for table `actions`
--
ALTER TABLE `actions`
  MODIFY `id` bigint(20) UNSIGNED NOT NULL AUTO_INCREMENT, AUTO_INCREMENT=18;

--
-- AUTO_INCREMENT for table `applicants`
--
ALTER TABLE `applicants`
  MODIFY `id` int(10) UNSIGNED NOT NULL AUTO_INCREMENT, AUTO_INCREMENT=49;

--
-- AUTO_INCREMENT for table `assessments`
--
ALTER TABLE `assessments`
  MODIFY `id` bigint(20) UNSIGNED NOT NULL AUTO_INCREMENT, AUTO_INCREMENT=180;

--
-- AUTO_INCREMENT for table `assessment_methods`
--
ALTER TABLE `assessment_methods`
  MODIFY `id` int(10) UNSIGNED NOT NULL AUTO_INCREMENT, AUTO_INCREMENT=3;

--
-- AUTO_INCREMENT for table `attachments`
--
ALTER TABLE `attachments`
  MODIFY `id` bigint(20) UNSIGNED NOT NULL AUTO_INCREMENT, AUTO_INCREMENT=429;

--
-- AUTO_INCREMENT for table `certificatecopyrequest`
--
ALTER TABLE `certificatecopyrequest`
  MODIFY `id` bigint(20) UNSIGNED NOT NULL AUTO_INCREMENT, AUTO_INCREMENT=74;

--
-- AUTO_INCREMENT for table `certificateminimumpercentage`
--
ALTER TABLE `certificateminimumpercentage`
  MODIFY `id` bigint(20) UNSIGNED NOT NULL AUTO_INCREMENT, AUTO_INCREMENT=17;

--
-- AUTO_INCREMENT for table `certificates`
--
ALTER TABLE `certificates`
  MODIFY `id` bigint(20) UNSIGNED NOT NULL AUTO_INCREMENT, AUTO_INCREMENT=199;

--
-- AUTO_INCREMENT for table `certificate_types`
--
ALTER TABLE `certificate_types`
  MODIFY `id` bigint(20) UNSIGNED NOT NULL AUTO_INCREMENT, AUTO_INCREMENT=3;

--
-- AUTO_INCREMENT for table `chambers`
--
ALTER TABLE `chambers`
  MODIFY `id` int(10) UNSIGNED NOT NULL AUTO_INCREMENT, AUTO_INCREMENT=16;

--
-- AUTO_INCREMENT for table `cities`
--
ALTER TABLE `cities`
  MODIFY `id` int(11) NOT NULL AUTO_INCREMENT, AUTO_INCREMENT=251;

--
-- AUTO_INCREMENT for table `components`
--
ALTER TABLE `components`
  MODIFY `id` bigint(20) UNSIGNED NOT NULL AUTO_INCREMENT, AUTO_INCREMENT=99;

--
-- AUTO_INCREMENT for table `employees`
--
ALTER TABLE `employees`
  MODIFY `id` int(10) UNSIGNED NOT NULL AUTO_INCREMENT, AUTO_INCREMENT=46;

--
-- AUTO_INCREMENT for table `employee_sectors`
--
ALTER TABLE `employee_sectors`
  MODIFY `id` int(10) UNSIGNED NOT NULL AUTO_INCREMENT, AUTO_INCREMENT=43;

--
-- AUTO_INCREMENT for table `governorates`
--
ALTER TABLE `governorates`
  MODIFY `id` int(11) NOT NULL AUTO_INCREMENT, AUTO_INCREMENT=28;

--
-- AUTO_INCREMENT for table `log`
--
ALTER TABLE `log`
  MODIFY `id` bigint(20) UNSIGNED NOT NULL AUTO_INCREMENT, AUTO_INCREMENT=5370;

--
-- AUTO_INCREMENT for table `migrations`
--
ALTER TABLE `migrations`
  MODIFY `id` int(10) UNSIGNED NOT NULL AUTO_INCREMENT, AUTO_INCREMENT=7;

--
-- AUTO_INCREMENT for table `representative_types`
--
ALTER TABLE `representative_types`
  MODIFY `id` int(11) NOT NULL AUTO_INCREMENT, AUTO_INCREMENT=4;

--
-- AUTO_INCREMENT for table `requests`
--
ALTER TABLE `requests`
  MODIFY `id` bigint(20) UNSIGNED NOT NULL AUTO_INCREMENT, AUTO_INCREMENT=148;

--
-- AUTO_INCREMENT for table `request_actions`
--
ALTER TABLE `request_actions`
  MODIFY `id` bigint(20) UNSIGNED NOT NULL AUTO_INCREMENT, AUTO_INCREMENT=831;

--
-- AUTO_INCREMENT for table `roles`
--
ALTER TABLE `roles`
  MODIFY `id` int(10) UNSIGNED NOT NULL AUTO_INCREMENT, AUTO_INCREMENT=9;

--
-- AUTO_INCREMENT for table `sections`
--
ALTER TABLE `sections`
  MODIFY `id` int(10) UNSIGNED NOT NULL AUTO_INCREMENT, AUTO_INCREMENT=8;

--
-- AUTO_INCREMENT for table `sectors`
--
ALTER TABLE `sectors`
  MODIFY `id` int(10) UNSIGNED NOT NULL AUTO_INCREMENT, AUTO_INCREMENT=13;

--
-- AUTO_INCREMENT for table `settings`
--
ALTER TABLE `settings`
  MODIFY `id` bigint(20) UNSIGNED NOT NULL AUTO_INCREMENT, AUTO_INCREMENT=2;

--
-- AUTO_INCREMENT for table `tender_winners`
--
ALTER TABLE `tender_winners`
  MODIFY `id` bigint(20) UNSIGNED NOT NULL AUTO_INCREMENT, AUTO_INCREMENT=5;

--
-- AUTO_INCREMENT for table `trusted_devices`
--
ALTER TABLE `trusted_devices`
  MODIFY `id` int(10) UNSIGNED NOT NULL AUTO_INCREMENT, AUTO_INCREMENT=8;

--
-- AUTO_INCREMENT for table `units`
--
ALTER TABLE `units`
  MODIFY `id` int(10) UNSIGNED NOT NULL AUTO_INCREMENT, AUTO_INCREMENT=3;

--
-- AUTO_INCREMENT for table `users`
--
ALTER TABLE `users`
  MODIFY `id` int(10) UNSIGNED NOT NULL AUTO_INCREMENT, AUTO_INCREMENT=100;

--
-- AUTO_INCREMENT for table `user_settings`
--
ALTER TABLE `user_settings`
  MODIFY `id` int(10) UNSIGNED NOT NULL AUTO_INCREMENT, AUTO_INCREMENT=84;

--
-- Constraints for dumped tables
--

--
-- Constraints for table `applicants`
--
ALTER TABLE `applicants`
  ADD CONSTRAINT `applicants_sectorid_foreign` FOREIGN KEY (`sectorId`) REFERENCES `sectors` (`id`),
  ADD CONSTRAINT `applicants_userid_foreign` FOREIGN KEY (`userId`) REFERENCES `users` (`id`);

--
-- Constraints for table `certificatecopyrequest`
--
ALTER TABLE `certificatecopyrequest`
  ADD CONSTRAINT `certificateCopyRequest_ibfk_1` FOREIGN KEY (`certificateId`) REFERENCES `certificates` (`id`),
  ADD CONSTRAINT `certificateCopyRequest_ibfk_2` FOREIGN KEY (`applicantId`) REFERENCES `applicants` (`id`);

--
-- Constraints for table `chambers`
--
ALTER TABLE `chambers`
  ADD CONSTRAINT `chambers_assessmentmethod_foreign` FOREIGN KEY (`assessmentMethod`) REFERENCES `assessment_methods` (`id`);

--
-- Constraints for table `employees`
--
ALTER TABLE `employees`
  ADD CONSTRAINT `employees_chamberid_foreign` FOREIGN KEY (`chamberId`) REFERENCES `chambers` (`id`),
  ADD CONSTRAINT `employees_userid_foreign` FOREIGN KEY (`userId`) REFERENCES `users` (`id`);

--
-- Constraints for table `employee_sectors`
--
ALTER TABLE `employee_sectors`
  ADD CONSTRAINT `employee_sectors_employeeid_foreign` FOREIGN KEY (`employeeId`) REFERENCES `employees` (`id`);

--
-- Constraints for table `sections`
--
ALTER TABLE `sections`
  ADD CONSTRAINT `sections_chamberid_foreign` FOREIGN KEY (`chamberId`) REFERENCES `chambers` (`id`);

--
-- Constraints for table `trusted_devices`
--
ALTER TABLE `trusted_devices`
  ADD CONSTRAINT `trusted_devices_userid_foreign` FOREIGN KEY (`userId`) REFERENCES `users` (`id`);

--
-- Constraints for table `users`
--
ALTER TABLE `users`
  ADD CONSTRAINT `users_roleid_foreign` FOREIGN KEY (`roleId`) REFERENCES `roles` (`id`),
  ADD CONSTRAINT `users_sectorid_foreign` FOREIGN KEY (`sectorId`) REFERENCES `sectors` (`id`);

--
-- Constraints for table `user_settings`
--
ALTER TABLE `user_settings`
  ADD CONSTRAINT `user_settings_user_id_foreign` FOREIGN KEY (`userId`) REFERENCES `users` (`id`);

DELIMITER $$
--
-- Events
--
CREATE DEFINER=`root`@`localhost` EVENT `auto_close_review` ON SCHEDULE EVERY 2 MINUTE STARTS '2019-10-12 16:45:00' ON COMPLETION NOT PRESERVE ENABLE DO BEGIN
UPDATE `requests` SET `statusId`=3 , `updated_at`=now() WHERE requests.statusId=4 ;

INSERT INTO `request_actions`(`requestId`, `actionId`, `byUserId`, `toUserId`, `isAuto`, `comment`, `created_at`, `updated_at`)
SELECT `id`,"5",null,`employeeId`,"1",null,now() + INTERVAL 2 Hour,now() + INTERVAL 2 Hour
FROM requests WHERE (`updated_at`=now());
END$$

CREATE DEFINER=`root`@`localhost` EVENT `auto_approve` ON SCHEDULE EVERY '0 0:2' DAY_MINUTE STARTS '2019-06-27 14:03:56' ON COMPLETION NOT PRESERVE ENABLE DO BEGIN


UPDATE `requests`,`certificates`,`settings` SET `managerApproveDate`=now() WHERE 
certificates.requestId=(SELECT requests.id FROM requests WHERE requests.statusId=6 and (TIMESTAMPDIFF(MINUTE,requests.updated_at,now())+120 >= settings.automaticIDAApproveDelay) ORDER BY id DESC LIMIT 1);

UPDATE `requests`,`settings` SET `statusId`=7 , `isIDAFeesPaid`=1,`isFEIFeesPaid`=1, `updated_at`=now() WHERE statusId=6 and (TIMESTAMPDIFF(MINUTE,requests.updated_at,now())+120 >= settings.automaticIDAApproveDelay);


UPDATE `requests`,`settings` SET `statusId`=8 , `updated_at`=now()+2 WHERE statusId=11 and (TIMESTAMPDIFF(MINUTE,requests.updated_at,now())+120 >= settings.automaticIDAApproveDelay);


INSERT INTO request_actions (`requestId`, `actionId`, `byUserId`,`toUserId`,`isAuto`,`comment`, `created_at`, `updated_at`)
SELECT `id`, "8", "", "", "1","", NOW(), NOW()
FROM requests where `updated_at` = now();

INSERT INTO request_actions (`requestId`, `actionId`, `byUserId`,`toUserId`,`isAuto`,`comment`, `created_at`, `updated_at`)
SELECT `id`, "13", "", "", "1","", NOW(), NOW()
FROM requests where `updated_at` = now()+2;


END$$

CREATE DEFINER=`root`@`localhost` EVENT `auto_assign` ON SCHEDULE EVERY '0 0:2' DAY_MINUTE STARTS '2019-06-12 14:07:54' ON COMPLETION NOT PRESERVE ENABLE DO BEGIN
UPDATE `requests`,`settings` SET `statusId`=2 ,`employeeId`=(SELECT employeeId FROM employee_sectors WHERE employee_sectors.sectorId=requests.sectorId ORDER BY employee_sectors.id DESC LIMIT 1) , `updated_at`=now() WHERE requests.statusId=1 and (TIMESTAMPDIFF(MINUTE,requests.created_at,now())+120 >= settings.automaticAssignDelay);

INSERT INTO `request_actions`(`requestId`, `actionId`, `byUserId`, `toUserId`, `isAuto`, `comment`, `created_at`, `updated_at`)
SELECT `id`,"2",null,`employeeId`,"1",null,now() + INTERVAL 2 Hour,now() + INTERVAL 2 Hour
FROM requests WHERE (`updated_at`=now());
END$$

DELIMITER ;
COMMIT;

/*!40101 SET CHARACTER_SET_CLIENT=@OLD_CHARACTER_SET_CLIENT */;
/*!40101 SET CHARACTER_SET_RESULTS=@OLD_CHARACTER_SET_RESULTS */;
/*!40101 SET COLLATION_CONNECTION=@OLD_COLLATION_CONNECTION */;
